tarea,modelo,balanceo,optimizador,pliegue,semilla,auc_interno,n_evaluaciones,t_optimizacion,t_por_evaluacion,t_reentreno,t_inferencia,filas_ajuste,convergio,umbral,m_auc_roc,m_auc_pr,m_exactitud,m_precision,m_recall,m_especificidad,m_f1,m_umbral,m_brier,m_ece,m_ece_cuantiles,params,m_rmse,m_mae,m_r2
clasificacion,arbol,adasyn,aleatoria,0,42,0.6459063679355795,20,519.4282490999976,25.971194610000747,21.68746839999949,0.02109990000462858,267583,True,0.17497231450719822,0.6479441320283328,0.13017687308116227,0.6563147839518719,0.12671667628390074,0.552870090634441,0.6653990714127791,0.20617782367852783,0.17497231450719822,0.0868284890876559,0.07450412356781427,0.07575012214906154,"{""max_depth"": 14, ""min_samples_leaf"": 782, ""max_features"": 0.3}",,,
clasificacion,arbol,adasyn,aleatoria,1,42,0.6471214809673752,20,482.92728440000064,24.146267809999337,23.803728999999294,0.04621420000330545,267757,True,0.15252416756176154,0.6500253961012518,0.13211039793990176,0.6084102272265355,0.12030187180378332,0.6100201409869084,0.6082688481096618,0.20097043088790278,0.15252416756176154,0.0857479525041039,0.07306793831747889,0.07454636360125096,"{""max_depth"": 15, ""min_samples_leaf"": 626, ""max_features"": 0.3}",,,
clasificacion,arbol,adasyn,aleatoria,2,42,0.6480261722825206,20,497.16826339999534,24.85831778500069,21.141958500003966,0.04146249999757856,267769,True,0.17359413202933985,0.64824682572391,0.13138191651580752,0.6877362708832975,0.13084899546338302,0.5083081570996979,0.7034932566880389,0.20812287393052262,0.17359413202933985,0.08450159230703597,0.06630684682356633,0.06884297507552335,"{""max_depth"": 15, ""min_samples_leaf"": 626, ""max_features"": 0.3}",,,
clasificacion,arbol,adasyn,aleatoria,3,42,0.6507447688423761,20,492.2019389000052,24.609999400000742,81.45195320001221,0.036978299998736475,267712,True,0.14698162729658792,0.6535472544473634,0.12763119887921826,0.6551696103737729,0.12755102040816327,0.5601711983887211,0.6635123482721262,0.20778856929398581,0.14698162729658792,0.0836205087553611,0.0631185491823197,0.06490142853575395,"{""max_depth"": 17, ""min_samples_leaf"": 284, ""max_features"": 1.0}",,,
clasificacion,arbol,adasyn,aleatoria,4,42,0.6498800223638305,20,477.2823611999993,23.86400950999923,81.80910069999663,0.041652899999462534,267687,True,0.14906832298136646,0.6504622376311824,0.12779153938688617,0.6750472551370907,0.13036790943767687,0.533484390735146,0.6874792721484003,0.2095322851774943,0.14906832298136646,0.08272055770319052,0.05987672142375062,0.06118026724722004,"{""max_depth"": 17, ""min_samples_leaf"": 284, ""max_features"": 1.0}",,,
clasificacion,arbol,adasyn,bayesiana,0,42,0.6518716247790849,20,572.4486831000031,28.53975988499915,24.68901590000314,0.05436570000165375,267583,True,0.15441176470588236,0.6506365000504304,0.13044192348230868,0.6230234543311247,0.12171701442956503,0.5903826787512588,0.6258898960866681,0.2018245976417936,0.15441176470588236,0.08458744032364147,0.07357862116823781,0.07476822954667829,"{""max_depth"": 13, ""min_samples_leaf"": 267, ""max_features"": 0.3}",,,
clasificacion,arbol,adasyn,bayesiana,1,42,0.6485065098845167,20,594.7796060999972,29.65836089500008,74.7105259999953,0.07812679999915417,267757,True,0.1386946386946387,0.6564460453775589,0.12927147098244543,0.5981667411893825,0.12345679012345678,0.6520644511581067,0.5934335617952686,0.2076069095427037,0.1386946386946387,0.08361254914046155,0.06788137619958627,0.07063987365484246,"{""max_depth"": 12, ""min_samples_leaf"": 506, ""max_features"": 1.0}",,,
clasificacion,arbol,adasyn,bayesiana,2,42,0.6485853854806749,20,601.9661201999988,30.01456734000167,76.34189139999944,0.05704350000451086,267769,True,0.16051364365971107,0.6512586808744564,0.13079968470000286,0.6623307995609935,0.1269916204414021,0.5417925478348439,0.6729162060579261,0.205755808394684,0.16051364365971107,0.08405568078536321,0.06894641587597057,0.07079468570924484,"{""max_depth"": 20, ""min_samples_leaf"": 616, ""max_features"": 1.0}",,,
clasificacion,arbol,adasyn,bayesiana,3,42,0.6545823960496098,20,598.807864500006,29.85975672999957,70.1982674000028,0.04585819999920204,267712,True,0.16023007395234182,0.6574422814707486,0.13214749549852436,0.6186459624804374,0.12404046566010879,0.6143001007049346,0.6190276150257578,0.20640358668527684,0.16023007395234182,0.08553275387948371,0.07411845737416926,0.07588657689114059,"{""max_depth"": 13, ""min_samples_leaf"": 875, ""max_features"": 1.0}",,,
clasificacion,arbol,adasyn,bayesiana,4,42,0.6517903465263709,20,573.9897132999977,28.619627524999306,77.10438939999585,0.07351509999716654,267687,True,0.15028901734104047,0.6508296083595805,0.12742290805251588,0.619641877197618,0.12273518272085167,0.6037260825780463,0.621039598487696,0.20399829859634197,0.15028901734104047,0.08525169883030852,0.0685132083601767,0.0703338049570448,"{""max_depth"": 13, ""min_samples_leaf"": 516, ""max_features"": 1.0}",,,
clasificacion,arbol,adasyn,genetica,0,42,0.6505943351420344,20,892.6458974999987,44.63197045999986,72.79912379999587,0.039992800004256424,267583,True,0.16477272727272727,0.6492526198757207,0.1282669158820933,0.649302873866916,0.12466798530658378,0.5553877139979859,0.6575502984744639,0.20362763649790003,0.16477272727272727,0.0840275203405986,0.06747649670158584,0.07015016890181706,"{""max_depth"": 17, ""min_samples_leaf"": 782, ""max_features"": 1.0}",,,
clasificacion,arbol,adasyn,genetica,1,42,0.6474279747682589,20,942.7238025999977,47.13589845499955,64.24538239999674,0.03345870000339346,267757,True,0.1414141414141414,0.6591695789384858,0.1325324717768488,0.6138774846550953,0.12401161044940447,0.6238670694864048,0.6130002210921954,0.20689655172413793,0.1414141414141414,0.08300616001491357,0.0674369421530635,0.06944035369764609,"{""max_depth"": 12, ""min_samples_leaf"": 381, ""max_features"": 1.0}",,,
clasificacion,arbol,adasyn,genetica,2,42,0.6486374388445381,20,879.8201918999985,43.99073389000041,64.34383479999815,0.04564859999663895,267769,True,0.1614100185528757,0.6504331670354876,0.1295762304169894,0.6375960326815983,0.12394855375264557,0.5750251762336355,0.6430908688923281,0.20393767578909772,0.1614100185528757,0.08298857853638117,0.06688051234606236,0.07042020906730735,"{""max_depth"": 10, ""min_samples_leaf"": 68, ""max_features"": 1.0}",,,
clasificacion,arbol,adasyn,genetica,3,42,0.6495715246596885,20,924.0878708000018,46.204109919998885,75.78589779999311,0.03308870000182651,267712,True,0.14863325740318906,0.6511058656032097,0.12697764363020622,0.6269384768602264,0.12550122376711972,0.6067472306143001,0.6287116672931085,0.20798274002157496,0.14863325740318906,0.08208059000000022,0.0668031221659671,0.06641779041998136,"{""max_depth"": 11, ""min_samples_leaf"": 99, ""max_features"": 1.0}",,,
clasificacion,arbol,adasyn,genetica,4,42,0.6519762888100452,20,946.9807987999957,47.348615979999884,75.96661339999991,0.0351133000003756,267687,True,0.1400560224089636,0.650578427711173,0.12762926086590493,0.6173451759110588,0.12321818089585553,0.6115307150050352,0.6178558004819916,0.20510871859826896,0.1400560224089636,0.08359405685111682,0.062277303152452716,0.06471946076389228,"{""max_depth"": 16, ""min_samples_leaf"": 381, ""max_features"": 1.0}",,,
clasificacion,arbol,adasyn,rejilla,0,42,0.6473553492912898,18,435.41082219999953,24.189456016665645,77.52513259999978,0.1234690999990562,267583,True,0.15637860082304528,0.6492304271621447,0.13379023880210428,0.6888541116214788,0.13217831419116216,0.5128398791540786,0.7043112978111873,0.21018418201516792,0.15637860082304528,0.08071965999305228,0.05865015027219272,0.05950626901637804,"{""max_depth"": 12, ""min_samples_leaf"": 141, ""max_features"": 1.0}",,,
clasificacion,arbol,adasyn,rejilla,1,42,0.6459800240533935,18,402.98203849999845,22.387842144444424,84.06668879999779,0.16117460000532446,267757,True,0.10830324909747292,0.655615048763854,0.13278566387226376,0.6141010528027316,0.12426805465191933,0.6251258811681772,0.6131328764094628,0.20732267356907277,0.10830324909747292,0.07978354437816584,0.050091100139125544,0.05038536648693061,"{""max_depth"": 12, ""min_samples_leaf"": 10, ""max_features"": 1.0}",,,
clasificacion,arbol,adasyn,rejilla,2,42,0.648368591874959,18,411.905050100002,22.883576716665832,68.56453739999415,0.06336159999773372,267769,True,0.15333333333333332,0.6504504586494139,0.12937066487044868,0.6581846266411935,0.12587371854613233,0.5440584088620343,0.6682069422949369,0.2044465468306528,0.15333333333333332,0.08222549629663944,0.06262729779301687,0.06460330064936606,"{""max_depth"": 12, ""min_samples_leaf"": 141, ""max_features"": 1.0}",,,
clasificacion,arbol,adasyn,rejilla,3,42,0.6516908605623299,18,414.93736580000405,23.052040455556078,76.27868180000223,0.14302740000130143,267712,True,0.13002535313292285,0.6507632875840494,0.1291199629282152,0.6551289607934798,0.12915192329642736,0.5697381671701913,0.6626279599372085,0.210570391737229,0.13002535313292285,0.08139534674845136,0.05500461707999862,0.05525010546961141,"{""max_depth"": 12, ""min_samples_leaf"": 10, ""max_features"": 1.0}",,,
clasificacion,arbol,adasyn,rejilla,4,42,0.6517105611801218,18,396.43511320000107,22.02412902222285,82.67356830000062,0.18282629999885103,267687,True,0.10640732265446225,0.6515948703428143,0.1303770522886342,0.5786467754720432,0.11923478893079474,0.6606243705941591,0.5714475226071768,0.2020093152161361,0.10640732265446225,0.07992052868464761,0.04602374355915329,0.049260233573713424,"{""max_depth"": 12, ""min_samples_leaf"": 10, ""max_features"": 1.0}",,,
clasificacion,arbol,class_weight,aleatoria,0,42,0.6917307926703721,20,336.9685046000013,16.848338809999404,30.566057800002454,0.025676199998997618,196806,True,0.5514452715344188,0.6914101089897691,0.16496908172098676,0.6973293768545994,0.14550058433969615,0.5641993957703928,0.7090205615741765,0.23134097243728707,0.5514452715344188,0.2197559312142659,0.3606754481082788,0.36067544810827884,"{""max_depth"": 9, ""min_samples_leaf"": 1712, ""max_features"": 1.0}",,,
clasificacion,arbol,class_weight,aleatoria,1,42,0.6888962203721075,20,325.28853390000586,16.264328654999918,36.845044299996516,0.050336399996012915,196806,True,0.5754806646283456,0.702734471279055,0.16780819732307534,0.7565952603552701,0.16521666387819978,0.4972306143001007,0.7793720981649348,0.24802210222278037,0.5754806646283456,0.2194170375530256,0.361838693826151,0.36183869382615097,"{""max_depth"": 9, ""min_samples_leaf"": 1712, ""max_features"": 1.0}",,,
clasificacion,arbol,class_weight,aleatoria,2,42,0.68887955686656,20,322.2771133999995,16.113755059999313,36.965655400003016,0.0330958999984432,196806,True,0.5347131900340238,0.690392934601463,0.16277343229753072,0.677167594813219,0.1424540761195822,0.5974320241691843,0.6841697988061022,0.23005332040717402,0.5347131900340238,0.21903625819540615,0.3586977687566767,0.3586977687566768,"{""max_depth"": 9, ""min_samples_leaf"": 1712, ""max_features"": 1.0}",,,
clasificacion,arbol,class_weight,aleatoria,3,42,0.6897360943798398,20,323.0366992999989,16.151740960000097,36.66252109999914,0.026402700001199264,196807,True,0.5325647543237784,0.6908013671592722,0.16311771977531514,0.6787057173634682,0.1422439850078588,0.5923967774420946,0.6862853478962613,0.229404309252218,0.5325647543237784,0.21902188849447252,0.3595243698299299,0.3595243698299299,"{""max_depth"": 9, ""min_samples_leaf"": 1712, ""max_features"": 1.0}",,,
clasificacion,arbol,class_weight,aleatoria,4,42,0.6911189596897119,20,326.37010200000077,16.318418384999312,36.76516560000164,0.03614910000032978,196807,True,0.5291878904373002,0.6951098741178299,0.16870489483368412,0.6746610841243064,0.1442927232960927,0.6145518630412891,0.6799398615932256,0.23371152281104887,0.5291878904373002,0.21851291397436132,0.3593378003344107,0.3593378003344107,"{""max_depth"": 9, ""min_samples_leaf"": 1712, ""max_features"": 1.0}",,,
clasificacion,arbol,class_weight,bayesiana,0,42,0.6934392565146688,20,365.1591714000024,18.177696629999264,35.588535000002594,0.06269400000019232,196806,True,0.5401141568336469,0.689579001384665,0.16494527454129623,0.6785496524531524,0.14061172472387426,0.5833333333333334,0.6869113420296263,0.22660146699266503,0.5401141568336469,0.21922241027600342,0.36074070533258296,0.3607407053325831,"{""max_depth"": 7, ""min_samples_leaf"": 1229, ""max_features"": 1.0}",,,
clasificacion,arbol,class_weight,bayesiana,1,42,0.691567136819241,20,324.5171608000019,16.145832069999233,41.89685169999575,0.024727300005906727,196806,True,0.5609822152524625,0.7000149955280597,0.1711256592647756,0.7178976464371367,0.15283812193412755,0.5490936555891238,0.7327216449259342,0.23911851770639184,0.5609822152524625,0.21672229180843516,0.35125614176616704,0.35125614176616715,"{""max_depth"": 10, ""min_samples_leaf"": 699, ""max_features"": 1.0}",,,
clasificacion,arbol,class_weight,bayesiana,2,42,0.6927216079874144,20,303.0900410999966,15.073247164999703,38.509335299997474,0.06745039999805158,196806,True,0.5272381579928266,0.6912673703766292,0.1664174437942095,0.6825332303564896,0.14204056545789798,0.5818227593152064,0.6913774043776255,0.22833712083786187,0.5272381579928266,0.21658144781403862,0.35382530234815357,0.3538253023481536,"{""max_depth"": 8, ""min_samples_leaf"": 837, ""max_features"": 1.0}",,,
clasificacion,arbol,class_weight,bayesiana,3,42,0.6920948938070253,20,272.21490520000225,13.52985096000084,39.94937750000099,0.05676579999999376,196807,True,0.5391793953324684,0.6913916468319427,0.16886821093377136,0.6903518221174366,0.143508261062227,0.5707452165156093,0.700855645714033,0.22934898072740148,0.5391793953324684,0.21733172958819938,0.35280904013665193,0.3528090401366519,"{""max_depth"": 19, ""min_samples_leaf"": 1015, ""max_features"": 1.0}",,,
clasificacion,arbol,class_weight,bayesiana,4,42,0.6930405937161371,20,278.6950463999965,13.85338795500029,42.05059379999875,0.04353419999824837,196807,True,0.5668879139927201,0.6946627592599879,0.16938406346923982,0.7389687201479644,0.15788661781720015,0.5153575025176234,0.7586062039841694,0.24171931274723976,0.5668879139927201,0.21576839712811668,0.34756784094210813,0.3475678409421082,"{""max_depth"": 13, ""min_samples_leaf"": 770, ""max_features"": 1.0}",,,
clasificacion,arbol,class_weight,genetica,0,42,0.6926430710676655,20,561.0090636999957,28.050119220000852,41.8245112999939,0.024239999998826534,196806,True,0.5443884377392079,0.6905110508247095,0.167967309289968,0.7005203040526807,0.1450432029549502,0.5536253776435045,0.7134202962635419,0.22986463178801025,0.5443884377392079,0.21627632465068794,0.3480276632776929,0.3480276632776929,"{""max_depth"": 14, ""min_samples_leaf"": 782, ""max_features"": 1.0}",,,
clasificacion,arbol,class_weight,genetica,1,42,0.6916514479369381,20,529.3604527999996,26.46772214499979,41.102861599996686,0.04541050000261748,196806,True,0.5505427112503023,0.7036890362762641,0.17000764606580843,0.7005203040526807,0.15071071590835333,0.5845921450151057,0.7107008622595622,0.23964084834098767,0.5505427112503023,0.2172157881524663,0.35539454823878924,0.3553945482387892,"{""max_depth"": 10, ""min_samples_leaf"": 1018, ""max_features"": 1.0}",,,
clasificacion,arbol,class_weight,genetica,2,42,0.6923108409907391,20,532.3606291999968,26.617756789998747,40.691687500002445,0.027447599997685757,196806,True,0.5324280896297238,0.6919252476822614,0.16811084523003347,0.6717613105158327,0.14063975448536356,0.5999496475327291,0.6780676542118064,0.22786383629757123,0.5324280896297238,0.2165310120141344,0.34888384283577983,0.34888384283577983,"{""max_depth"": 10, ""min_samples_leaf"": 782, ""max_features"": 1.0}",,,
clasificacion,arbol,class_weight,genetica,3,42,0.6921863826845969,20,536.0027109000002,26.79985186999911,40.95043149999401,0.04169249999540625,196807,True,0.5391793953324684,0.6915836372527613,0.16884201752351505,0.69033149732729,0.14349917711102672,0.5707452165156093,0.7008335360056601,0.2293373798684876,0.5391793953324684,0.21727906171232333,0.3526981859072552,0.3526981859072552,"{""max_depth"": 12, ""min_samples_leaf"": 1018, ""max_features"": 1.0}",,,
clasificacion,arbol,class_weight,genetica,4,42,0.6939719427089237,20,475.13187749999634,23.756273244999466,34.315077300001576,0.03709849999722792,196807,True,0.5171580989571404,0.6944343117558388,0.17015757743955745,0.6633808255929757,0.1402857142857143,0.6180765357502518,0.6673594375290189,0.2286698956780924,0.5171580989571404,0.2157828065715135,0.347735548004425,0.34773554800442497,"{""max_depth"": 12, ""min_samples_leaf"": 782, ""max_features"": 1.0}",,,
clasificacion,arbol,class_weight,rejilla,0,42,0.6916215343039521,18,274.2657265000016,15.236937666665957,34.996777100001054,0.17437559999962104,196806,True,0.5456472251452384,0.6905878180204167,0.16314758237178859,0.7074712410064632,0.1480105384043775,0.5516112789526687,0.7211585231041344,0.23339547270306257,0.5456472251452384,0.2206099531142596,0.36243248928299654,0.3624324892829966,"{""max_depth"": 12, ""min_samples_leaf"": 2000, ""max_features"": 1.0}",,,
clasificacion,arbol,class_weight,rejilla,1,42,0.6871664820133999,18,259.23047979999683,14.401655383333289,34.648409799992805,0.21466090000467375,196806,True,0.5658344062929418,0.7011183274074837,0.16614798853762164,0.7189748384212024,0.15457413249211358,0.5551359516616314,0.733362812292726,0.24181608817239678,0.5658344062929418,0.220245321437612,0.36364839263978055,0.36364839263978066,"{""max_depth"": 12, ""min_samples_leaf"": 2000, ""max_features"": 1.0}",,,
clasificacion,arbol,class_weight,rejilla,2,42,0.6894123146883757,18,264.03383070000564,14.668501072222877,37.10835980000411,0.1939420999988215,196806,True,0.5336883810229409,0.6909240290033775,0.16296370074951907,0.6780008942725906,0.1422026644161794,0.5939073514602216,0.6853858058810524,0.22946354749282621,0.5336883810229409,0.21917788636349395,0.35983057901626275,0.35983057901626286,"{""max_depth"": 12, ""min_samples_leaf"": 2000, ""max_features"": 1.0}",,,
clasificacion,arbol,class_weight,rejilla,3,42,0.6889577072668991,18,268.2859973000013,14.90473634444384,36.158352000005834,0.07344910000392701,196807,True,0.5104922313769873,0.6898221163746839,0.16298495617728218,0.6409829068514867,0.13557968700095815,0.6412386706948641,0.6409604457317208,0.22383337727392566,0.5104922313769873,0.21918112856775399,0.36076752678891516,0.3607675267889151,"{""max_depth"": 12, ""min_samples_leaf"": 2000, ""max_features"": 1.0}",,,
clasificacion,arbol,class_weight,rejilla,4,42,0.6904234226533456,18,258.98479139999836,14.387989649998215,36.80165549999947,0.20659329999762122,196807,True,0.5437832920211579,0.6943068052012453,0.16759068162012344,0.6933395662689783,0.1476033477047933,0.5861027190332326,0.7027570806341065,0.23581847649918963,0.5437832920211579,0.21943914474759615,0.3609240486927929,0.3609240486927929,"{""max_depth"": 12, ""min_samples_leaf"": 2000, ""max_features"": 1.0}",,,
clasificacion,arbol,ninguno,aleatoria,0,42,0.6924421587241424,20,364.5198445999995,18.225877344999752,36.55945810000412,0.04102959999727318,196806,True,0.09361702127659574,0.6915853768775859,0.16201238938383727,0.6891386529002886,0.1448020578455361,0.581067472306143,0.6986292283882379,0.2318316508462659,0.09361702127659574,0.07137622383076202,0.005706634863353022,0.006422799978583285,"{""max_depth"": 9, ""min_samples_leaf"": 1712, ""max_features"": 1.0}",,,
clasificacion,arbol,ninguno,aleatoria,1,42,0.6913514688298807,20,311.58950419999746,15.579365915000745,37.61363130000245,0.04068289999850094,196806,True,0.0937350549976088,0.7031945178264211,0.1695712626295079,0.6919840656883867,0.1510764430577223,0.6095166163141994,0.6992261773159407,0.2421363204480672,0.0937350549976088,0.07095201161447842,0.003961703018224741,0.0054027984695532326,"{""max_depth"": 9, ""min_samples_leaf"": 1712, ""max_features"": 1.0}",,,
clasificacion,arbol,ninguno,aleatoria,2,42,0.6916607456219671,20,339.4284742000018,16.971321545000684,37.48612710000452,0.03420429999823682,196806,True,0.08877284595300261,0.6944230746109347,0.1664200849711376,0.6674118938254543,0.14051984219076352,0.6097683786505539,0.6724740216670352,0.22840437570728028,0.08877284595300261,0.0711802379859729,0.005237550648935882,0.00659945855790287,"{""max_depth"": 9, ""min_samples_leaf"": 1712, ""max_features"": 1.0}",,,
clasificacion,arbol,ninguno,aleatoria,3,42,0.6884780893054994,20,322.3683164000031,16.118313785000282,10.308913899993058,0.033012400002917275,196807,True,0.0963020030816641,0.6823793133330203,0.15725424873114516,0.6859819922359301,0.14234077028542938,0.5750251762336355,0.6957261933715094,0.22819462483764613,0.0963020030816641,0.071681286217187,0.009592076190514,0.009872799111677884,"{""max_depth"": 14, ""min_samples_leaf"": 782, ""max_features"": 0.3}",,,
clasificacion,arbol,ninguno,aleatoria,4,42,0.6926358859661677,20,316.8088441,15.840351789999477,34.02515139999741,0.023932199997943826,196807,True,0.09090909090909091,0.689576407489451,0.1665998122338891,0.6867949838417918,0.14224946828474916,0.5725075528700906,0.6968316787901567,0.2278785449443832,0.09090909090909091,0.07127324888585782,0.006206046614469497,0.007280147131568533,"{""max_depth"": 9, ""min_samples_leaf"": 1712, ""max_features"": 1.0}",,,
clasificacion,arbol,ninguno,bayesiana,0,42,0.6945029775386216,20,349.7735419000019,17.39911542000082,40.21829760000401,0.03814530000090599,196806,True,0.0987284966342558,0.6919790345373616,0.16486073257981057,0.7087313523840494,0.14743720645293037,0.5453172205438066,0.7230820252045103,0.2321170229866581,0.0987284966342558,0.07135914844630467,0.0066107642021200575,0.009188764383075027,"{""max_depth"": 19, ""min_samples_leaf"": 1291, ""max_features"": 1.0}",,,
clasificacion,arbol,ninguno,bayesiana,1,42,0.6932416891877607,20,380.1879031999997,18.923708154999986,36.56660460000421,0.04645580000214977,196806,True,0.10298102981029811,0.703364158216514,0.17338731449633793,0.728100483720174,0.15935100680863393,0.553877139979859,0.7434003979659518,0.24749690628867138,0.10298102981029811,0.07092946677241041,0.006501006766833956,0.00818757174694256,"{""max_depth"": 20, ""min_samples_leaf"": 871, ""max_features"": 1.0}",,,
clasificacion,arbol,ninguno,bayesiana,2,42,0.6890742096977119,20,250.30354680000164,12.419191615000454,52.44445550000091,0.03201010000339011,196806,True,0.10317460317460317,0.6840556847300994,0.16653590128450738,0.7335270923946181,0.15024875621890546,0.49420946626384693,0.754543444616405,0.23043963139050302,0.10317460317460317,0.07181714012208008,0.015441227444764102,0.01701875373761325,"{""max_depth"": 15, ""min_samples_leaf"": 355, ""max_features"": 1.0}",,,
clasificacion,arbol,ninguno,bayesiana,3,42,0.6921621401990037,20,261.7360797000001,13.002432335000048,34.4027580999973,0.07329520000348566,196807,True,0.0897239263803681,0.7017161041304476,0.1717562031214183,0.6831568464055608,0.1455854536579413,0.6007049345417925,0.6903977536536293,0.23436962821079516,0.0897239263803681,0.07100574521489202,0.005744258440251522,0.0059054698454817905,"{""max_depth"": 8, ""min_samples_leaf"": 653, ""max_features"": 1.0}",,,
clasificacion,arbol,ninguno,bayesiana,4,42,0.6939174411908103,20,336.44700790000206,16.736693129999548,39.91051719999814,0.0451277999964077,196807,True,0.09387755102040816,0.6906744951733483,0.16860287751869318,0.6928924208857543,0.14296704705731503,0.5614300100704934,0.7044374184704504,0.227899846704139,0.09387755102040816,0.0712969491171779,0.008263954456963592,0.009622290319395163,"{""max_depth"": 13, ""min_samples_leaf"": 1003, ""max_features"": 1.0}",,,
clasificacion,arbol,ninguno,genetica,0,42,0.6970488347210363,20,576.9189131999956,28.844225279999954,45.294661700005236,0.02964369999972405,196806,True,0.09039010466222645,0.6919149306031008,0.16774426745773519,0.6794845737978131,0.14157248754405152,0.5866062437059416,0.6876409462745965,0.22809593734703867,0.09039010466222645,0.07135274461936914,0.009042612830549013,0.010090851457675255,"{""max_depth"": 12, ""min_samples_leaf"": 782, ""max_features"": 1.0}",,,
clasificacion,arbol,ninguno,genetica,1,42,0.6929470078355674,20,499.8703561000002,24.993244290000074,45.57767599999352,0.03482150000490947,196806,True,0.09170731707317073,0.7026363546594903,0.17382728625963126,0.6742815332710053,0.14534541602918677,0.621852970795569,0.6788856953349547,0.23561957454927024,0.09170731707317073,0.07092858229190659,0.007610166661776858,0.008797519212601522,"{""max_depth"": 14, ""min_samples_leaf"": 782, ""max_features"": 1.0}",,,
clasificacion,arbol,ninguno,genetica,2,42,0.6950076351334946,20,522.0318587000002,26.1012919599998,38.69433280000521,0.021547499993175734,196806,True,0.0985254691689008,0.6942720088597185,0.17105624040032394,0.7126133084020975,0.1529692832764505,0.5641993957703928,0.7256466946716781,0.24068306304371173,0.0985254691689008,0.0711531574034018,0.007434653266876723,0.008793479894597653,"{""max_depth"": 9, ""min_samples_leaf"": 782, ""max_features"": 1.0}",,,
clasificacion,arbol,ninguno,genetica,3,42,0.6926876378009034,20,525.3904475000018,26.26911159000083,41.893808900000295,0.024290300003485754,196807,True,0.0900297619047619,0.7030593663259612,0.1740081717561467,0.6784414950915632,0.14517578008025395,0.6102719033232629,0.6844281323929338,0.23455416323963424,0.0900297619047619,0.070954781295799,0.005411808486673598,0.006228638456186855,"{""max_depth"": 10, ""min_samples_leaf"": 782, ""max_features"": 1.0}",,,
clasificacion,arbol,ninguno,genetica,4,42,0.6940387279439628,20,520.6566004000051,26.03252279999906,36.776237500002026,0.02728689999639755,196807,True,0.09387755102040816,0.6905057305224658,0.16735883107440955,0.6927704721448751,0.14409810935104753,0.56797583081571,0.7037299078025161,0.22987568779294884,0.09387755102040816,0.07128593059993132,0.007433467853008031,0.00853303262989497,"{""max_depth"": 9, ""min_samples_leaf"": 1018, ""max_features"": 1.0}",,,
clasificacion,arbol,ninguno,rejilla,0,42,0.6911100692610687,18,301.2394254000028,16.73548744444391,38.1791566000029,0.07102820000000065,196806,True,0.09203778677462889,0.6916590770592022,0.16154831159706837,0.6822690134547376,0.14254184292808533,0.5853474320241692,0.6907804554499226,0.22925602721490904,0.09203778677462889,0.0713818316672519,0.004983233778724446,0.006030104591870604,"{""max_depth"": 12, ""min_samples_leaf"": 2000, ""max_features"": 1.0}",,,
clasificacion,arbol,ninguno,rejilla,1,42,0.690387759106135,18,252.89535420000175,14.049697683333457,36.29277369999909,0.17691880000347737,196806,True,0.0937350549976088,0.7040261489947652,0.1675230117333633,0.6753790496321288,0.14467606301077815,0.615055387713998,0.6806765421180633,0.23425064723367534,0.0937350549976088,0.07099324284942614,0.002052867743632127,0.004613392842510043,"{""max_depth"": 12, ""min_samples_leaf"": 2000, ""max_features"": 1.0}",,,
clasificacion,arbol,ninguno,rejilla,2,42,0.6907529347265836,18,274.3144527999975,15.23965603888832,37.240985500000534,0.15006789999461034,196806,True,0.08877284595300261,0.6953624436944082,0.1655595742572177,0.6950530466241209,0.14636491857930503,0.574773413897281,0.7056157417643157,0.23331630045988758,0.08877284595300261,0.07120455906726378,0.004314773189064504,0.005120897626492255,"{""max_depth"": 12, ""min_samples_leaf"": 2000, ""max_features"": 1.0}",,,
clasificacion,arbol,ninguno,rejilla,3,42,0.6877628021924925,18,266.12358340000355,14.784588583333566,36.260476800001925,0.18097359999956097,196807,True,0.08508604206500955,0.7003440692555332,0.16912728473747016,0.6629540049998984,0.14105994193658564,0.6238670694864048,0.6663866103606093,0.2300942476438089,0.08508604206500955,0.07103292909171721,0.0023835250748289005,0.005239388089813323,"{""max_depth"": 12, ""min_samples_leaf"": 2000, ""max_features"": 1.0}",,,
clasificacion,arbol,ninguno,rejilla,4,42,0.6906478930496984,18,258.2224243000019,14.345655950000541,35.21082050000405,0.07260949999908917,196807,True,0.09907975460122699,0.6899158404972239,0.1662330525234419,0.7050263206032398,0.14672565185334138,0.5511077542799597,0.7185434124123903,0.2317505690540469,0.09907975460122699,0.07123424062281092,0.0059804697035422865,0.006347828772040792,"{""max_depth"": 12, ""min_samples_leaf"": 2000, ""max_features"": 1.0}",,,
clasificacion,arbol,smote,aleatoria,0,42,0.6475073226327536,20,530.7102718999959,26.53541594000053,63.62247650000063,0.06763350000255741,271377,True,0.2185380557648832,0.6421676642533551,0.12648827103592009,0.659546359904069,0.12265989487982047,0.5229103726082578,0.6715454344461641,0.19870844295623058,0.2185380557648832,0.0931111098248161,0.10128820397332038,0.1025410509256171,"{""max_depth"": 9, ""min_samples_leaf"": 1712, ""max_features"": 1.0}",,,
clasificacion,arbol,smote,aleatoria,1,42,0.6496405634052501,20,496.9100907000029,24.845417725000154,82.40406999998959,0.061990499998501036,271377,True,0.15026833631484796,0.6589253755951177,0.13432536794097902,0.6736718019592699,0.13131559677813034,0.5417925478348439,0.6852531505637851,0.21139489194499017,0.15026833631484796,0.08154512293766865,0.05826987644161207,0.05893561826117197,"{""max_depth"": 17, ""min_samples_leaf"": 284, ""max_features"": 1.0}",,,
clasificacion,arbol,smote,aleatoria,2,42,0.6474186478599959,20,499.0877713000009,24.954299954999804,84.23981900000217,0.05554249999840977,271377,True,0.14878048780487804,0.6511761052772903,0.13578845626277497,0.65916019673997,0.12627029552622357,0.5443101711983888,0.6692460756135309,0.2049872001517019,0.14878048780487804,0.0825979637503141,0.06444076255025126,0.06471639604199331,"{""max_depth"": 17, ""min_samples_leaf"": 284, ""max_features"": 1.0}",,,
clasificacion,arbol,smote,aleatoria,3,42,0.6526559495502596,20,500.89137219999975,25.044466624999405,82.61444359999587,0.05301100000360748,271378,True,0.15041782729805014,0.6626705177859913,0.13741637007635882,0.6742342635312291,0.13395676463444256,0.5553877139979859,0.6846713391850362,0.21585127201565557,0.15041782729805014,0.08216896651023597,0.06022729732888173,0.06083032685347897,"{""max_depth"": 17, ""min_samples_leaf"": 284, ""max_features"": 1.0}",,,
clasificacion,arbol,smote,aleatoria,4,42,0.6485217937161036,20,501.0176622999934,25.05064762499969,85.61087570000382,0.04984800000238465,271378,True,0.1447661469933185,0.6537552426783189,0.13075762785812103,0.6440113005833215,0.12540797698733197,0.5707452165156093,0.6504455106237149,0.20563290852192842,0.1447661469933185,0.08283854913045842,0.06163250033142497,0.06175685258736556,"{""max_depth"": 17, ""min_samples_leaf"": 284, ""max_features"": 1.0}",,,
clasificacion,arbol,smote,bayesiana,0,42,0.6521184035103416,20,668.7746266999966,33.35847287499964,76.14906489999703,0.039859999997133855,271377,True,0.1534446764091858,0.6466553821699944,0.13541434416022677,0.6211536116418032,0.12195876288659793,0.595669687814703,0.623391554278134,0.20246448742084547,0.1534446764091858,0.08415879723162417,0.07102359440351126,0.07233027001317203,"{""max_depth"": 12, ""min_samples_leaf"": 655, ""max_features"": 1.0}",,,
clasificacion,arbol,smote,bayesiana,1,42,0.6492640872645513,20,627.5350631999972,31.296824919999562,81.53724320000038,0.027525199999217875,271377,True,0.16909620991253643,0.6586197651747063,0.13443604017220018,0.7107434657127759,0.136221812508864,0.4836354481369587,0.7306875967278355,0.21257054332189887,0.16909620991253643,0.08132471314312475,0.05837904739510829,0.05841547295436553,"{""max_depth"": 17, ""min_samples_leaf"": 296, ""max_features"": 1.0}",,,
clasificacion,arbol,smote,bayesiana,2,42,0.6479161739420664,20,658.239332600002,32.82971768999887,81.13279130000592,0.02186049999727402,271377,True,0.1424581005586592,0.6515991973663087,0.13119238823715654,0.6355635949758139,0.12307609223956364,0.573766364551863,0.6409904930355959,0.20267686424474188,0.1424581005586592,0.08323937929061125,0.06594163928758585,0.06598018827262402,"{""max_depth"": 14, ""min_samples_leaf"": 352, ""max_features"": 1.0}",,,
clasificacion,arbol,smote,bayesiana,3,42,0.6544840039523353,20,658.7703240999981,32.856123309999745,77.0373494000014,0.04083649999665795,271378,True,0.1767741935483871,0.6543411388174183,0.1316138354702085,0.7103514156216337,0.13328576525151623,0.4702920443101712,0.7314333723938181,0.20770556513037194,0.1767741935483871,0.08318998310975008,0.06498014959428884,0.06556075863561417,"{""max_depth"": 20, ""min_samples_leaf"": 446, ""max_features"": 1.0}",,,
clasificacion,arbol,smote,bayesiana,4,42,0.6521341403430378,20,605.3285566999984,30.183867325000755,71.49440490000416,0.06854089999978896,271378,True,0.17338534893801474,0.6511032243502836,0.13127243957056098,0.6671002621897929,0.1283326343538434,0.5392749244712991,0.6783258528820005,0.20732710642210714,0.17338534893801474,0.08531347967558114,0.07375214224157746,0.07490984089334174,"{""max_depth"": 9, ""min_samples_leaf"": 39, ""max_features"": 1.0}",,,
clasificacion,arbol,smote,genetica,0,42,0.651393590072303,20,665.9692781999984,33.298173970000065,22.81450839999161,0.03995489999942947,271377,True,0.16115702479338842,0.6497748444283542,0.12829629333945122,0.629730498760213,0.12467067130361471,0.595669687814703,0.6327216449259341,0.20618736383442265,0.16115702479338842,0.08483307802480106,0.0718648580720539,0.07258954513616117,"{""max_depth"": 11, ""min_samples_leaf"": 190, ""max_features"": 0.3}",,,
clasificacion,arbol,smote,genetica,1,42,0.6488618482337928,20,650.1595205000049,32.50767048999951,24.001025200006552,0.042068700000527315,271377,True,0.16167664670658682,0.6533102962167852,0.1337434194647376,0.6719035811552376,0.12741076348496908,0.5239174219536757,0.6848994030510723,0.20497414429943364,0.16167664670658682,0.08207677065462697,0.06149730865444743,0.0635720286910135,"{""max_depth"": 15, ""min_samples_leaf"": 288, ""max_features"": 0.3}",,,
clasificacion,arbol,smote,genetica,2,42,0.6481157388857611,20,625.0673796999981,31.25311262499963,22.277100899998914,0.01880410000012489,271377,True,0.15864022662889518,0.6468987143923004,0.12545619753614826,0.6345880248770375,0.12128913643000054,0.5647029204431017,0.6407251824010612,0.19968840418428666,0.15864022662889518,0.08348867302699076,0.06806263991281318,0.06973057153142351,"{""max_depth"": 11, ""min_samples_leaf"": 190, ""max_features"": 0.3}",,,
clasificacion,arbol,smote,genetica,3,42,0.653572744030782,20,940.0840099999987,47.00384956499984,74.79371949999768,0.026657399997930042,271378,True,0.16862376702677312,0.6603574287072677,0.13223205605232236,0.6732383488140485,0.13320404823950063,0.55337361530715,0.6837648411417453,0.21472182875006104,0.16862376702677312,0.08293135615112633,0.06609691841100855,0.06688477895902636,"{""max_depth"": 11, ""min_samples_leaf"": 293, ""max_features"": 1.0}",,,
clasificacion,arbol,smote,genetica,4,42,0.6527501418717172,20,921.568528200005,46.07810266000088,69.57875120000244,0.021381900005508214,271378,True,0.13709677419354838,0.6590697302350618,0.13409976815637814,0.5949879067498628,0.12046243874589657,0.6374622356495468,0.5912578213093369,0.20263294786123004,0.13709677419354838,0.08164979345981903,0.06415122165681306,0.0663136108382613,"{""max_depth"": 12, ""min_samples_leaf"": 562, ""max_features"": 1.0}",,,
clasificacion,arbol,smote,rejilla,0,42,0.6486402338381404,18,446.361401400005,24.797804544444563,82.08132350000233,0.05235230000107549,271377,True,0.12846347607052896,0.6510035704274383,0.1332706250705216,0.6032071866997276,0.12186937703642464,0.6309164149043303,0.6007738226840592,0.20427960057061342,0.12846347607052896,0.08082001163053378,0.05872829893217545,0.06112628651855939,"{""max_depth"": 12, ""min_samples_leaf"": 141, ""max_features"": 1.0}",,,
clasificacion,arbol,smote,rejilla,1,42,0.6476043380296239,18,408.63252680000005,22.701757161112052,81.46108570000797,0.08201580000604736,271377,True,0.10891089108910891,0.6462070581846527,0.127539246645327,0.6085321734888826,0.12139071863701649,0.6170694864048338,0.6077824452796816,0.20287215991391797,0.10891089108910891,0.0793802909903972,0.0466428651306158,0.04680376743895655,"{""max_depth"": 12, ""min_samples_leaf"": 10, ""max_features"": 1.0}",,,
clasificacion,arbol,smote,rejilla,2,42,0.6476866045646223,18,410.36311079999723,22.797911277777327,85.07523169999331,0.16555700000026263,271377,True,0.12074829931972789,0.6559644712857345,0.13170731221168,0.6245681069875209,0.12419655815882231,0.6032225579053374,0.6264426265752819,0.20598349381017883,0.12074829931972789,0.07958403385103568,0.04646134563283773,0.04827146593694331,"{""max_depth"": 12, ""min_samples_leaf"": 10, ""max_features"": 1.0}",,,
clasificacion,arbol,smote,rejilla,3,42,0.6527665064280986,18,410.1040974999996,22.78352610555602,84.0209756999975,0.2173597000000882,271378,True,0.137524557956778,0.6618248075247465,0.13439327357459002,0.6848234791975772,0.13554502369668248,0.5400302114803626,0.697539189458091,0.21669949992423093,0.137524557956778,0.07918186747366633,0.0446938179852352,0.04588791908813176,"{""max_depth"": 12, ""min_samples_leaf"": 10, ""max_features"": 1.0}",,,
clasificacion,arbol,smote,rejilla,4,42,0.6520825918661328,18,419.01710789999925,23.278695266667555,85.3425328999947,0.1659356999953161,271378,True,0.11868686868686869,0.6559120859213994,0.13242771876070336,0.6247230747342534,0.12444283196848761,0.6044813695871097,0.6265006964558137,0.20639559872775723,0.11868686868686869,0.07989290963638089,0.04735838283273475,0.04760141471362701,"{""max_depth"": 12, ""min_samples_leaf"": 10, ""max_features"": 1.0}",,,
clasificacion,knn,adasyn,aleatoria,0,42,0.6576856560828128,20,1508.9959420000087,75.44943401999917,6.088333499996224,22.609364000003552,267583,True,0.45185184478759766,0.6581273674732636,0.14123435861784392,0.682086094061217,0.1327416918429003,0.5309667673716012,0.6953570638956444,0.21238670694864048,0.45185184478759766,0.17401083903826592,0.2953684519752869,0.29536845197528694,"{""n_vecinos"": 135, ""ponderacion"": ""uniform"", ""n_componentes"": 30}",,,
clasificacion,knn,adasyn,aleatoria,1,42,0.6577624458706385,20,1548.1548473000003,77.40697143500002,5.540699599994696,21.28231219999725,267757,True,0.4740740656852722,0.6585238834120515,0.13947586048790006,0.7101540587780985,0.13655951960438006,0.4866565961732125,0.729781118726509,0.2132730181497214,0.4740740656852722,0.1753329438676494,0.29738432893276723,0.29738432893276723,"{""n_vecinos"": 135, ""ponderacion"": ""uniform"", ""n_componentes"": 30}",,,
clasificacion,knn,adasyn,aleatoria,2,42,0.6549167990103443,20,1581.3366251999978,79.06643759000144,7.226049699995201,24.310197699989658,267769,True,0.48148149251937866,0.6647345535485075,0.14729374527412958,0.7213121417828544,0.14053734868615295,0.47935548841893255,0.7425602476232589,0.217351598173516,0.48148149251937866,0.17449973159236523,0.2974516253899557,0.2974516253899556,"{""n_vecinos"": 135, ""ponderacion"": ""uniform"", ""n_componentes"": 30}",,,
clasificacion,knn,adasyn,aleatoria,3,42,0.6595395987955562,20,1762.1742258000013,88.10656484000064,5.983995400019921,23.02931699997862,267712,True,0.45185184478759766,0.6575248477608532,0.14267710716519616,0.6793561106481576,0.13195310551259665,0.5327291037260826,0.6922328594485839,0.211515393842463,0.45185184478759766,0.17392657710288822,0.29522661117369325,0.2952266111736933,"{""n_vecinos"": 135, ""ponderacion"": ""uniform"", ""n_componentes"": 30}",,,
clasificacion,knn,adasyn,aleatoria,4,42,0.6570726954038745,20,1703.4895879999967,85.17369813499973,6.004399700002978,22.627747200021986,267687,True,0.43703705072402954,0.6595470232862433,0.14423263855136376,0.6514095241966626,0.1284465745700592,0.5735146022155085,0.658250237679365,0.20988621182107153,0.43703705072402954,0.1758410117228308,0.29863530424156065,0.2986353042415607,"{""n_vecinos"": 135, ""ponderacion"": ""uniform"", ""n_componentes"": 30}",,,
clasificacion,knn,adasyn,bayesiana,0,42,0.6603694542358977,20,1629.1981844999973,81.35808492500146,7.69114460000128,27.824732799999765,267583,True,0.5025641322135925,0.6613420324094885,0.14395727959378973,0.7018820373155563,0.13623996735138078,0.5042799597180262,0.7192350210037586,0.21452286601692191,0.5025641322135925,0.1965305358732045,0.33299481365315425,0.33299481365315414,"{""n_vecinos"": 195, ""ponderacion"": ""uniform"", ""n_componentes"": 45}",,,
clasificacion,knn,adasyn,bayesiana,1,42,0.6610741991397749,20,1684.9493734999996,84.11019268499804,7.726213899994036,28.778856800010544,267757,True,0.5042372941970825,0.6580761132704523,0.142628273554728,0.6769643510426405,0.13025679196129514,0.5287009063444109,0.6899845235463188,0.20901761719916392,0.5042372941970825,0.2076451890957691,0.34939619357605145,0.34939619357605145,"{""n_vecinos"": 236, ""ponderacion"": ""uniform"", ""n_componentes"": 53}",,,
clasificacion,knn,adasyn,bayesiana,2,42,0.6601082073945537,20,1837.3005301000085,91.64534330000023,6.586064300005091,27.270055500004673,267769,True,0.47147777676582336,0.6711450777819266,0.15277572983119247,0.7046664769724807,0.13915658533251316,0.5125881168177241,0.7215343798363918,0.21888942643659626,0.47147777676582336,0.17926970213790616,0.31045199337037277,0.3104519933703728,"{""n_vecinos"": 252, ""ponderacion"": ""distance"", ""n_componentes"": 34}",,,
clasificacion,knn,adasyn,bayesiana,3,42,0.6631491471064029,20,1820.7744948999898,90.84476208999986,7.267587999987882,28.423394999990705,267712,True,0.4789915978908539,0.6609651089208177,0.1492298085054913,0.6674457836222841,0.13330176393986032,0.5669687814702921,0.6762696500033164,0.21585354164669798,0.4789915978908539,0.19633586362288358,0.3341696173069841,0.3341696173069841,"{""n_vecinos"": 238, ""ponderacion"": ""uniform"", ""n_componentes"": 44}",,,
clasificacion,knn,adasyn,bayesiana,4,42,0.660372623282582,20,1852.3352931000118,92.48180840999848,8.936802799988072,30.14868239997304,267687,True,0.5146443247795105,0.6637543694227677,0.14888093398981372,0.7019369525009654,0.13616876488601565,0.5037764350453172,0.7193393619138163,0.21438902876734345,0.5146443247795105,0.20488353932839765,0.34622956791603443,0.34622956791603454,"{""n_vecinos"": 239, ""ponderacion"": ""uniform"", ""n_componentes"": 52}",,,
clasificacion,knn,adasyn,genetica,0,42,0.6631520039590635,20,1818.4074067000038,90.918861260001,7.770381299997098,27.365077800001018,267583,True,0.5066666603088379,0.6653154103932034,0.14673713808740185,0.7065566440388602,0.13950124001102232,0.5098187311178247,0.723833738669025,0.2190610125486802,0.5066666603088379,0.20055040870412344,0.34207674456039455,0.3420767445603945,"{""n_vecinos"": 300, ""ponderacion"": ""uniform"", ""n_componentes"": 49}",,,
clasificacion,knn,adasyn,genetica,1,42,0.6645320445745162,20,1810.1055817999877,90.50371619499928,6.034315600001719,23.431244900013553,267757,True,0.45650967955589294,0.6636630662927024,0.14639850992190837,0.675480671517418,0.13257366905593335,0.5448136958710977,0.6869555604687154,0.21325449618132544,0.45650967955589294,0.18131598749072877,0.31341394529120337,0.3134139452912033,"{""n_vecinos"": 300, ""ponderacion"": ""distance"", ""n_componentes"": 35}",,,
clasificacion,knn,adasyn,genetica,2,42,0.6599339664705638,20,2017.048640299996,100.8497372650003,8.18246059998637,29.64016890001949,267769,True,0.4833333194255829,0.6720795401994817,0.15205749521141926,0.6765578635014837,0.13555908203125,0.5591641490433031,0.6868671235905373,0.21821575948123403,0.4833333194255829,0.1963572820093653,0.3370242399103313,0.33702423991033137,"{""n_vecinos"": 300, ""ponderacion"": ""uniform"", ""n_componentes"": 46}",,,
clasificacion,knn,adasyn,genetica,3,42,0.6618080198124724,20,1624.0957119999803,81.20163118000055,10.605218300013803,30.89971670001978,267712,True,0.45886391401290894,0.6594815597350548,0.14542394238023876,0.7032987134407838,0.1368421052631579,0.5040281973816717,0.7207986026664308,0.21524567250833243,0.45886391401290894,0.1717681250559415,0.29326853570598466,0.2932685357059846,"{""n_vecinos"": 163, ""ponderacion"": ""distance"", ""n_componentes"": 29}",,,
clasificacion,knn,adasyn,genetica,4,42,0.6623334867601808,20,2114.4420751,105.71873258999986,11.457915600010892,31.803794600011315,267687,True,0.47333332896232605,0.6643662188638028,0.15071837181767447,0.6477510619702852,0.12910211560886223,0.5853474320241692,0.6532313338787061,0.2115463354715436,0.47333332896232605,0.19990655499361062,0.3409449670036612,0.3409449670036613,"{""n_vecinos"": 300, ""ponderacion"": ""uniform"", ""n_componentes"": 49}",,,
clasificacion,knn,adasyn,rejilla,0,42,0.6631798302181867,18,1402.6501358000096,77.924790705555,7.063964300003136,26.588704000008875,267583,True,0.4808160066604614,0.6648268812485542,0.14636692173361002,0.6774114873379131,0.13438613739707508,0.5506042296072508,0.6885474242759231,0.21604267509631533,0.4808160066604614,0.19553919838603354,0.3345102041118038,0.3345102041118039,"{""n_vecinos"": 300, ""ponderacion"": ""distance"", ""n_componentes"": 45}",,,
clasificacion,knn,adasyn,rejilla,1,42,0.6623370102298686,18,1390.4343644000037,77.24596867221973,7.129674100011471,27.71182029999909,267757,True,0.4758926033973694,0.6606653689467662,0.14432979934830728,0.6630015040039022,0.12943043554928585,0.554380664652568,0.6725403493256688,0.20986418870621873,0.4758926033973694,0.19732316063325497,0.33642074688377904,0.3364207468837791,"{""n_vecinos"": 300, ""ponderacion"": ""distance"", ""n_componentes"": 45}",,,
clasificacion,knn,adasyn,rejilla,2,42,0.6599603863615467,18,1412.6117962000135,78.47821992222453,7.2682586000009906,27.08373709997977,267769,True,0.48744648694992065,0.6722144248073905,0.15240613272948722,0.6883866509491484,0.13770889144023474,0.5435548841893253,0.7011054609772275,0.21974554707379135,0.48744648694992065,0.1956345929913887,0.3356998692681784,0.3356998692681785,"{""n_vecinos"": 300, ""ponderacion"": ""distance"", ""n_componentes"": 45}",,,
clasificacion,knn,adasyn,rejilla,3,42,0.6639350800215599,18,1576.3187854000134,87.57288608888888,6.8738941999909,29.146011000004364,267712,True,0.5011376142501831,0.6625199441036291,0.15015342727523695,0.7106562874738318,0.14021312394840157,0.5035246727089627,0.7288465365141834,0.21934634788330773,0.5011376142501831,0.19585749837137142,0.3348031343078613,0.3348031343078613,"{""n_vecinos"": 300, ""ponderacion"": ""distance"", ""n_componentes"": 45}",,,
clasificacion,knn,adasyn,rejilla,4,42,0.6618145584760357,18,1596.4780474000145,88.69284514999728,6.833252399985213,29.76248940001824,267687,True,0.47767531871795654,0.6642551108995587,0.1507584356474596,0.6673035100912583,0.131414639947672,0.5563947633434039,0.6770434897963696,0.2126124392707682,0.47767531871795654,0.19651887404337,0.3357213223915218,0.3357213223915218,"{""n_vecinos"": 300, ""ponderacion"": ""distance"", ""n_componentes"": 45}",,,
clasificacion,knn,class_weight,aleatoria,0,42,0.6789787408152627,20,1263.0189007000008,63.150149395002515,5.183215500001097,25.196908700017957,196806,True,0.5243622660636902,0.6809417664754319,0.16950644629888637,0.6944636396894435,0.14280178260027127,0.5566465256797583,0.7065664382047314,0.22729375481881264,0.5243622660636902,0.2179556041874333,0.3689766438215823,0.36897664382158235,"{""n_vecinos"": 148, ""ponderacion"": ""distance"", ""n_componentes"": 63}",,,
clasificacion,knn,class_weight,aleatoria,1,42,0.6784286687490976,20,1270.0979019999795,63.504540949995864,4.626605999976164,24.94031459998223,196806,True,0.5447014570236206,0.6790367443873642,0.16862810017759525,0.7245640421121092,0.14825965633720076,0.5083081570996979,0.7435551625027637,0.22956225127913588,0.5447014570236206,0.21939232444467596,0.37010739417351063,0.3701049677476733,"{""n_vecinos"": 148, ""ponderacion"": ""distance"", ""n_componentes"": 63}",,,
clasificacion,knn,class_weight,aleatoria,2,42,0.6758446752462075,20,1252.5030410999898,62.6236520600025,5.963975999999093,25.537390299985418,196806,True,0.5230010151863098,0.6822181898315848,0.17076591828426196,0.6873094589650828,0.1422481349131716,0.5712487411883183,0.6975016581914658,0.22777694122371128,0.5230010151863098,0.21801959976030585,0.36871777683957413,0.36871526840011054,"{""n_vecinos"": 148, ""ponderacion"": ""distance"", ""n_componentes"": 63}",,,
clasificacion,knn,class_weight,aleatoria,3,42,0.67920475025235,20,1277.3181478000188,63.86555575999955,5.49457550002262,28.425102899986086,196807,True,0.5410405397415161,0.6794851291281558,0.16926283392107036,0.712200971524969,0.14674063800277393,0.5327291037260826,0.7279621481792655,0.2301000434971727,0.5410405397415161,0.2194013036263908,0.3700909740327595,0.3700909740327596,"{""n_vecinos"": 148, ""ponderacion"": ""distance"", ""n_componentes"": 63}",,,
clasificacion,knn,class_weight,aleatoria,4,42,0.6783990098351959,20,1400.4908169000119,70.02318976000097,7.011101199983386,30.926380300021265,196807,True,0.5447255373001099,0.6789988185222,0.17134643894220053,0.7263876750472551,0.14872668048563814,0.5057905337361531,0.7457604634194875,0.22986270022883296,0.5447255373001099,0.21869039537702217,0.36911146715926985,0.3691114671592698,"{""n_vecinos"": 148, ""ponderacion"": ""distance"", ""n_componentes"": 63}",,,
clasificacion,knn,class_weight,bayesiana,0,42,0.6853886448206126,20,1446.5188341999892,72.13746421499818,4.90022720003617,28.275324100017315,196806,True,0.5228617787361145,0.6853093225650524,0.1701097690495233,0.7031827974472582,0.14455736828028884,0.5443101711983888,0.7171346451470263,0.22844463229078613,0.5228617787361145,0.21967320793471018,0.37547824574201116,0.37546648530036725,"{""n_vecinos"": 262, ""ponderacion"": ""uniform"", ""n_componentes"": 62}",,,
clasificacion,knn,class_weight,bayesiana,1,42,0.6855296865851562,20,1482.2874313000066,73.89794444499712,5.519538800028386,27.133437999989837,196806,True,0.5228617787361145,0.6856808459570743,0.17071113579877653,0.6954188854111621,0.14498452810727178,0.5662134944612286,0.7067654211806323,0.23085608704578114,0.5228617787361145,0.2211702563479343,0.3771242951275203,0.37712429512752044,"{""n_vecinos"": 262, ""ponderacion"": ""uniform"", ""n_componentes"": 62}",,,
clasificacion,knn,class_weight,bayesiana,2,42,0.6832813897653355,20,1410.7029874,70.36304326000099,6.1306297999981325,21.641814900009194,196806,True,0.5268296599388123,0.68669955663556,0.17253349027706286,0.6891589772773464,0.14328922495274102,0.5725075528700906,0.6994030510722972,0.22921076504384638,0.5268296599388123,0.22257081903144396,0.37852802404925706,0.37852802404925706,"{""n_vecinos"": 247, ""ponderacion"": ""uniform"", ""n_componentes"": 43}",,,
clasificacion,knn,class_weight,bayesiana,3,42,0.6856225719909337,20,1544.528815800004,76.95500648000453,7.405029899964575,26.366462000005413,196807,True,0.5514873266220093,0.6834864352708673,0.17087990479839454,0.7263470254669621,0.15118330148463913,0.5178751258811681,0.7446549780008401,0.23404255319148937,0.5514873266220093,0.22193599127250785,0.3769691386146803,0.3769691386146803,"{""n_vecinos"": 236, ""ponderacion"": ""uniform"", ""n_componentes"": 53}",,,
clasificacion,knn,class_weight,bayesiana,4,42,0.6864786941771444,20,1613.5026027999993,80.3994545599955,6.524028699990595,25.22326509997947,196807,True,0.5236297249794006,0.6874152781246567,0.17648552265021888,0.6842340602833276,0.14095876800794835,0.5715005035246727,0.6941342943686573,0.2261406654712094,0.5236297249794006,0.22178272764231366,0.378221908512345,0.378221908512345,"{""n_vecinos"": 294, ""ponderacion"": ""distance"", ""n_componentes"": 52}",,,
clasificacion,knn,class_weight,genetica,0,42,0.6882221567329547,20,1532.522838999983,76.62485832500097,6.252331900032004,23.842226900014794,196806,True,0.5396372079849243,0.6883443974057625,0.17103302596194472,0.7136498516320475,0.14854443132078093,0.5382678751258811,0.7290515144815388,0.23283419548053363,0.5396372079849243,0.22218486936065118,0.3794734331360369,0.3794372581905699,"{""n_vecinos"": 300, ""ponderacion"": ""uniform"", ""n_componentes"": 49}",,,
clasificacion,knn,class_weight,genetica,1,42,0.6871139976068342,20,1580.267391100002,79.01099254500005,5.747557900001993,23.380337399983546,196806,True,0.5492539405822754,0.6886801742197595,0.17247139789255841,0.7264948579326044,0.1526913218601245,0.5249244712990937,0.7441963298695556,0.23656889998298067,0.5492539405822754,0.22324665003411753,0.38063843820581306,0.3806384382058131,"{""n_vecinos"": 300, ""ponderacion"": ""uniform"", ""n_componentes"": 49}",,,
clasificacion,knn,class_weight,genetica,2,42,0.6850296269530597,20,1475.8252371000126,73.79045624499267,6.45427170000039,24.922856799996225,196806,True,0.5296763181686401,0.6892672597192062,0.17329867470610605,0.6918214706719239,0.1445721908149654,0.5730110775427996,0.7022551403935441,0.23089018513821963,0.5296763181686401,0.2219143779134784,0.3789823382209599,0.37898233822095984,"{""n_vecinos"": 300, ""ponderacion"": ""uniform"", ""n_componentes"": 49}",,,
clasificacion,knn,class_weight,genetica,3,42,0.688451050146535,20,1575.164524599997,78.75550197999692,6.059030800010078,24.08411419999902,196807,True,0.5396372675895691,0.6858685643075341,0.1733272444904268,0.7062661328021789,0.14742295787915488,0.5516112789526687,0.7198478852063941,0.23266433046617818,0.5396372675895691,0.2232455798215447,0.380168402160723,0.38016840216072295,"{""n_vecinos"": 300, ""ponderacion"": ""uniform"", ""n_componentes"": 45}",,,
clasificacion,knn,class_weight,genetica,4,42,0.6865679691324843,20,1687.9083673999994,84.39343516499794,6.236482700041961,24.519986700004665,196807,True,0.5396372079849243,0.6876266284562813,0.17538973062922525,0.7047824231214813,0.14641828050660055,0.5501007049345418,0.7183665347454067,0.23127811590367822,0.5396372079849243,0.22324821481636375,0.38034831558554605,0.38034831558554594,"{""n_vecinos"": 300, ""ponderacion"": ""uniform"", ""n_componentes"": 48}",,,
clasificacion,knn,class_weight,rejilla,0,42,0.6874167711856507,18,1169.2534573999874,64.9581286499985,6.003700300003402,24.903647399973124,196806,True,0.5290703177452087,0.6890160818410723,0.17258204601769167,0.7027559855290435,0.14624427176728433,0.554380664652568,0.7157859827548088,0.2314362289137632,0.5290703177452087,0.2218795724965478,0.3787693884924813,0.3787606812764151,"{""n_vecinos"": 300, ""ponderacion"": ""distance"", ""n_componentes"": 45}",,,
clasificacion,knn,class_weight,rejilla,1,42,0.6871533211211943,18,1168.615160699992,64.92272381110848,6.499629900034051,22.608862100023543,196806,True,0.5387805700302124,0.6891614644318765,0.17500910079188925,0.7142799073208406,0.14940211345939933,0.5410372608257804,0.7294936988724298,0.23414687295707126,0.5387805700302124,0.2233523693213234,0.38060240928268546,0.3806024092826855,"{""n_vecinos"": 300, ""ponderacion"": ""distance"", ""n_componentes"": 45}",,,
clasificacion,knn,class_weight,rejilla,2,42,0.6858958510989722,18,1154.5883426000073,64.1433860722205,5.873959599994123,23.54014530000859,196806,True,0.5295190811157227,0.6899486405947091,0.17537594682840174,0.7017600910532092,0.1471713042331531,0.5619335347432024,0.7140393544107893,0.23325321350193332,0.5295190811157227,0.22211678817366645,0.3790722519984905,0.37906759023008574,"{""n_vecinos"": 300, ""ponderacion"": ""distance"", ""n_componentes"": 45}",,,
clasificacion,knn,class_weight,rejilla,3,42,0.6891348890246535,18,1104.3846472000005,61.35441248888674,6.5754062999913,21.866748699976597,196807,True,0.5309067964553833,0.6863964196789586,0.17488479090353845,0.6985427125464929,0.14570011744747488,0.5621852970795569,0.7105175882730107,0.23142294538294123,0.5309067964553833,0.22305118905878352,0.37981866556297833,0.37981866556297844,"{""n_vecinos"": 300, ""ponderacion"": ""distance"", ""n_componentes"": 45}",,,
clasificacion,knn,class_weight,rejilla,4,42,0.6863767131404556,18,1248.8393438000057,69.37948443889036,6.8478119999927,25.657619400008116,196807,True,0.537413477897644,0.6889940877571064,0.178076213448147,0.7117538261417451,0.14918911489829575,0.546576032225579,0.7262597006345486,0.2343986180090693,0.537413477897644,0.223192526949643,0.38035590379578577,0.3803559037957857,"{""n_vecinos"": 300, ""ponderacion"": ""distance"", ""n_componentes"": 45}",,,
clasificacion,knn,ninguno,aleatoria,0,42,0.6789787470773844,20,1223.2369373999973,61.161264735000074,4.637273300002562,22.163224700001592,196806,True,0.0882692039012909,0.6809417664754318,0.16950644110556712,0.6944636396894435,0.14280178260027127,0.5566465256797583,0.7065664382047314,0.22729375481881264,0.0882692039012909,0.07153009495633633,0.004237537782503055,0.007069727842805077,"{""n_vecinos"": 148, ""ponderacion"": ""distance"", ""n_componentes"": 63}",,,
clasificacion,knn,ninguno,aleatoria,1,42,0.6784286666617237,20,1205.751355399996,60.28689443499934,6.157159300004423,25.298532100001466,196806,True,0.09507419168949127,0.6790367388210955,0.16862810552819235,0.7245640421121092,0.14825965633720076,0.5083081570996979,0.7435551625027637,0.22956225127913588,0.09507419168949127,0.07153628606946542,0.004862603470286736,0.006355021248796561,"{""n_vecinos"": 148, ""ponderacion"": ""distance"", ""n_componentes"": 63}",,,
clasificacion,knn,ninguno,aleatoria,2,42,0.6758446804646421,20,2508.5038109000016,125.42441747000012,6.158898199995747,25.969222299994726,196806,True,0.08783102035522461,0.682218220446063,0.170765745594898,0.6873094589650828,0.1422481349131716,0.5712487411883183,0.6975016581914658,0.22777694122371128,0.08783102035522461,0.07145855319422163,0.004191102544504867,0.007333115995753888,"{""n_vecinos"": 148, ""ponderacion"": ""distance"", ""n_componentes"": 63}",,,
clasificacion,knn,ninguno,aleatoria,3,42,0.6792047387717247,20,1283.5111195999925,64.1749802149985,5.352802800000063,25.37523040000815,196807,True,0.09381185472011566,0.6794851040793926,0.16926318384475098,0.712200971524969,0.14674063800277393,0.5327291037260826,0.7279621481792655,0.2301000434971727,0.09381185472011566,0.07151790248523443,0.00475247924669004,0.008261671056843185,"{""n_vecinos"": 148, ""ponderacion"": ""distance"", ""n_componentes"": 63}",,,
clasificacion,knn,ninguno,aleatoria,4,42,0.6783990134880998,20,1148.002292499994,57.39929994500053,4.022468900002423,23.198194000011426,196807,True,0.09508255869150162,0.6789988268717877,0.17134640398737358,0.7263876750472551,0.14872668048563814,0.5057905337361531,0.7457604634194875,0.22986270022883296,0.09508255869150162,0.07152632256104649,0.004370268974300268,0.00788293377702268,"{""n_vecinos"": 148, ""ponderacion"": ""distance"", ""n_componentes"": 63}",,,
clasificacion,knn,ninguno,bayesiana,0,42,0.6853616096761835,20,1354.3198207999958,67.55904650000157,4.578245500008052,25.168360899995605,196806,True,0.09160305559635162,0.6852343226596791,0.16910563595213632,0.7048087476118857,0.1449051016287522,0.5420443101711984,0.7191023656864912,0.2286776420605417,0.09160305559635162,0.07152165460356497,0.0073324457948661225,0.008206238817553774,"{""n_vecinos"": 262, ""ponderacion"": ""uniform"", ""n_componentes"": 62}",,,
clasificacion,knn,ninguno,bayesiana,1,42,0.6855421189838838,20,1380.472658599996,68.92108960999977,5.808438099993509,21.24369669999578,196806,True,0.08915496617555618,0.6868144639048622,0.17459007378500585,0.6912117393601886,0.14402639426432334,0.5715005035246727,0.7017245191244749,0.2300714539096944,0.08915496617555618,0.07137662802039382,0.005928445840571474,0.008044117420641601,"{""n_vecinos"": 246, ""ponderacion"": ""distance"", ""n_componentes"": 51}",,,
clasificacion,knn,ninguno,bayesiana,2,42,0.6831217030556048,20,4533.175272600005,226.47806835000046,6.894322799998918,22.495590799997444,196806,True,0.09311740845441818,0.6863666047029627,0.17126200775760075,0.7045038819560181,0.1463757445954086,0.5506042296072508,0.7180190139288083,0.23126949717125786,0.09311740845441818,0.07136321830535491,0.005387194208068787,0.008137814600282163,"{""n_vecinos"": 247, ""ponderacion"": ""uniform"", ""n_componentes"": 43}",,,
clasificacion,knn,ninguno,bayesiana,3,42,0.6855484379522997,20,1461.3524395999993,72.90365005000203,8.236156600003596,27.44706690000021,196807,True,0.09745762497186661,0.6831356551733367,0.16932147811101764,0.7263470254669621,0.15118330148463913,0.5178751258811681,0.7446549780008401,0.23404255319148937,0.09745762497186661,0.07146796843777099,0.004829807144115877,0.008417649703209242,"{""n_vecinos"": 236, ""ponderacion"": ""uniform"", ""n_componentes"": 53}",,,
clasificacion,knn,ninguno,bayesiana,4,42,0.6864787040921096,20,1235.3296353000042,61.6574106499982,6.077893199995742,21.65431169999647,196807,True,0.08803248405456543,0.687415264208677,0.1764853969958106,0.6842340602833276,0.14095876800794835,0.5715005035246727,0.6941342943686573,0.2261406654712094,0.08803248405456543,0.0713798944848393,0.007408123883732942,0.008199652826435623,"{""n_vecinos"": 294, ""ponderacion"": ""distance"", ""n_componentes"": 52}",,,
clasificacion,knn,ninguno,genetica,0,42,0.6882600112579587,20,1364.1477535000013,68.20415998500066,5.585577800004103,22.24824559999979,196806,True,0.09333333373069763,0.6883408962227077,0.17037245810289975,0.7136498516320475,0.14854443132078093,0.5382678751258811,0.7290515144815388,0.23283419548053363,0.09333333373069763,0.07145192990462004,0.007643523772205229,0.008921520768076747,"{""n_vecinos"": 300, ""ponderacion"": ""uniform"", ""n_componentes"": 49}",,,
clasificacion,knn,ninguno,genetica,1,42,0.6871129972329104,20,1647.7472468999986,82.3863950549996,7.61692060000496,27.382807600006345,196806,True,0.09666666388511658,0.6885402382229442,0.17173375237591268,0.7264948579326044,0.1526913218601245,0.5249244712990937,0.7441963298695556,0.23656889998298067,0.09666666388511658,0.07139310890412083,0.006550343292346814,0.00984235058152587,"{""n_vecinos"": 300, ""ponderacion"": ""uniform"", ""n_componentes"": 49}",,,
clasificacion,knn,ninguno,genetica,2,42,0.6850860893723647,20,1585.7237513,79.28244191000049,6.368699800004833,26.437191399993026,196806,True,0.09333333373069763,0.6893193043321825,0.1726591259011913,0.7124303890085769,0.14967297762478485,0.5473313192346425,0.7269290294052619,0.2350651456993026,0.09333333373069763,0.07134978411222938,0.00705032297584592,0.008979648534244652,"{""n_vecinos"": 300, ""ponderacion"": ""uniform"", ""n_componentes"": 49}",,,
clasificacion,knn,ninguno,genetica,3,42,0.6882182527227189,20,1662.753669400001,83.13558349499871,6.437740599998506,26.201283699992928,196807,True,0.09000000357627869,0.6854637902091932,0.1733681838123005,0.6858600434950509,0.14268823895457375,0.5772910372608258,0.6953945477459152,0.2288194790939028,0.09000000357627869,0.07141569231401988,0.006170809621834104,0.009507462565974588,"{""n_vecinos"": 300, ""ponderacion"": ""uniform"", ""n_componentes"": 49}",,,
clasificacion,knn,ninguno,genetica,4,42,0.6865568395657112,20,1433.9544846000063,71.6957791849978,5.419870899990201,22.11482299999625,196807,True,0.09333333373069763,0.6876707003636434,0.17446268941105897,0.7047824231214813,0.14641828050660055,0.5501007049345418,0.7183665347454067,0.23127811590367822,0.09333333373069763,0.07136473805767829,0.007224581982040629,0.008599350942554955,"{""n_vecinos"": 300, ""ponderacion"": ""uniform"", ""n_componentes"": 48}",,,
clasificacion,knn,ninguno,rejilla,0,42,0.6874167659672161,18,1101.4927015000067,61.19364208888874,5.144222599999921,23.414952499995707,196806,True,0.08980098366737366,0.6890160818410723,0.1725820492898837,0.7027559855290435,0.14624427176728433,0.554380664652568,0.7157859827548088,0.2314362289137632,0.08980098366737366,0.07143722834873784,0.008521378120920959,0.00908777928481623,"{""n_vecinos"": 300, ""ponderacion"": ""distance"", ""n_componentes"": 45}",,,
clasificacion,knn,ninguno,rejilla,1,42,0.6871533101624815,18,1054.4042401999977,58.576129627777846,6.0367920999997295,19.7988714000021,196806,True,0.09304197877645493,0.6891614505162046,0.17500911139616832,0.7142799073208406,0.14940211345939933,0.5410372608257804,0.7294936988724298,0.23414687295707126,0.09304197877645493,0.07134988309264965,0.006946466137993102,0.008982155787039663,"{""n_vecinos"": 300, ""ponderacion"": ""distance"", ""n_componentes"": 45}",,,
clasificacion,knn,ninguno,rejilla,2,42,0.6858958411839464,18,1302.5621983999954,72.36424687777779,6.328802999996697,25.7827943999946,196806,True,0.08994833379983902,0.6899486322453058,0.17537579716906668,0.7017600910532092,0.1471713042331531,0.5619335347432024,0.7140393544107893,0.23325321350193332,0.08994833379983902,0.07131646121892027,0.0064177218933028825,0.009457290904534515,"{""n_vecinos"": 300, ""ponderacion"": ""distance"", ""n_componentes"": 45}",,,
clasificacion,knn,ninguno,rejilla,3,42,0.6891349020706709,18,1247.8940857999987,69.327118105555,6.392643999992288,24.873855300000287,196807,True,0.09040474146604538,0.6863964335949382,0.1748848248950289,0.6985427125464929,0.14570011744747488,0.5621852970795569,0.7105175882730107,0.23142294538294123,0.09040474146604538,0.0714073664678999,0.006178590867795629,0.009633479913188518,"{""n_vecinos"": 300, ""ponderacion"": ""distance"", ""n_componentes"": 45}",,,
clasificacion,knn,ninguno,rejilla,4,42,0.6863767147059946,18,1030.346847400011,57.241217405552256,5.369449799996801,22.770655500004068,196807,True,0.09257888048887253,0.6889941128058696,0.17807597336869607,0.7117538261417451,0.14918911489829575,0.546576032225579,0.7262597006345486,0.2343986180090693,0.09257888048887253,0.07130975448241303,0.006952281713944782,0.00873943786565641,"{""n_vecinos"": 300, ""ponderacion"": ""distance"", ""n_componentes"": 45}",,,
clasificacion,knn,smote,aleatoria,0,42,0.6581929103707714,20,1598.2967763999914,79.91426030500006,7.760986699999194,26.623926499989466,271377,True,0.46666666865348816,0.6608372887239194,0.14353418736476897,0.6901955205072965,0.13384445455136118,0.5186304128902316,0.705261994251603,0.21277694572122088,0.46666666865348816,0.1785165087310011,0.30080138379164684,0.30080138379164684,"{""n_vecinos"": 135, ""ponderacion"": ""uniform"", ""n_componentes"": 30}",,,
clasificacion,knn,smote,aleatoria,1,42,0.6585988252669024,20,1908.394424099999,95.4187185000017,8.203701299993554,26.046550099999877,271377,True,0.4740740656852722,0.6601013806795701,0.14222341641018077,0.6970245111987318,0.13523250383614652,0.5103222557905337,0.7134202962635419,0.21380728864511364,0.4740740656852722,0.18017671861504764,0.30350151483345744,0.3035015148334575,"{""n_vecinos"": 135, ""ponderacion"": ""uniform"", ""n_componentes"": 30}",,,
clasificacion,knn,smote,aleatoria,2,42,0.6563555214453617,20,1713.4198437000014,85.66963344999968,7.467262400008622,21.847087900008773,271377,True,0.46666666865348816,0.6684169297841912,0.15016511583869857,0.6907239543108004,0.13760876571060265,0.5375125881168177,0.7041786424939199,0.2191204392672038,0.46666666865348816,0.17830919769363943,0.30196017428061606,0.3019574643638365,"{""n_vecinos"": 135, ""ponderacion"": ""uniform"", ""n_componentes"": 30}",,,
clasificacion,knn,smote,aleatoria,3,42,0.6604990005402328,20,1688.1829258999933,84.40886790500227,8.570347500004573,28.924882399995113,271378,True,0.46666666865348816,0.6605171396218288,0.14430232145415675,0.6921810532306254,0.13498856582816074,0.5201409869083585,0.7072895708505604,0.21434870571146963,0.46666666865348816,0.17781853073282597,0.29992043320933803,0.29992043320933803,"{""n_vecinos"": 135, ""ponderacion"": ""uniform"", ""n_componentes"": 30}",,,
clasificacion,knn,smote,aleatoria,4,42,0.6597330551782642,20,1530.030091499997,76.50096983500116,6.25659249999444,22.637128200003644,271378,True,0.4592592716217041,0.6584012733722495,0.14625564223779983,0.6735635454563932,0.130554367092476,0.5377643504531722,0.6854893983948351,0.2101018049476221,0.4592592716217041,0.18084739076530087,0.3043974576350154,0.3043974576350153,"{""n_vecinos"": 135, ""ponderacion"": ""uniform"", ""n_componentes"": 30}",,,
clasificacion,knn,smote,bayesiana,0,42,0.6631313702684286,20,2077.939518299987,103.6550769949994,8.383372700001928,28.85674740000104,271377,True,0.501694917678833,0.6653201194565808,0.14860972275017192,0.7079183773017357,0.14044671876080492,0.5113293051359517,0.7251824010612425,0.2203656485650735,0.501694917678833,0.19648616846061873,0.33460455989665905,0.33460455989665916,"{""n_vecinos"": 295, ""ponderacion"": ""uniform"", ""n_componentes"": 43}",,,
clasificacion,knn,smote,bayesiana,1,42,0.6625197791197756,20,1992.740340400007,99.48441486999873,8.872669600008521,34.48021890000382,271377,True,0.5211864113807678,0.6588190709941958,0.14495428739136745,0.6953375879029308,0.13409936238044634,0.5083081570996979,0.7117621047977006,0.21221357998738702,0.5211864113807678,0.2111776075993815,0.3530298650744599,0.35302986507445977,"{""n_vecinos"": 236, ""ponderacion"": ""uniform"", ""n_componentes"": 53}",,,
clasificacion,knn,smote,bayesiana,2,42,0.6598938335769883,20,1855.6313280000031,92.53992675000045,10.18125430001237,29.205541699993773,271377,True,0.5127118825912476,0.6723831244980617,0.15020710786063382,0.6910084955896102,0.1385259092372063,0.5417925478348439,0.7041123148352864,0.22063874506587378,0.5127118825912476,0.20830511581809255,0.3508935663238669,0.3508935663238669,"{""n_vecinos"": 236, ""ponderacion"": ""uniform"", ""n_componentes"": 53}",,,
clasificacion,knn,smote,bayesiana,3,42,0.6627284831855915,20,1873.2683876999945,93.55744059499848,9.436962000007043,32.19425100000808,271378,True,0.5277777910232544,0.6625847703029522,0.1486962721967718,0.7140302026381578,0.14135530615144196,0.501007049345418,0.7327378451878219,0.22049861495844875,0.5277777910232544,0.2084228779959115,0.34925046680818334,0.3492504668081834,"{""n_vecinos"": 216, ""ponderacion"": ""uniform"", ""n_componentes"": 54}",,,
clasificacion,knn,smote,bayesiana,4,42,0.6624002907962687,20,1704.8422848000046,85.13232923500254,7.815901099995244,27.8893345999968,271378,True,0.5169491767883301,0.6635016524502131,0.15129298459692317,0.6875470010772139,0.13549459684123025,0.533484390735146,0.7010767427977624,0.21610320738361125,0.5169491767883301,0.21139253556362003,0.35359864187389595,0.35359864187389595,"{""n_vecinos"": 236, ""ponderacion"": ""uniform"", ""n_componentes"": 53}",,,
clasificacion,knn,smote,genetica,0,42,0.6636961301407802,20,2186.588676500003,109.32667462000245,9.848016900010407,35.56226489999972,271377,True,0.5166666507720947,0.6658212645493917,0.1486867355498006,0.7161294256331043,0.14157641827440293,0.49697885196374625,0.7353747512712802,0.22037398827797935,0.5166666507720947,0.20324733756038013,0.34439331714679,0.34439331714678983,"{""n_vecinos"": 300, ""ponderacion"": ""uniform"", ""n_componentes"": 49}",,,
clasificacion,knn,smote,genetica,1,42,0.66390240233854,20,2184.2067880000104,109.20726215999966,9.303527900017798,33.145456600002944,271377,True,0.5233333110809326,0.6624037842612192,0.1478993351368967,0.7171659688630544,0.14017947604573744,0.4876636455186304,0.7373203625912005,0.2177627880831928,0.5233333110809326,0.2050212242853958,0.34657222574511165,0.34657222574511176,"{""n_vecinos"": 300, ""ponderacion"": ""uniform"", ""n_componentes"": 49}",,,
clasificacion,knn,smote,genetica,2,42,0.6608194784728132,20,1979.9083320000063,98.99404971500117,8.191079700001865,32.638550799994846,271377,True,0.49666666984558105,0.6732675795570096,0.15143848371303567,0.6797081419454494,0.13689852750908754,0.5594159113796576,0.690271943400398,0.21996733158441817,0.49666666984558105,0.20332342719296895,0.345711759283185,0.34571175928318504,"{""n_vecinos"": 300, ""ponderacion"": ""uniform"", ""n_componentes"": 49}",,,
clasificacion,knn,smote,genetica,3,42,0.6666977698438793,20,2046.4963894000102,102.32284536000152,8.11356660000456,39.076751999993576,271378,True,0.48439598083496094,0.664396847934881,0.1520205550577706,0.714416373650942,0.14225882018882657,0.5045317220543807,0.7328483937296867,0.22193919929121214,0.48439598083496094,0.18456794249309696,0.3171318581534159,0.31713185815341594,"{""n_vecinos"": 300, ""ponderacion"": ""distance"", ""n_componentes"": 35}",,,
clasificacion,knn,smote,genetica,4,42,0.6638971609600158,20,1845.3746896000084,92.26704811499803,7.038252500016824,28.988805100001628,271378,True,0.5099999904632568,0.6643315680746231,0.15292832504175435,0.6944371049368915,0.13535073839662448,0.5168680765357503,0.7100311746888058,0.21452455590386624,0.5099999904632568,0.2057525038513126,0.3477862912868724,0.34778629128687233,"{""n_vecinos"": 300, ""ponderacion"": ""uniform"", ""n_componentes"": 49}",,,
clasificacion,knn,smote,rejilla,0,42,0.6633801356577594,18,1423.2250349999958,79.06757228333137,7.543209600000409,27.605600499999127,271377,True,0.4943479597568512,0.6643047568887586,0.1475695582454113,0.6916182269013454,0.13771912801604244,0.5360020140986909,0.7052841034711474,0.21913437290926868,0.4943479597568512,0.19903445549829038,0.33785597875603085,0.33785597875603074,"{""n_vecinos"": 300, ""ponderacion"": ""distance"", ""n_componentes"": 45}",,,
clasificacion,knn,smote,rejilla,1,42,0.6631712411965842,18,1734.2721747000032,96.34806502777711,9.075467300004675,38.39789069999824,271377,True,0.5090453028678894,0.6611223651788475,0.14649101657548186,0.7094427055810739,0.13800841514726508,0.4954682779456193,0.7282334733583905,0.21588415971917507,0.5090453028678894,0.19971968010286292,0.3386789390639242,0.33867893906392427,"{""n_vecinos"": 300, ""ponderacion"": ""distance"", ""n_componentes"": 45}",,,
clasificacion,knn,smote,rejilla,2,42,0.660978561409654,18,1692.2092724999966,94.01114745555566,7.207541700001457,29.91004669999529,271377,True,0.4780007600784302,0.6736669482085409,0.15312337511252938,0.6657452949067111,0.13483606557377048,0.5798086606243706,0.6732920627901835,0.21879156374691242,0.4780007600784302,0.19831157952209233,0.33827423629687925,0.33827423629687925,"{""n_vecinos"": 300, ""ponderacion"": ""distance"", ""n_componentes"": 45}",,,
clasificacion,knn,smote,rejilla,3,42,0.6638268306532783,18,1515.3409496999957,84.1854304888863,6.579570399990189,26.79717510000046,271378,True,0.5007971525192261,0.6631858459925886,0.15048220607253798,0.7052905428751448,0.1401421930544162,0.5161127895266868,0.7219040880850781,0.22043010752688172,0.5007971525192261,0.1973822777015409,0.3356853718608973,0.33568537186089736,"{""n_vecinos"": 300, ""ponderacion"": ""distance"", ""n_componentes"": 45}",,,
clasificacion,knn,smote,rejilla,4,42,0.6634161762074575,18,1567.9707997000078,87.10865598889035,8.05359349999344,27.9945224999974,271378,True,0.4909876883029938,0.6636502277979063,0.15327063968938526,0.675656998841487,0.13237639553429026,0.5433031218529708,0.6872802847730438,0.21288349610338364,0.4909876883029938,0.2017328056950911,0.3417000119468347,0.3417000119468347,"{""n_vecinos"": 300, ""ponderacion"": ""distance"", ""n_componentes"": 45}",,,
clasificacion,logistica,adasyn,aleatoria,0,42,0.7432125078055258,20,2999.6831070999906,149.9832353449994,250.974981700012,0.16667779997806065,267583,True,0.3574937582015991,0.7388294364998946,0.21853770456813107,0.7227754969310191,0.1666206896551724,0.608257804632427,0.7328321910236568,0.26158510177566047,0.3574937582015991,0.12239793274236145,0.19692874204145697,0.19692874204145697,"{""C"": 0.004257226831781381, ""penalizacion"": ""l1""}",,,
clasificacion,logistica,adasyn,aleatoria,1,42,0.7410529666441997,20,4185.3198427000025,209.2650930949996,296.78303689998575,0.1991050000069663,267757,True,0.33699989318847656,0.7486333251620508,0.2286054754537188,0.6861916182269013,0.16006639791320845,0.6797583081570997,0.6867565774928145,0.2591170825335892,0.33699989318847656,0.12498370948321093,0.20750120192282176,0.20749256232635466,"{""C"": 0.004257226831781381, ""penalizacion"": ""l1""}",,,
clasificacion,logistica,adasyn,aleatoria,2,42,0.7424784801774128,20,4163.149090500025,208.15628235499608,179.39274960002513,0.043789599993033335,267769,True,0.353730171918869,0.7442492400373253,0.2259585010902852,0.7119019552050729,0.16615404750997972,0.6392245720040282,0.7182843245633429,0.26375110372409494,0.353730171918869,0.12432617238054842,0.2056317128616942,0.2056317128616943,"{""C"": 0.004257226831781381, ""penalizacion"": ""l1""}",,,
clasificacion,logistica,adasyn,aleatoria,3,42,0.7426271217310151,20,3135.1184458999996,156.75567216500093,202.35118769999826,0.11265060000005178,267712,True,0.3666500151157379,0.7433533997305911,0.22317029718313935,0.7303713339159773,0.1724696926980547,0.6160624370594159,0.7404099139932344,0.26949339207048456,0.3666500151157379,0.12289880810700524,0.20280925540858888,0.20280925540858888,"{""C"": 0.004257226831781381, ""penalizacion"": ""l1""}",,,
clasificacion,logistica,adasyn,aleatoria,4,42,0.7429679187518023,20,3299.892315099991,164.99437992000168,237.22474219999276,0.18820629999390803,267687,True,0.35665154457092285,0.7414779570771962,0.21988329002335313,0.7178309383955611,0.16783966753803875,0.6304128902316214,0.7255079705498685,0.2650997829654333,0.35665154457092285,0.1235892869880185,0.20320024674030007,0.20320024674030007,"{""C"": 0.004257226831781381, ""penalizacion"": ""l1""}",,,
clasificacion,logistica,adasyn,bayesiana,0,42,0.7434196687027078,20,8643.10939540001,431.78579096000175,159.5556135000079,0.17128200002480298,267583,True,0.32880547642707825,0.7394494854429825,0.21835669036811134,0.6871265395715621,0.15720288115246098,0.6593655589123867,0.6895644483749723,0.2538774718883288,0.32880547642707825,0.12154731332712344,0.1991152244158552,0.1991152244158552,"{""C"": 0.0021034580869798442, ""penalizacion"": ""l1""}",,,
clasificacion,logistica,adasyn,bayesiana,1,42,0.7414220837483448,20,7935.772578199976,396.51033822999887,295.0906707000104,0.17624980001710355,267757,True,0.3460707366466522,0.7488080809531412,0.22858147409980362,0.6970854843299052,0.16309171597633135,0.6661631419939577,0.699801017024099,0.2620320855614973,0.3460707366466522,0.12443546372096691,0.21038539769966902,0.2103843015930022,"{""C"": 0.0019974448210398443, ""penalizacion"": ""l1""}",,,
clasificacion,logistica,adasyn,bayesiana,2,42,0.7425952593518609,20,3773.669799199997,188.5378467149989,394.4841184000252,0.11795899999560788,267769,True,0.3617016077041626,0.7448213828882655,0.2260924320950842,0.7208040323564083,0.1700344664459012,0.6334340382678751,0.7284766747733805,0.2681016569875859,0.3617016077041626,0.12422062670404994,0.207828505507301,0.20782850550730092,"{""C"": 0.0019974448210398443, ""penalizacion"": ""l1""}",,,
clasificacion,logistica,adasyn,bayesiana,3,42,0.7427957579322445,20,5070.438441600003,253.44869687999963,292.60778510001546,0.16183850000379607,267712,True,0.36672255396842957,0.7434944910644604,0.2230732054076489,0.7306762057681755,0.17292915051110327,0.6175730110775428,0.7406089013685909,0.270198821391199,0.36672255396842957,0.12286373009957113,0.20286687238745335,0.20286687238745335,"{""C"": 0.003960734017244049, ""penalizacion"": ""l1""}",,,
clasificacion,logistica,adasyn,bayesiana,4,42,0.7432209576444055,20,4690.454005799998,234.44511115500137,282.8398556000175,0.1156877000030363,267687,True,0.3603886365890503,0.7415501559625063,0.21997583113948638,0.7221194691164814,0.16916780354706684,0.6243705941591138,0.7307037520175109,0.26620867325032205,0.3603886365890503,0.12357590831931899,0.20328066483536072,0.20328066483536075,"{""C"": 0.003960734017244049, ""penalizacion"": ""l1""}",,,
clasificacion,logistica,adasyn,genetica,0,42,0.740829152156496,20,1295.8059223999735,64.78712490999897,6.70956520002801,0.27627219998976216,267583,True,0.3469134843076267,0.7364479445884624,0.21708793570705334,0.7171456444859965,0.16367940480216436,0.6092648539778449,0.7266195003316382,0.2580369995201791,0.3469134843076267,0.12058805246818648,0.19064307393363378,0.1906430739336338,"{""C"": 0.00029572411409066154, ""penalizacion"": ""l2""}",,,
clasificacion,logistica,adasyn,genetica,1,42,0.7386341230302831,20,1424.274915899994,71.2119758150031,5.642348600027617,0.24460439998074435,267757,True,0.3477832399785694,0.7465665361710616,0.2264448985682198,0.7184667289947563,0.16858982959881927,0.6326787512588117,0.7260004421843909,0.26623583006674434,0.3477832399785694,0.12037806034962013,0.19354313213867014,0.19354313213867022,"{""C"": 0.00029572411409066154, ""penalizacion"": ""l2""}",,,
clasificacion,logistica,adasyn,genetica,2,42,0.740070919862912,20,1766.254637599981,88.29648572000296,5.589990499953274,0.30171569995582104,267769,True,0.3509721554382564,0.7436285871540759,0.22426767496700634,0.7236291207674485,0.16902764406546555,0.6188318227593153,0.7328321910236568,0.265528789024522,0.3509721554382564,0.12050841531148504,0.19226767293263097,0.19226767293263097,"{""C"": 0.00029572411409066154, ""penalizacion"": ""l2""}",,,
clasificacion,logistica,adasyn,genetica,3,42,0.7402134539246111,20,1127.4208887999994,56.370721430000415,4.498764500007383,0.07187179999891669,267712,True,0.34776206654285685,0.7421425926120131,0.22202312874961744,0.7249039653665575,0.17040049631212517,0.622356495468278,0.7339096597315882,0.2675469451810163,0.34776206654285685,0.1189275237056334,0.18917848271719245,0.18917848271719254,"{""C"": 0.00029572411409066154, ""penalizacion"": ""l2""}",,,
clasificacion,logistica,adasyn,genetica,4,42,0.7406647560083011,20,1475.880759599997,73.79360974000083,4.532695599991712,0.111863899990567,267687,True,0.31206037472867554,0.7395750331473068,0.2177873717619312,0.6804129997357777,0.15609270747980802,0.6714501510574018,0.6812001149704835,0.25330040839585904,0.31206037472867554,0.11997516793839727,0.1892657830778597,0.18926578307785977,"{""C"": 0.0003445871220438976, ""penalizacion"": ""l2""}",,,
clasificacion,logistica,adasyn,rejilla,0,42,0.7432487059993697,20,7724.390399700002,386.21883200500304,228.95523729998968,0.2045862999802921,267583,True,0.34356606006622314,0.7387824989385126,0.21853732604021292,0.70684118531767,0.16165997669299495,0.62865055387714,0.7137077161176211,0.25718405603048716,0.34356606006622314,0.12226300246620593,0.19642093922185985,0.1964209392218598,"{""C"": 0.004641588833612781, ""penalizacion"": ""l1""}",,,
clasificacion,logistica,adasyn,rejilla,1,42,0.740973111026013,20,4502.9417312000005,225.14631083500134,220.38560089998646,0.2041474999859929,267757,True,0.34703031182289124,0.7486626009526335,0.22864776957058874,0.6984268932157229,0.16309066104427633,0.662134944612286,0.7016139730267521,0.261717583839188,0.34703031182289124,0.1250173433895853,0.20753417119161183,0.20752552643204158,"{""C"": 0.004641588833612781, ""penalizacion"": ""l1""}",,,
clasificacion,logistica,adasyn,rejilla,2,42,0.7423577704779808,20,4076.6138008999988,203.83026905999867,243.3916686999728,0.1806368000106886,267769,True,0.3446055054664612,0.7450174574887356,0.22590778801325367,0.7009064672167798,0.1631974921630094,0.655337361530715,0.7049082467388901,0.2613191446641903,0.3446055054664612,0.12483619699602456,0.20486550446474813,0.20486550446474813,"{""C"": 0.004641588833612781, ""penalizacion"": ""l1""}",,,
clasificacion,logistica,adasyn,rejilla,3,42,0.7425343175157288,20,3589.7282098000014,179.48488895499995,285.4813347999989,0.2166694000006828,267712,True,0.35631269216537476,0.7446298763568553,0.22406065376821704,0.718278083778785,0.16906498895656247,0.6359516616314199,0.7255079705498685,0.2671178554433458,0.35631269216537476,0.12315260109148758,0.20198928693968587,0.20198928693968587,"{""C"": 0.004641588833612781, ""penalizacion"": ""l1""}",,,
clasificacion,logistica,adasyn,rejilla,4,42,0.7430500450298715,20,3167.6303255999956,158.38120157000012,223.53952980000759,0.17326569999568164,267687,True,0.3650476336479187,0.7416156473456539,0.21948263348780847,0.7274242393447288,0.17081676780358512,0.6165659617321249,0.7371597868624112,0.2675187066470042,0.3650476336479187,0.1239261561127912,0.20221036522448824,0.2022103652244883,"{""C"": 0.004641588833612781, ""penalizacion"": ""l1""}",,,
clasificacion,logistica,class_weight,aleatoria,0,42,0.7573177775219492,20,3716.8100387000013,185.84040832000102,234.544696500001,0.036636400007409975,196806,True,0.5179625749588013,0.7548463665290017,0.22873702098975962,0.7167798056989553,0.1703394877903514,0.648036253776435,0.7228167145699756,0.26976890426033645,0.5179625749588013,0.19863326512121998,0.33273186643139624,0.3327318664313962,"{""C"": 0.01648431838721491, ""penalizacion"": ""l1""}",,,
clasificacion,logistica,class_weight,aleatoria,1,42,0.7550481498286233,20,5282.98709129999,264.1492001000021,253.7755513000011,0.03203159999975469,196806,True,0.537551760673523,0.7612668543835146,0.23762278396401637,0.7329580098369985,0.17918387345138936,0.6445115810674723,0.7407251824010612,0.28040966098910125,0.537551760673523,0.20193430904547965,0.3398114951274311,0.3398114951274311,"{""C"": 0.01648431838721491, ""penalizacion"": ""l1""}",,,
clasificacion,logistica,class_weight,aleatoria,2,42,0.7564915307602593,20,2908.272686899989,145.41355265999883,242.329141899987,0.053076900003361516,196806,True,0.5196137428283691,0.756503441957955,0.2330550059212303,0.7135075809926426,0.1703568637666059,0.6586102719033232,0.718328543002432,0.2706953642384106,0.5196137428283691,0.20086270413395826,0.33654160282681483,0.3365416028268148,"{""C"": 0.01648431838721491, ""penalizacion"": ""l1""}",,,
clasificacion,logistica,class_weight,aleatoria,3,42,0.7561430485727572,20,2615.5849768000044,130.7791787400012,240.48959890000697,0.06232110000564717,196807,True,0.5359319448471069,0.7595483464175827,0.235590365499551,0.7374850104672669,0.1814814814814815,0.6414904330312186,0.7459152313780981,0.28292249611370196,0.5359319448471069,0.1989854206399491,0.3353648425180402,0.3353648425180402,"{""C"": 0.01648431838721491, ""penalizacion"": ""l1""}",,,
clasificacion,logistica,class_weight,aleatoria,4,42,0.7569670398764282,20,2142.08219239999,107.10402946499963,167.25160329999926,0.03712219999579247,196807,True,0.5150398015975952,0.7555114543318631,0.22958764569111179,0.7128107152293652,0.17113442113442112,0.6654078549848943,0.7169736231179111,0.2722496909765142,0.5150398015975952,0.19916575439026088,0.3341824702351491,0.3341824702351492,"{""C"": 0.01648431838721491, ""penalizacion"": ""l1""}",,,
clasificacion,logistica,class_weight,bayesiana,0,42,0.7572354525404826,20,4352.245019199996,217.54190319499975,206.40982769998664,0.026068399994983338,196806,True,0.5221360921859741,0.7548373213422545,0.22867952719677395,0.721495061176375,0.1718043844856661,0.6412386706948641,0.7285430024320142,0.27100069159972334,0.5221360921859741,0.19857372409043322,0.33261630451852287,0.3326163045185229,"{""C"": 0.017844289102311058, ""penalizacion"": ""l1""}",,,
clasificacion,logistica,class_weight,bayesiana,1,42,0.7552430437514565,20,3622.5848735000036,181.05181160500214,251.16808370000217,0.08395650000602473,196806,True,0.5404720306396484,0.7612469354907301,0.23794268783696518,0.735884720133328,0.18005815190412028,0.6392245720040282,0.744373203625912,0.28097161511647206,0.5404720306396484,0.20205144188043758,0.34006710205102675,0.3400671020510267,"{""C"": 0.01273301802465415, ""penalizacion"": ""l1""}",,,
clasificacion,logistica,class_weight,bayesiana,2,42,0.756437370714325,20,3410.742094800007,170.467013245001,272.6611172999983,0.030690899991896003,196806,True,0.5190224051475525,0.7564849452468406,0.23302062628492973,0.7129791471891387,0.17024041585445093,0.6596173212487412,0.7176652664160955,0.27063319904968497,0.5190224051475525,0.20086396035951062,0.3365362889124008,0.33653628891240084,"{""C"": 0.017844289102311058, ""penalizacion"": ""l1""}",,,
clasificacion,logistica,class_weight,bayesiana,3,42,0.7561836919005351,20,3319.3124375000043,165.89538060500053,312.8308377999929,0.034279099985724315,196807,True,0.5385565757751465,0.759655374216611,0.23574858375289123,0.7405134041991016,0.18269716429756835,0.6374622356495468,0.7495633332596343,0.2839997756715832,0.5385565757751465,0.19900426108073674,0.33549707439555326,0.3354970743955533,"{""C"": 0.014091327932864077, ""penalizacion"": ""l1""}",,,
clasificacion,logistica,class_weight,bayesiana,4,42,0.7570076938496587,20,3006.935410899998,150.28584054500098,201.45907279998937,0.023389900001347996,196807,True,0.5109398365020752,0.7555515017379277,0.2297309361337946,0.7077295176927298,0.1691671964399237,0.6699395770392749,0.7110482212739614,0.2701248604202619,0.5109398365020752,0.19915380992150564,0.33432137769381526,0.3343213776938152,"{""C"": 0.01273301802465415, ""penalizacion"": ""l1""}",,,
clasificacion,logistica,class_weight,genetica,0,42,0.7562035775358695,20,7214.907311100003,360.7445745900004,1558.4358976000076,0.16712710000865627,196806,True,0.509070873260498,0.7541297929192162,0.22739332689669034,0.7077151335311572,0.1670398566950291,0.6573514602215509,0.712137961529958,0.26638779778605315,0.509070873260498,0.1983155518222184,0.33111446084610274,0.3311144608461028,"{""C"": 0.28442513816885445, ""penalizacion"": ""l1""}",,,
clasificacion,logistica,class_weight,genetica,1,42,0.7541086510324703,20,968.4615947999991,48.422776455002165,3.901534400007222,0.09143869999388698,196806,True,0.5318433480129895,0.7609155421133875,0.23732721875430832,0.730173570180074,0.1778393351800554,0.6465256797583081,0.7375193455671015,0.2789485118401043,0.5318433480129895,0.19988870694904506,0.3359360260222578,0.33593602602225775,"{""C"": 0.0006741666553637619, ""penalizacion"": ""l2""}",,,
clasificacion,logistica,class_weight,genetica,2,42,0.755754020348856,20,1245.2809846000018,62.263746739999625,3.912741799998912,0.09465230000205338,196806,True,0.5177919048292444,0.7562707802728763,0.2326009825533733,0.7148286655014023,0.17116704805491992,0.6591137965760322,0.7197214238337387,0.27176000415217727,0.5177919048292444,0.19910420975285964,0.33314606144831277,0.33314606144831277,"{""C"": 0.0006741666553637619, ""penalizacion"": ""l2""}",,,
clasificacion,logistica,class_weight,genetica,3,42,0.7554901607783421,20,4040.579264,202.02869237499982,267.68409260000044,0.040726099992753007,196807,True,0.5428731441497803,0.7588883532535571,0.234560781374324,0.7445580374382634,0.18364492860297366,0.628147029204431,0.7547812244356497,0.284200934047158,0.5428731441497803,0.198975592235337,0.334738944063144,0.3347389440631439,"{""C"": 0.1786516029049276, ""penalizacion"": ""l1""}",,,
clasificacion,logistica,class_weight,genetica,4,42,0.7568600221247145,20,3037.866534700006,151.89279168999929,214.98253639998438,0.1109059000009438,196807,True,0.5216437578201294,0.7554638922968194,0.2301022743928001,0.7189691266437674,0.17209023757236974,0.6510574018126888,0.7249331181321719,0.27222485393968104,0.5216437578201294,0.1993337234602141,0.3354612274162777,0.3354612274162777,"{""C"": 0.008835889998829614, ""penalizacion"": ""l1""}",,,
clasificacion,logistica,class_weight,rejilla,0,42,0.7573064816982901,20,2748.656482899998,137.43278785999937,226.3181110999867,0.16312949999701232,196806,True,0.5186726450920105,0.7548459017455597,0.22873539260713388,0.7175927807812691,0.17070418796044334,0.6475327291037261,0.7237453017908467,0.27018225747150587,0.5186726450920105,0.19864157939585347,0.3327432736107222,0.33274327361072226,"{""C"": 0.016681005372000585, ""penalizacion"": ""l1""}",,,
clasificacion,logistica,class_weight,rejilla,1,42,0.7550481915761006,20,2461.8399665000034,123.09196279000025,269.15218129999994,0.11943530000280589,196806,True,0.5376344919204712,0.7612701356989531,0.23763293294643134,0.7331612536075769,0.17930937872101982,0.6445115810674723,0.7409462745965067,0.2805633185380021,0.5376344919204712,0.20192685763704313,0.3398080473738625,0.3398080473738626,"{""C"": 0.016681005372000585, ""penalizacion"": ""l1""}",,,
clasificacion,logistica,class_weight,rejilla,2,42,0.756481934580768,20,2263.357995600003,113.16786300000021,249.13744710000174,0.11789169999246951,196806,True,0.5193077921867371,0.7565040375487132,0.2330567417659516,0.713324661599122,0.1704286736486047,0.6596173212487412,0.7180411231483529,0.2708710261049367,0.5193077921867371,0.20086373358498127,0.33654673148977104,0.3365467314897711,"{""C"": 0.016681005372000585, ""penalizacion"": ""l1""}",,,
clasificacion,logistica,class_weight,rejilla,3,42,0.7561447868550522,20,2586.167576800013,129.30834593499966,237.54863150000165,0.14742959999421146,196807,True,0.5361178517341614,0.7595498437769865,0.23559214527982064,0.7376272839982927,0.18152661962796665,0.6412386706948641,0.7460921090450817,0.28295284119313446,0.5361178517341614,0.1989871221521535,0.3353654516046531,0.33536545160465314,"{""C"": 0.016681005372000585, ""penalizacion"": ""l1""}",,,
clasificacion,logistica,class_weight,rejilla,4,42,0.7569594167718079,20,2367.1868860000104,118.35930232499814,174.02007919999596,0.14504329999908805,196807,True,0.5143003463745117,0.7555133079403443,0.22958885037456012,0.7119367492530639,0.17091425253242146,0.6669184290030211,0.7158902474076367,0.27209696471675826,0.5143003463745117,0.1991646166614037,0.3341830301042563,0.3341830301042564,"{""C"": 0.016681005372000585, ""penalizacion"": ""l1""}",,,
clasificacion,logistica,ninguno,aleatoria,0,42,0.7570950171580462,20,1721.9863275000002,86.09923831999993,154.5121653999995,0.019952900000134832,196806,True,0.09619846194982529,0.7545382234563012,0.22969004538520227,0.6850534531116621,0.16105882352941175,0.68932527693857,0.6846783108556268,0.26111005149723443,0.09619846194982529,0.06854212031321731,0.01284573472124172,0.012664516154654993,"{""C"": 0.059282148520287944, ""penalizacion"": ""l1""}",,,
clasificacion,logistica,ninguno,aleatoria,1,42,0.7545893528812054,20,2584.4347511999986,129.2215138650002,231.38278210000135,0.03380160000233445,196806,True,0.10671459138393402,0.7597101777443207,0.2395251843321442,0.6524938010649973,0.1545425834298347,0.7391742195367573,0.6448817156754366,0.2556377884196778,0.10671459138393402,0.06876913533015128,0.02795616061324901,0.02773705284089585,"{""C"": 0.059282148520287944, ""penalizacion"": ""l1""}",,,
clasificacion,logistica,ninguno,aleatoria,2,42,0.7567181548531826,20,2688.0176285000016,134.40067490499968,235.97507510000287,0.04243499999574851,196806,True,0.10503162443637848,0.7561008615693448,0.2345607033427765,0.6576561928376895,0.1548321355786764,0.7268378650553877,0.6515808091974353,0.25528340259969934,0.10503162443637848,0.06883107255265306,0.025561647868601146,0.025070346461353695,"{""C"": 0.059282148520287944, ""penalizacion"": ""l1""}",,,
clasificacion,logistica,ninguno,aleatoria,3,42,0.7560997679375422,20,2751.283553299996,137.56246385999913,382.82347709999885,0.2043952999956673,196807,True,0.10660538822412491,0.7581653652331226,0.23540649892891174,0.667933578585801,0.15847326557666813,0.722306143001007,0.6631585929381592,0.25992027541221235,0.10660538822412491,0.06872124173140541,0.02462006373752041,0.024409840678246184,"{""C"": 0.059282148520287944, ""penalizacion"": ""l1""}",,,
clasificacion,logistica,ninguno,aleatoria,4,42,0.7566592821784582,20,3721.468929300012,186.07239589999807,406.50568859999476,0.20388549999915995,196807,True,0.10786298662424088,0.7552703293703072,0.23222905707042646,0.6728725025914107,0.1599820496998934,0.7180261832829808,0.6689071171151253,0.26166337905408504,0.10786298662424088,0.06886404191719851,0.024633102228965014,0.02425519344895383,"{""C"": 0.059282148520287944, ""penalizacion"": ""l1""}",,,
clasificacion,logistica,ninguno,bayesiana,0,42,0.7570890357882419,20,3365.3949709,168.20469074,201.3600895999998,0.02142909999929543,196806,True,0.09668296575546265,0.7545361221898412,0.22972661495708066,0.6873094589650828,0.16175686088554325,0.6870594159113796,0.6873314172009728,0.26186249580194787,0.09668296575546265,0.06854139560689171,0.012846630663601274,0.01266870949060528,"{""C"": 0.0561328589731617, ""penalizacion"": ""l1""}",,,
clasificacion,logistica,ninguno,bayesiana,1,42,0.7548175315458132,20,3630.2509941999997,181.42788342999992,216.73938440000347,0.1493506000006164,196806,True,0.10540832579135895,0.7601671238799832,0.23999063489031122,0.6464981098329337,0.15322205570771535,0.7464753272910373,0.6377183285430025,0.2542554559876517,0.10540832579135895,0.06875384583020004,0.028169623374257675,0.027954221906714725,"{""C"": 0.03689717149292666, ""penalizacion"": ""l1""}",,,
clasificacion,logistica,ninguno,bayesiana,2,42,0.7567023445617015,20,3745.8058803999957,187.2151650800006,247.0915091999923,0.16883580000285292,196806,True,0.10505519062280655,0.7561020889316082,0.23457230782171692,0.6577578147229788,0.15487366557588111,0.7268378650553877,0.6516913552951581,0.25533984875956306,0.10505519062280655,0.0688309418120448,0.025613113810031445,0.025070273898723797,"{""C"": 0.0561328589731617, ""penalizacion"": ""l1""}",,,
clasificacion,logistica,ninguno,bayesiana,3,42,0.7560772190866057,20,4635.544913199999,231.46072897500017,468.7252951000046,0.21988119999878109,196807,True,0.10659623891115189,0.7581622480536943,0.23541026816729047,0.6679539033759476,0.15848201955476993,0.722306143001007,0.6631807026465321,0.2599320498301246,0.10659623891115189,0.06872122344200607,0.02461877955808848,0.02444949479414056,"{""C"": 0.0561328589731617, ""penalizacion"": ""l1""}",,,
clasificacion,logistica,ninguno,bayesiana,4,42,0.7568328878673823,20,5678.749211999995,283.5494406650003,345.5893769000104,0.19633890000113752,196807,True,0.10758388042449951,0.7555797428269081,0.23225057241363034,0.6718969126643768,0.15974280123008108,0.7192849949647533,0.667735302571359,0.26142654527153775,0.10758388042449951,0.0688614957450005,0.02478831073634615,0.024289638628405462,"{""C"": 0.03689717149292666, ""penalizacion"": ""l1""}",,,
clasificacion,logistica,ninguno,genetica,0,42,0.7571147537997636,20,4062.120450299999,203.10159122000013,352.28197720000026,0.19745610000063607,196806,True,0.09484970569610596,0.7548166231718425,0.22990739685994102,0.6794845737978131,0.15984315534540422,0.6978851963746223,0.6778686712359053,0.26011072534484375,0.09484970569610596,0.0685261926202531,0.012755848719468254,0.012657961448833235,"{""C"": 0.0342591848688409, ""penalizacion"": ""l1""}",,,
clasificacion,logistica,ninguno,genetica,1,42,0.7540536904786596,20,5219.051693000001,260.952109224999,419.10812469999655,0.033254699999815784,196806,True,0.11041445285081863,0.7594934355879172,0.2392452926120548,0.6700134140888582,0.15914396887159532,0.7207955689828801,0.6655538359495909,0.2607230671159275,0.11041445285081863,0.06877619438899674,0.027936173635278075,0.02756776083784906,"{""C"": 3.581385516931618, ""penalizacion"": ""l1""}",,,
clasificacion,logistica,ninguno,genetica,2,42,0.7560735920688343,20,4430.512830199994,221.52215799999976,333.39009179999994,0.16976699999941047,196806,True,0.10749489814043045,0.7560628550862004,0.23424729387320087,0.6685907076948091,0.15773115773115773,0.7155085599194361,0.664470484191908,0.258481127785357,0.10749489814043045,0.06883782651663946,0.025414796401590955,0.025032055329349198,"{""C"": 3.299820608094614, ""penalizacion"": ""l1""}",,,
clasificacion,logistica,ninguno,genetica,3,42,0.7555236817733734,20,6674.696292599998,333.72951082500003,548.5777856999994,0.33332959999825107,196807,True,0.10770107060670853,0.7577814233562283,0.23518022722310766,0.6727505538505315,0.15962283212662065,0.716012084592145,0.6689513365318711,0.2610491532424618,0.10770107060670853,0.06873377279731498,0.02461866068872065,0.024272238253418617,"{""C"": 3.045816681159066, ""penalizacion"": ""l1""}",,,
clasificacion,logistica,ninguno,genetica,4,42,0.7560400146358183,20,6317.5478783,315.87158756500065,618.1332866999874,0.20001860000775196,196807,True,0.10704873502254486,0.7550825165265617,0.23163475860894162,0.6700270319708949,0.15930432849919432,0.7218026183282981,0.6654801123173185,0.26100414220037327,0.10704873502254486,0.0688834753844246,0.024504209515679897,0.024237776920714264,"{""C"": 3.3483706910992073, ""penalizacion"": ""l1""}",,,
clasificacion,logistica,ninguno,rejilla,0,42,0.7570940705339994,20,1600.8922801999997,80.044585845,150.1427531999998,0.05148009999993519,196806,True,0.09620507061481476,0.75453628639477,0.229709084717559,0.6852363725051828,0.16114413513036313,0.68932527693857,0.6848772938315277,0.26122215331775034,0.09620507061481476,0.06854219906438805,0.012829229108206719,0.0126704084460585,"{""C"": 0.05994842503189412, ""penalizacion"": ""l1""}",,,
clasificacion,logistica,ninguno,rejilla,1,42,0.7545911923794222,20,2636.7255453999987,131.83608145,230.59286670000074,0.07101949999923818,196806,True,0.10686769336462021,0.7597067878866414,0.2395320990499953,0.6531441811308484,0.15465766431058128,0.7381671701913394,0.6456776475790404,0.2557348451809856,0.10686769336462021,0.06876936161380998,0.027940774352962956,0.027697005852981797,"{""C"": 0.05994842503189412, ""penalizacion"": ""l1""}",,,
clasificacion,logistica,ninguno,rejilla,2,42,0.7567186871335178,20,2426.414611600001,121.32062190000015,250.87643440000102,0.1487252000006265,196806,True,0.10503756999969482,0.7560989996524421,0.23455908028541803,0.6576765172147474,0.154840439796192,0.7268378650553877,0.6516029184169799,0.2552946898350798,0.10503756999969482,0.06883111091335263,0.025616594457697126,0.025067870697418528,"{""C"": 0.05994842503189412, ""penalizacion"": ""l1""}",,,
clasificacion,logistica,ninguno,rejilla,3,42,0.7560990681573871,20,2696.2396874999977,134.81170560500067,344.4211687999996,0.20885360000102082,196807,True,0.10659882426261902,0.7581557659904012,0.23541033683519857,0.6679945529562408,0.15846179346925243,0.7220543806646526,0.6632470317716509,0.2598885415250782,0.10659882426261902,0.06872156370097061,0.02455561360602373,0.024448427900227405,"{""C"": 0.05994842503189412, ""penalizacion"": ""l1""}",,,
clasificacion,logistica,ninguno,rejilla,4,42,0.7566534865808695,20,7396.494572000003,369.8240865249994,396.66671099999803,0.2244230000069365,196807,True,0.10788284242153168,0.7552742508933559,0.23221889659463316,0.6729741265421435,0.1599887766554433,0.7177744209466264,0.669039775365363,0.26165565345080766,0.10788284242153168,0.06886422092422216,0.024619576678403702,0.024255018485960077,"{""C"": 0.05994842503189412, ""penalizacion"": ""l1""}",,,
clasificacion,logistica,smote,aleatoria,0,42,0.7435737116753568,20,3093.326916100006,154.665169554999,168.6867678999988,0.1495578000030946,271377,True,0.3623111844062805,0.7388449691728903,0.21870548994303932,0.7205194910775985,0.16599494500990505,0.6117824773413897,0.7300685385805881,0.26113588737843213,0.3623111844062805,0.12512178016884648,0.20086994205881267,0.20086994205881267,"{""C"": 0.004257226831781381, ""penalizacion"": ""l1""}",,,
clasificacion,logistica,smote,aleatoria,1,42,0.741520088038583,20,3270.632411800005,163.53051820499894,304.68097580000176,0.11795559999882244,271377,True,0.3536440432071686,0.7491089516956969,0.22960543430273989,0.6999512214950612,0.1640201756024659,0.6631419939577039,0.7031837276144152,0.2629923618391493,0.3536440432071686,0.12776797517150315,0.21162969050208835,0.21162226546080126,"{""C"": 0.004257226831781381, ""penalizacion"": ""l1""}",,,
clasificacion,logistica,smote,aleatoria,2,42,0.7430505312466674,20,2963.6835738999944,148.18389204499908,197.58410009999352,0.20405729999765754,271377,True,0.33927154541015625,0.7445396628934045,0.2262152093935338,0.6869232958009837,0.15968087639914266,0.675226586102719,0.6879504753482202,0.2582819722650231,0.33927154541015625,0.12716131514784515,0.20986496062366422,0.20986496062366428,"{""C"": 0.004257226831781381, ""penalizacion"": ""l1""}",,,
clasificacion,logistica,smote,aleatoria,3,42,0.7428850173809497,20,3521.5595586000127,176.07675715999648,231.83268930000486,0.1816267000103835,271378,True,0.3702128827571869,0.743949365472522,0.2235209439867535,0.7276884616166338,0.17175094024237358,0.620845921450151,0.7370713480289195,0.2690671031096563,0.3702128827571869,0.12545159582547036,0.20645958711862755,0.20645958711862758,"{""C"": 0.004257226831781381, ""penalizacion"": ""l1""}",,,
clasificacion,logistica,smote,aleatoria,4,42,0.74340268796717,20,3565.0541916000075,178.25042678500176,258.2846499000152,0.2126089000084903,271378,True,0.37072357535362244,0.7416876597568373,0.22084461031261798,0.7260015040344708,0.17071819378073275,0.6205941591137966,0.7352583519423379,0.2677746999076639,0.37072357535362244,0.12640277481449358,0.20749456827794988,0.20749456827794985,"{""C"": 0.004257226831781381, ""penalizacion"": ""l1""}",,,
clasificacion,logistica,smote,bayesiana,0,42,0.7437297747040613,20,7461.2589461000025,372.7917419300014,147.49732910000603,0.19476569999824278,271377,True,0.3463759124279022,0.7394995929944277,0.21856884993545342,0.7013536035120523,0.16142478211443728,0.6435045317220544,0.7064337828874641,0.25810360496819146,0.3463759124279022,0.12463328521422742,0.2034837703743419,0.2034837703743419,"{""C"": 0.0021034580869798442, ""penalizacion"": ""l1""}",,,
clasificacion,logistica,smote,bayesiana,1,42,0.7421168186508624,20,3977.605692500001,198.42471267000292,242.36277459999837,0.171631500008516,271377,True,0.3530931770801544,0.7492901365272138,0.22931049446357962,0.6974716474940043,0.1632829373650108,0.6661631419939577,0.7002210921954455,0.26227883233384547,0.3530931770801544,0.127238021035183,0.2146314514677021,0.21463105397903037,"{""C"": 0.0019974448210398443, ""penalizacion"": ""l1""}",,,
clasificacion,logistica,smote,bayesiana,2,42,0.7432223669941239,20,4057.888651699992,202.79290545999976,239.3647437000036,0.17211289999249857,271377,True,0.36132895946502686,0.7453399281372437,0.22713026862566532,0.7125929840250397,0.16744064359997385,0.6445115810674723,0.7185717444174221,0.2658221276153886,0.36132895946502686,0.1269267098851442,0.21192205394694755,0.2119220539469476,"{""C"": 0.0019974448210398443, ""penalizacion"": ""l1""}",,,
clasificacion,logistica,smote,bayesiana,3,42,0.7432323828880132,20,4301.873359999998,214.8576512649961,217.19842359999893,0.23349559999769554,271378,True,0.36278313398361206,0.7447418582446178,0.22277006210965683,0.7179528871364403,0.1684851730370172,0.6336858006042296,0.7253532025912578,0.2661942784622706,0.36278313398361206,0.12536992307577127,0.20878319629334324,0.20878319629334322,"{""C"": 0.0019974448210398443, ""penalizacion"": ""l1""}",,,
clasificacion,logistica,smote,bayesiana,4,42,0.7435956565386848,20,4209.2007897,210.13546019500063,174.7137252999819,0.05965710000600666,271378,True,0.3707554042339325,0.7417201480027886,0.22087187339057174,0.7261031279852036,0.17064042140282784,0.6198388721047331,0.7354352296093215,0.26760869565217393,0.3707554042339325,0.12640736807080916,0.20752037561689118,0.2075203756168912,"{""C"": 0.003960734017244049, ""penalizacion"": ""l1""}",,,
clasificacion,logistica,smote,genetica,0,42,0.7412282903933812,20,1410.682301599998,70.53186836499954,6.122804400001769,0.23730130000330973,271377,True,0.3542533819932777,0.736514728681135,0.21708257600642433,0.717856997683021,0.16365734455606842,0.6069989929506546,0.7275923059915985,0.25780581693755344,0.3542533819932777,0.12352355940906526,0.19463747796432532,0.1946374779643253,"{""C"": 0.0003445871220438976, ""penalizacion"": ""l2""}",,,
clasificacion,logistica,smote,genetica,1,42,0.7390848788917374,20,1027.3089218999958,51.3650154300005,4.437591000008979,0.09719249999034218,271377,True,0.36003044117193145,0.7469875631743674,0.22700822584149302,0.7252144221779603,0.17125740256163063,0.6261329305135952,0.7339155427813399,0.2689520925705634,0.36003044117193145,0.1229912608265364,0.19741086780922104,0.1974108678092211,"{""C"": 0.00029572411409066154, ""penalizacion"": ""l2""}",,,
clasificacion,logistica,smote,genetica,2,42,0.7406247064108662,20,1058.539860200006,52.92549857500126,6.10439170000609,0.25174609999521635,271377,True,0.34445618980901127,0.7436013013045775,0.2248346608280529,0.7090971911710906,0.16418782879781776,0.6364551863041289,0.7154764536811851,0.26103567556404567,0.34445618980901127,0.12329579916144122,0.19605707433017303,0.19605707433017305,"{""C"": 0.0003163037061658329, ""penalizacion"": ""l2""}",,,
clasificacion,logistica,smote,genetica,3,42,0.740396682547224,20,1575.249115499988,78.75992045999737,6.1848458999884315,0.24298219999764115,271378,True,0.3644707075334638,0.7431119964494435,0.22292107569006983,0.7369768907136034,0.17538906985161057,0.6100201409869084,0.7481262022153928,0.27244616855006465,0.3644707075334638,0.1213698116196585,0.19264993666526464,0.19264993666526464,"{""C"": 0.00029572411409066154, ""penalizacion"": ""l2""}",,,
clasificacion,logistica,smote,genetica,4,42,0.7408124270910544,20,1386.458645000006,69.32109295499541,6.532669499982148,0.2863186000031419,271378,True,0.35204451775036466,0.7398318442010565,0.2189842578360526,0.7208390073372493,0.16776696386034165,0.6205941591137966,0.7296424860156094,0.2641307259576748,0.35204451775036466,0.12260145937458697,0.19352764674404616,0.1935276467440462,"{""C"": 0.0003163037061658329, ""penalizacion"": ""l2""}",,,
clasificacion,logistica,smote,rejilla,0,42,0.7436510373964215,20,3844.113145299998,192.20528453500083,281.22133650000615,0.20634370000334457,271377,True,0.3473668396472931,0.7388046276399978,0.21859194369139978,0.7034266899719523,0.16091954022988506,0.6344410876132931,0.709484855184612,0.2567237163814181,0.3473668396472931,0.1251087507699714,0.20082651293737258,0.20082651293737255,"{""C"": 0.004641588833612781, ""penalizacion"": ""l1""}",,,
clasificacion,logistica,smote,rejilla,1,42,0.7416896923833799,20,3599.6601250000094,179.98282914999945,432.199249399986,0.17294209999090526,271377,True,0.3545244336128235,0.7491906032922475,0.22966636660140677,0.7012316572497053,0.16437241897134275,0.6613796576032226,0.7047313729825337,0.2633056028866393,0.3545244336128235,0.1277650434330007,0.21161858604694003,0.2116112110642508,"{""C"": 0.004641588833612781, ""penalizacion"": ""l1""}",,,
clasificacion,logistica,smote,rejilla,2,42,0.742931095888979,20,2962.348263299995,148.11704838000077,311.223301799997,0.16804360000242013,271377,True,0.342130184173584,0.7450560512132351,0.22605122613857126,0.6909475224584366,0.16085013887211688,0.6706948640483383,0.692726066769843,0.25947209506184865,0.342130184173584,0.12769375644043318,0.20911782121501038,0.2091178212150104,"{""C"": 0.004641588833612781, ""penalizacion"": ""l1""}",,,
clasificacion,logistica,smote,rejilla,3,42,0.742721916339363,20,3789.612603299989,189.48042645499953,193.56811429999652,0.2573570000240579,271378,True,0.37063995003700256,0.7452935155075335,0.22452490091563904,0.729233145667771,0.17371580122836405,0.6266364551863042,0.7382431625726856,0.27202185792349726,0.37063995003700256,0.12574972920219935,0.20563573079574704,0.2056357307957471,"{""C"": 0.004641588833612781, ""penalizacion"": ""l1""}",,,
clasificacion,logistica,smote,rejilla,4,42,0.7433405423423464,20,3495.0496032999945,174.75192790000148,345.76117579999845,0.1982785000000149,271378,True,0.3760890066623688,0.7418704851134977,0.22052777209348617,0.7324038129306315,0.1729510529311326,0.6120342396777442,0.7429746401644962,0.2696915908586643,0.3760890066623688,0.1267126373835104,0.20638459563179035,0.2063845956317904,"{""C"": 0.004641588833612781, ""penalizacion"": ""l1""}",,,
clasificacion,naive_bayes,adasyn,aleatoria,0,42,0.588947973989084,20,41.471164099995804,2.073494569999093,1.0840260999975726,0.507715100000496,267583,True,1.0,0.5972370322079896,0.10687395737679,0.6735701800739807,0.1178478851868243,0.4692849949647533,0.6915100596948928,0.18838748799838295,1.0,0.5782905784099582,0.5826369497881656,0.581489439284077,"{""var_smoothing"": 0.053931918307009316}",,,
clasificacion,naive_bayes,adasyn,aleatoria,1,42,0.5843596825374878,20,43.300350599995,2.164957819999472,1.0145528000066406,0.4656248000028427,267757,True,1.0,0.5991945720418788,0.10616425486238243,0.6225559936587943,0.1150255788196825,0.5490936555891238,0.6290072960424496,0.19020625299786334,1.0,0.6090644502551922,0.6129559821830242,0.6110562476026152,"{""var_smoothing"": 0.053931918307009316}",,,
clasificacion,naive_bayes,adasyn,aleatoria,2,42,0.5852501176109929,20,45.06454389999999,2.2531556800000545,1.1761779000007664,0.5792613000012352,267769,True,1.0,0.6056091206876169,0.10890760277137121,0.6409292305190846,0.11918135810021689,0.5395266868076536,0.6498341808534158,0.1952352753609985,1.0,0.6075254380492218,0.6114106508331905,0.6099677372068398,"{""var_smoothing"": 0.053931918307009316}",,,
clasificacion,naive_bayes,adasyn,aleatoria,3,42,0.5851497277747496,20,43.965754099997866,2.1982242500005666,1.0068765000032727,0.554055900000094,267712,True,1.0,0.5864105460681601,0.10151019223590829,0.6035039938212637,0.10819126399677191,0.5400302114803626,0.6090782462579318,0.18026724934868477,1.0,0.603436292981057,0.6068817920230627,0.606818449554587,"{""var_smoothing"": 0.053931918307009316}",,,
clasificacion,naive_bayes,adasyn,aleatoria,4,42,0.5826609130372211,20,44.61485950000497,2.2306752099990264,0.9712695999987773,0.46254169999883743,267687,True,1.0,0.5950935968748228,0.10450875930267638,0.6168980305278348,0.11235603731304393,0.5427995971802618,0.6234053372836013,0.18617503562022364,1.0,0.6238771879783167,0.6274048213941686,0.6243877028985558,"{""var_smoothing"": 0.053931918307009316}",,,
clasificacion,naive_bayes,adasyn,bayesiana,0,42,0.5910470094879324,20,43.60425969999778,2.099005190000753,1.1561212000015075,0.6560763000015868,267583,True,1.0,0.5995584056335984,0.10790681405412489,0.6858054550628023,0.11956017751871233,0.45443101711983885,0.7061242538138404,0.18931249672242909,1.0,0.6099919346182514,0.6144306587344692,0.6113761831441076,"{""var_smoothing"": 0.09436054908842889}",,,
clasificacion,naive_bayes,adasyn,bayesiana,1,42,0.5863248636218461,20,42.992701499999384,2.075237464999373,1.077860099998361,0.5651083999982802,267757,True,1.0,0.6016905621018587,0.10726265526432774,0.630909312629568,0.11678910976663785,0.5443101711983888,0.6385142604466062,0.1923145347802882,1.0,0.6348264729519314,0.6386779515486639,0.636528051816822,"{""var_smoothing"": 0.09436054908842889}",,,
clasificacion,naive_bayes,adasyn,bayesiana,2,42,0.5869665380026117,20,45.09087230000296,2.1732510100013314,1.1841376999946078,0.683295700000599,267769,True,1.0,0.6091616859693735,0.11068274898151113,0.6561928376895249,0.12218330414477525,0.5269385699899295,0.6675436657086005,0.19836982276561463,1.0,0.6369482219254875,0.6410945932143113,0.6391807236999602,"{""var_smoothing"": 0.09436054908842889}",,,
clasificacion,naive_bayes,adasyn,bayesiana,3,42,0.5869185668573379,20,44.52489780000178,2.144934360001207,1.1474376999976812,0.5329607999956352,267712,True,1.0,0.5888749881241029,0.10251329280814715,0.6127517733379403,0.10984632896983494,0.5344914400805639,0.6196245771518274,0.1822395810979012,1.0,0.6185966745505797,0.6220137991492487,0.6166346537390194,"{""var_smoothing"": 0.09436054908842889}",,,
clasificacion,naive_bayes,adasyn,bayesiana,4,42,0.5845067963795777,20,41.81289190000098,2.016505605000566,1.2105219999939436,0.5754410999943502,267687,True,1.0,0.5986738221743098,0.10601908282432645,0.6323042214589134,0.11480329568396355,0.5297079556898288,0.6413142010656879,0.18870801381227859,1.0,0.6556193466548771,0.6599415905328782,0.6600429485651339,"{""var_smoothing"": 0.09436054908842889}",,,
clasificacion,naive_bayes,adasyn,genetica,0,42,0.5914908806685435,20,43.086514200003876,2.1541281549987614,1.2452530000009574,0.5856570000032661,267583,True,1.0,0.6000255630893148,0.10815697961068421,0.6877769196374132,0.12002935681878836,0.452920443101712,0.708401503426929,0.18976793248945148,1.0,0.6140312144190949,0.6181971333461519,0.6135639546735084,"{""var_smoothing"": 0.0999999999999999}",,,
clasificacion,naive_bayes,adasyn,genetica,1,42,0.5865899021778123,20,43.747916799999075,2.1872023700005228,1.114957099998719,0.6621817999985069,267757,True,1.0,0.6020011487665482,0.1074015505648443,0.6323116946465591,0.11701839092931156,0.5430513595166163,0.6401503426929029,0.19254630662798483,1.0,0.6381754765428284,0.6419935537461912,0.6404561618081819,"{""var_smoothing"": 0.0999999999999999}",,,
clasificacion,naive_bayes,adasyn,genetica,2,42,0.5873141175832391,20,45.193274900004326,2.259487159998753,0.9486498999976902,0.4954037999996217,267769,True,1.0,0.609762628694917,0.11100667352433968,0.6588146823299866,0.12275537238740064,0.5249244712990937,0.6705726287862038,0.19897886147826502,1.0,0.6407784057197421,0.6447964348311527,0.6435150144081764,"{""var_smoothing"": 0.0999999999999999}",,,
clasificacion,naive_bayes,adasyn,genetica,3,42,0.5871992301053207,20,44.75420939999458,2.2375210600010176,1.1445052999988548,0.6095473000023048,267712,True,1.0,0.5890885538796783,0.10259255002821491,0.6137680128452674,0.10996938087082879,0.533484390735146,0.6208185014039664,0.18235015705004087,1.0,0.6208221349454683,0.624231283390148,0.619157419262152,"{""var_smoothing"": 0.0999999999999999}",,,
clasificacion,naive_bayes,adasyn,genetica,4,42,0.5847884677255584,20,45.18149550000089,2.2588706549999187,1.2014049999925192,0.5638925999955973,267687,True,1.0,0.5992449534590638,0.10627630226074086,0.6343773500538606,0.11523469667856162,0.5284491440080564,0.6436799398615932,0.18920989768783522,1.0,0.6600177899565132,0.6646153443195252,0.6641604436806624,"{""var_smoothing"": 0.0999999999999999}",,,
clasificacion,naive_bayes,adasyn,rejilla,0,42,0.5914908806685435,20,42.705003600000055,2.1352064950006024,1.093000499997288,0.5387915000028443,267583,True,1.0,0.6000255630893148,0.10815697961068421,0.6877769196374132,0.12002935681878836,0.452920443101712,0.708401503426929,0.18976793248945148,1.0,0.6140312144190949,0.6181971333461519,0.6135639546735084,"{""var_smoothing"": 0.0999999999999999}",,,
clasificacion,naive_bayes,adasyn,rejilla,1,42,0.5865899021778123,20,43.94559830000071,2.1972294799998053,1.2601960999963921,0.5315718999991077,267757,True,1.0,0.6020011487665482,0.1074015505648443,0.6323116946465591,0.11701839092931156,0.5430513595166163,0.6401503426929029,0.19254630662798483,1.0,0.6381754765428284,0.6419935537461912,0.6404561618081819,"{""var_smoothing"": 0.0999999999999999}",,,
clasificacion,naive_bayes,adasyn,rejilla,2,42,0.5873141175832391,20,44.58413950000249,2.2291626600006564,1.4145432999939658,0.7446430999989389,267769,True,1.0,0.609762628694917,0.11100667352433968,0.6588146823299866,0.12275537238740064,0.5249244712990937,0.6705726287862038,0.19897886147826502,1.0,0.6407784057197421,0.6447964348311527,0.6435150144081764,"{""var_smoothing"": 0.0999999999999999}",,,
clasificacion,naive_bayes,adasyn,rejilla,3,42,0.5871992301053207,20,44.86731039999722,2.243323245000647,1.5376748999988195,0.7179127000053995,267712,True,1.0,0.5890885538796783,0.10259255002821491,0.6137680128452674,0.10996938087082879,0.533484390735146,0.6208185014039664,0.18235015705004087,1.0,0.6208221349454683,0.624231283390148,0.619157419262152,"{""var_smoothing"": 0.0999999999999999}",,,
clasificacion,naive_bayes,adasyn,rejilla,4,42,0.5847884677255584,20,45.01112550000107,2.250512750000053,1.3970091000010143,0.7171918999956688,267687,True,1.0,0.5992449534590638,0.10627630226074086,0.6343773500538606,0.11523469667856162,0.5284491440080564,0.6436799398615932,0.18920989768783522,1.0,0.6600177899565132,0.6646153443195252,0.6641604436806624,"{""var_smoothing"": 0.0999999999999999}",,,
clasificacion,naive_bayes,class_weight,aleatoria,0,42,0.6438395406154359,20,54.038713399997505,2.7018753849992208,2.069335100000899,0.5981533999947715,196806,True,0.9474271799407832,0.6459535981363241,0.1265368481215151,0.6753587252550709,0.13301938719344383,0.547583081570997,0.6865797037364582,0.21404320228312748,0.9474271799407832,0.34536179587349786,0.352147588513359,0.35013946091273673,"{""var_smoothing"": 0.053931918307009316}",,,
clasificacion,naive_bayes,class_weight,aleatoria,1,42,0.6430311429876479,20,54.346906200000376,2.7172783549995074,1.809477099996002,0.6225192000056268,196806,True,0.9994414184876921,0.6461459238547792,0.12615640699751746,0.6746473720580464,0.13201663201663202,0.5435548841893253,0.6861596285651117,0.2124372724589196,0.9994414184876921,0.41134923771918425,0.4203719619992262,0.4193134293900136,"{""var_smoothing"": 0.053931918307009316}",,,
clasificacion,naive_bayes,class_weight,aleatoria,2,42,0.6459203752578867,20,53.15409029999864,2.657637355000406,1.8585596999982954,0.627708399995754,196806,True,0.9964676727408038,0.6481945501107799,0.12789271559929943,0.6704808747611886,0.1309172043659169,0.546576032225579,0.6813619279239442,0.2112381415713938,0.9964676727408038,0.38927311163605194,0.39803095758782975,0.39756278965251474,"{""var_smoothing"": 0.053931918307009316}",,,
clasificacion,naive_bayes,class_weight,aleatoria,3,42,0.6441980983413974,20,55.40038029999414,2.7699450450007133,1.9421025000046939,0.6337781000038376,196807,True,0.9999768718559607,0.6440421783767185,0.12609358811148963,0.6855145220625597,0.1354675118858954,0.5380161127895267,0.6984677972097548,0.2164379399402441,0.9999768718559607,0.4435049906490195,0.45226497663941095,0.4518276726693422,"{""var_smoothing"": 0.053931918307009316}",,,
clasificacion,naive_bayes,class_weight,aleatoria,4,42,0.6420595269979162,20,54.0150341999979,2.7006800750001276,1.7713292999978876,0.555830800003605,196807,True,0.9995499724695622,0.6424697311301376,0.12601828332609516,0.6694985874270848,0.13155843377106194,0.5523665659617322,0.6797850936346149,0.21250423749334107,0.9995499724695622,0.42180216812261817,0.43071936877822786,0.4303209849911293,"{""var_smoothing"": 0.053931918307009316}",,,
clasificacion,naive_bayes,class_weight,bayesiana,0,42,0.6446812407276766,20,54.15637369999604,2.624426855000638,2.0168683000010788,0.5764708000060637,196806,True,0.7964151016566107,0.6467155785835804,0.12722353989662719,0.6724929880899151,0.1332608433007128,0.5553877139979859,0.6827769179747954,0.21494689661892236,0.7964151016566107,0.32960013539017585,0.3356132322616422,0.33586582267196796,"{""var_smoothing"": 0.09436054908842889}",,,
clasificacion,naive_bayes,class_weight,bayesiana,1,42,0.6438483858621801,20,55.24695490000158,2.678929535000498,1.9504188999999315,0.5247703000059118,196806,True,0.9959727357267398,0.647003863992453,0.12626771722305183,0.672228771188163,0.13213485866472974,0.5495971802618328,0.682998010170241,0.21304835797589422,0.9959727357267398,0.3897764370206293,0.3985793883916343,0.3979268549492076,"{""var_smoothing"": 0.09436054908842889}",,,
clasificacion,naive_bayes,class_weight,bayesiana,2,42,0.6467484390785242,20,52.45496269999421,2.543203629999698,1.5579870000001392,0.5060374000022421,196806,True,0.9499119197264695,0.6487288896473857,0.12793574280237974,0.657981382870615,0.12976615597281418,0.5672205438066465,0.6659518019013929,0.21121214962032436,0.9499119197264695,0.3670334511949472,0.37547340715925825,0.3751170513943395,"{""var_smoothing"": 0.09436054908842889}",,,
clasificacion,naive_bayes,class_weight,bayesiana,3,42,0.6450971485819987,20,55.881200399999216,2.7115072350003175,1.929011200008972,0.5500444000062998,196807,True,0.9996979303635126,0.6454380735902384,0.12720854382601454,0.6826487266518974,0.13504702194357368,0.5422960725075529,0.6949744632868292,0.2162433490613392,0.9996979303635126,0.4160755463118015,0.4254046217984347,0.42396181668674154,"{""var_smoothing"": 0.09436054908842889}",,,
clasificacion,naive_bayes,class_weight,bayesiana,4,42,0.6429590241315916,20,55.347032099998614,2.6843841599980807,2.0150333999990835,0.5469412999955239,196807,True,0.9978783823356586,0.6433849517094357,0.12654894222892607,0.6732789983943416,0.132284134410889,0.548086606243706,0.6842733644343231,0.21312839590777816,0.9978783823356586,0.3983860125978389,0.4074319906032481,0.4046877579104789,"{""var_smoothing"": 0.09436054908842889}",,,
clasificacion,naive_bayes,class_weight,genetica,0,42,0.6447947870818543,20,53.66328320000321,2.682956259999628,1.5595542999944882,0.45784070000081556,196806,True,0.7686641944093644,0.6467815138202662,0.1272392045804823,0.6722694199422787,0.13317235134319347,0.5553877139979859,0.6825337165598054,0.2148317670545844,0.7686641944093644,0.3277996737429074,0.3337612124320603,0.33394123708436263,"{""var_smoothing"": 0.0999999999999999}",,,
clasificacion,naive_bayes,class_weight,genetica,1,42,0.6439136230793614,20,54.692699999999604,2.734436104999986,1.9273786999983713,0.5333738999979687,196806,True,0.9950131918037055,0.6469983700851795,0.12605138201655913,0.6720052030405268,0.13209144792548688,0.5498489425981873,0.6827326995357064,0.21301082609967814,0.9950131918037055,0.387283834244604,0.3961129036826052,0.39573181350442344,"{""var_smoothing"": 0.0999999999999999}",,,
clasificacion,naive_bayes,class_weight,genetica,2,42,0.6468742670186681,20,53.159345300002315,2.6577773599998182,1.8019830000048387,0.6364539999995031,196806,True,0.9389742375650343,0.6487433341148374,0.12780979249812113,0.6576155440835738,0.12980216241085807,0.5682275931520645,0.6654653990714128,0.21132958801498128,0.9389742375650343,0.3644957407921487,0.3727208901045066,0.37236386703111835,"{""var_smoothing"": 0.0999999999999999}",,,
clasificacion,naive_bayes,class_weight,genetica,3,42,0.6452488009470106,20,52.975313999995706,2.64858148999956,1.64266700000735,0.4529008999961661,196807,True,0.999603805689669,0.6455092733082137,0.1271641235964431,0.6824658035405784,0.13506233164192194,0.5427995971802618,0.6947312564947269,0.2163029847002759,0.999603805689669,0.41295940257761493,0.4224725640539401,0.4206114223535483,"{""var_smoothing"": 0.0999999999999999}",,,
clasificacion,naive_bayes,class_weight,genetica,4,42,0.6431195260737734,20,54.41435659999843,2.720531829999527,1.9074388000008184,0.5588838999974541,196807,True,0.9973920543591075,0.6435118042129884,0.126643642551562,0.6732993231844882,0.1322474778169442,0.5478348439073515,0.684317583851069,0.21306178400078332,0.9973920543591075,0.3957024846446283,0.404545647671381,0.40234806074580887,"{""var_smoothing"": 0.0999999999999999}",,,
clasificacion,naive_bayes,class_weight,rejilla,0,42,0.6447947870818543,20,55.41995709999901,2.770957450001879,2.45057000000088,0.639484800005448,196806,True,0.7686641944093644,0.6467815138202662,0.1272392045804823,0.6722694199422787,0.13317235134319347,0.5553877139979859,0.6825337165598054,0.2148317670545844,0.7686641944093644,0.3277996737429074,0.3337612124320603,0.33394123708436263,"{""var_smoothing"": 0.0999999999999999}",,,
clasificacion,naive_bayes,class_weight,rejilla,1,42,0.6439136230793614,20,54.11127790000319,2.70552406499919,2.47598950000247,0.7528817999991588,196806,True,0.9950131918037055,0.6469983700851795,0.12605138201655913,0.6720052030405268,0.13209144792548688,0.5498489425981873,0.6827326995357064,0.21301082609967814,0.9950131918037055,0.387283834244604,0.3961129036826052,0.39573181350442344,"{""var_smoothing"": 0.0999999999999999}",,,
clasificacion,naive_bayes,class_weight,rejilla,2,42,0.6468742670186681,20,53.49922869999864,2.67492528000148,2.1260204999998678,0.5366598999971757,196806,True,0.9389742375650343,0.6487433341148374,0.12780979249812113,0.6576155440835738,0.12980216241085807,0.5682275931520645,0.6654653990714128,0.21132958801498128,0.9389742375650343,0.3644957407921487,0.3727208901045066,0.37236386703111835,"{""var_smoothing"": 0.0999999999999999}",,,
clasificacion,naive_bayes,class_weight,rejilla,3,42,0.6452488009470106,20,55.74066260000109,2.7869897200009293,2.538001199995051,0.69354509999539,196807,True,0.999603805689669,0.6455092733082137,0.1271641235964431,0.6824658035405784,0.13506233164192194,0.5427995971802618,0.6947312564947269,0.2163029847002759,0.999603805689669,0.41295940257761493,0.4224725640539401,0.4206114223535483,"{""var_smoothing"": 0.0999999999999999}",,,
clasificacion,naive_bayes,class_weight,rejilla,4,42,0.6431195260737734,20,53.6044613999984,2.6801871100000425,2.4886200000037206,0.7015147999991314,196807,True,0.9973920543591075,0.6435118042129884,0.126643642551562,0.6732993231844882,0.1322474778169442,0.5478348439073515,0.684317583851069,0.21306178400078332,0.9973920543591075,0.3957024846446283,0.404545647671381,0.40234806074580887,"{""var_smoothing"": 0.0999999999999999}",,,
clasificacion,naive_bayes,ninguno,aleatoria,0,42,0.6439897772618458,20,36.059213000000454,1.8028943049986992,0.831376200003433,0.6130216000019573,196806,True,0.5548083671074481,0.6460141953212617,0.12666997962612553,0.673143368155766,0.13298581646260152,0.5523665659617322,0.6837497236347557,0.21436248168050806,0.5548083671074481,0.316007920154286,0.32066767855321493,0.31901944810181204,"{""var_smoothing"": 0.053931918307009316}",,,
clasificacion,naive_bayes,ninguno,aleatoria,1,42,0.6431382445750238,20,38.046520099997,1.9022535849999258,0.8388909999994212,0.6198214000032749,196806,True,0.9937028491447061,0.6461668001457918,0.12615447613611577,0.6751758058615503,0.13209165543438303,0.5427995971802618,0.6868007959319036,0.21247659406721198,0.9937028491447061,0.375725825585998,0.38353364080105223,0.38352839644691444,"{""var_smoothing"": 0.053931918307009316}",,,
clasificacion,naive_bayes,ninguno,aleatoria,2,42,0.6459704403981453,20,38.51958400000149,1.9259184099999402,0.8318452999956207,0.6030270000046585,196806,True,0.9798536592979252,0.6481209167243889,0.1277181853765143,0.6790374375025405,0.13186744736514264,0.5329808660624371,0.6918638072076055,0.21142514730849896,0.9798536592979252,0.3542447666220698,0.36114294784876927,0.3590059623720695,"{""var_smoothing"": 0.053931918307009316}",,,
clasificacion,naive_bayes,ninguno,aleatoria,3,42,0.6442763848379794,20,39.05504550000478,1.9526870999990933,0.8225566000037361,0.6550043999959598,196807,True,0.9997104052614408,0.6444052212354643,0.1267281608398329,0.6850064023088962,0.1353454821564161,0.5385196374622356,0.6978708350836852,0.21632281553398058,0.9997104052614408,0.4066980910559046,0.41534282123439603,0.41228520920112693,"{""var_smoothing"": 0.053931918307009316}",,,
clasificacion,naive_bayes,ninguno,aleatoria,4,42,0.6420916091343126,20,36.304123199995956,1.8151449600001797,0.7763941999946837,0.5120627999931457,196807,True,0.9947177259194545,0.6425968229885393,0.1262595952796226,0.6697424849088434,0.13156473200888302,0.5518630412890232,0.6800946295518362,0.2124751611496147,0.9947177259194545,0.3846490414537899,0.3927884587225359,0.39282796716005386,"{""var_smoothing"": 0.053931918307009316}",,,
clasificacion,naive_bayes,ninguno,bayesiana,0,42,0.6447326355250859,20,38.655677800001286,1.8539323000000878,0.8967279999997118,0.6483055999997305,196806,True,0.25717572340122585,0.6466129755513891,0.12697492133042587,0.6730417462704769,0.13303447022475315,0.552870090634441,0.6835949590979439,0.21446359685531521,0.25717572340122585,0.30122109082188797,0.30437125293087147,0.30168559166143033,"{""var_smoothing"": 0.09436054908842889}",,,
clasificacion,naive_bayes,ninguno,bayesiana,1,42,0.6438810715276562,20,39.65159199999471,1.9033319599991956,0.9118540999988909,0.6858628000045428,196806,True,0.9557761720194753,0.6469784066622448,0.12617527165167877,0.6726759074834356,0.13213267843065915,0.548590130916415,0.6835728498783993,0.21296975028099496,0.9557761720194753,0.3529713843786153,0.3605793257835497,0.3586903207346197,"{""var_smoothing"": 0.09435212320413973}",,,
clasificacion,naive_bayes,ninguno,bayesiana,2,42,0.6468372630985131,20,38.56810899999982,1.8486399999990681,0.9547077999959583,0.6673064999995404,196806,True,0.6082759928072088,0.6486613596746983,0.1277583384468983,0.6576765172147474,0.12969676045802406,0.567472306143001,0.66559805438868,0.21113765163224205,0.6082759928072088,0.33250390280125114,0.33827459907939494,0.33856336244334695,"{""var_smoothing"": 0.09436054908842889}",,,
clasificacion,naive_bayes,ninguno,bayesiana,3,42,0.6452593526568463,20,39.901909799998975,1.9129263600007107,0.8412993000019924,0.57882580000296,196807,True,0.9965441884410817,0.6454769214388624,0.1272673115702385,0.683014572874535,0.1350163275558905,0.5412890231621349,0.6954608768710341,0.21612384398874146,0.9965441884410817,0.3771446465029779,0.3863523843557578,0.3863064630384337,"{""var_smoothing"": 0.09436054908842889}",,,
clasificacion,naive_bayes,ninguno,bayesiana,4,42,0.6431300890602892,20,37.89336100000219,1.8164207200003148,0.8884870000038063,0.4952140000023064,196807,True,0.9746617711131773,0.6435577241624402,0.12690425809063557,0.6728928273815573,0.13213158533624667,0.548086606243706,0.6838532799752371,0.2129303599374022,0.9746617711131773,0.36102488774598124,0.3684835429118811,0.3673851154231774,"{""var_smoothing"": 0.09436054908842889}",,,
clasificacion,naive_bayes,ninguno,genetica,0,42,0.6448183764938792,20,36.69228220000514,1.8333686199999648,0.8864420000027167,0.575443699999596,196806,True,0.22111730549416422,0.6466576504245171,0.1269268773619071,0.6722490955652209,0.13303140096618357,0.5546324269889225,0.6825779349988945,0.21459185661406585,0.22111730549416422,0.29948042798637703,0.3026399379352342,0.30067104254527477,"{""var_smoothing"": 0.0999999999999999}",,,
clasificacion,naive_bayes,ninguno,genetica,1,42,0.64395744697177,20,37.6234065000026,1.881007674999637,0.7173698999977205,0.5157479999979842,196806,True,0.9439358027888098,0.6470980758744775,0.126209012561446,0.6721474736799317,0.13214739517153748,0.5498489425981873,0.6828874640725182,0.21308356505195375,0.9439358027888098,0.3503291342265599,0.3578986945453263,0.3556636164780083,"{""var_smoothing"": 0.0999999999999999}",,,
clasificacion,naive_bayes,ninguno,genetica,2,42,0.6469861680003984,20,38.572111399997084,1.9284139900002628,0.741487600003893,0.5553253999969456,196806,True,0.562562674296151,0.6487624458986507,0.12782615342621828,0.6576561928376895,0.12977450529222273,0.56797583081571,0.6655317267300465,0.21127551976025474,0.562562674296151,0.3300617725576134,0.3357318539921176,0.3359942399363615,"{""var_smoothing"": 0.0999999999999999}",,,
clasificacion,naive_bayes,ninguno,genetica,3,42,0.6453365680912914,20,38.621925499995996,1.9309283049999066,0.8504186999998637,0.5824676000047475,196807,True,0.9953278489648957,0.6456379488050927,0.1274088389892397,0.6824454787504319,0.1349624060150376,0.5422960725075529,0.6947533662030998,0.21613485851896447,0.9953278489648957,0.37383948804375056,0.3829480692307424,0.38289877446536136,"{""var_smoothing"": 0.0999999999999999}",,,
clasificacion,naive_bayes,ninguno,genetica,4,42,0.6432057428600393,20,37.87067180000304,1.893361280001045,0.7585239000036381,0.6787764999971841,196807,True,0.9701889802347995,0.6436348771364842,0.12689128349857298,0.673441596715514,0.1322143161223621,0.5473313192346425,0.6845165712264255,0.2129806514817536,0.9701889802347995,0.35831921972596187,0.36567567051478234,0.3643033374761844,"{""var_smoothing"": 0.0999999999999999}",,,
clasificacion,naive_bayes,ninguno,rejilla,0,42,0.6448183764938792,20,41.941932499998074,2.0970603899997515,1.4278442000068026,0.7854405000034603,196806,True,0.22111730549416422,0.6466576504245171,0.1269268773619071,0.6722490955652209,0.13303140096618357,0.5546324269889225,0.6825779349988945,0.21459185661406585,0.22111730549416422,0.29948042798637703,0.3026399379352342,0.30067104254527477,"{""var_smoothing"": 0.0999999999999999}",,,
clasificacion,naive_bayes,ninguno,rejilla,1,42,0.64395744697177,20,39.58094659999915,1.9790048599999863,1.4449451000036788,0.7670776000013575,196806,True,0.9439358027888098,0.6470980758744775,0.126209012561446,0.6721474736799317,0.13214739517153748,0.5498489425981873,0.6828874640725182,0.21308356505195375,0.9439358027888098,0.3503291342265599,0.3578986945453263,0.3556636164780083,"{""var_smoothing"": 0.0999999999999999}",,,
clasificacion,naive_bayes,ninguno,rejilla,2,42,0.6469861680003984,20,39.36776169999939,1.9683525699991151,1.4000712999986717,0.7674831000040285,196806,True,0.562562674296151,0.6487624458986507,0.12782615342621828,0.6576561928376895,0.12977450529222273,0.56797583081571,0.6655317267300465,0.21127551976025474,0.562562674296151,0.3300617725576134,0.3357318539921176,0.3359942399363615,"{""var_smoothing"": 0.0999999999999999}",,,
clasificacion,naive_bayes,ninguno,rejilla,3,42,0.6453365680912914,20,40.06372769999871,2.0031371250010124,1.5535835000046063,0.8429608000005828,196807,True,0.9953278489648957,0.6456379488050927,0.1274088389892397,0.6824454787504319,0.1349624060150376,0.5422960725075529,0.6947533662030998,0.21613485851896447,0.9953278489648957,0.37383948804375056,0.3829480692307424,0.38289877446536136,"{""var_smoothing"": 0.0999999999999999}",,,
clasificacion,naive_bayes,ninguno,rejilla,4,42,0.6432057428600393,20,38.873847099996055,1.9436541899995063,1.5387631999983569,0.787144800000533,196807,True,0.9701889802347995,0.6436348771364842,0.12689128349857298,0.673441596715514,0.1322143161223621,0.5473313192346425,0.6845165712264255,0.2129806514817536,0.9701889802347995,0.35831921972596187,0.36567567051478234,0.3643033374761844,"{""var_smoothing"": 0.0999999999999999}",,,
clasificacion,naive_bayes,smote,aleatoria,0,42,0.5895865366172633,20,44.5304668999961,2.2264539550000335,1.0271487999998499,0.47723969999788096,271377,True,1.0,0.5967573896114277,0.10688719870483028,0.6684281126783465,0.11794205052005943,0.479607250755287,0.6850099491487951,0.18932617769827073,1.0,0.5735365343505416,0.5774238788457695,0.5751559626988104,"{""var_smoothing"": 0.053931918307009316}",,,
clasificacion,naive_bayes,smote,aleatoria,1,42,0.585667661788758,20,42.82336349999969,2.1411123500009124,0.9043913999994402,0.49865329999738606,271377,True,1.0,0.5987562088944967,0.10576536769251885,0.6179830088207796,0.1142396169459769,0.5526183282980867,0.6237231925713023,0.18933839385836282,1.0,0.5997028869424068,0.6027689378081109,0.6026661912581943,"{""var_smoothing"": 0.053931918307009316}",,,
clasificacion,naive_bayes,smote,aleatoria,2,42,0.5860659937774884,20,43.41528819999803,2.170700004999162,0.9520542999962345,0.5840562000012142,271377,True,1.0,0.603698100944952,0.10801393302724821,0.6350148367952523,0.11765992345544013,0.5417925478348439,0.6432014149900509,0.19333393226125237,1.0,0.5837288924995746,0.5871141394102105,0.5857269051637453,"{""var_smoothing"": 0.053931918307009316}",,,
clasificacion,naive_bayes,smote,aleatoria,3,42,0.586398628793981,20,45.879443199999514,2.2939072399993163,1.1525105999971856,0.5699841999958153,271378,True,1.0,0.590011013551559,0.10269893420143072,0.6098046787666918,0.10990981758557081,0.5400302114803626,0.6159322558535453,0.18264645776566757,1.0,0.5959477629150948,0.5995171937049584,0.5987194007670873,"{""var_smoothing"": 0.053931918307009316}",,,
clasificacion,naive_bayes,smote,aleatoria,4,42,0.5816821085531567,20,42.2728105999995,2.113582340001449,1.0133138000019244,0.4802704000030644,271378,True,1.0,0.5925735688300048,0.10341047208953716,0.5979756509014045,0.11044849679645145,0.5641993957703928,0.6009418735766875,0.184733327837771,1.0,0.60683079936941,0.6100343323914253,0.6097367886825736,"{""var_smoothing"": 0.053931918307009316}",,,
clasificacion,naive_bayes,smote,bayesiana,0,42,0.5915160836205643,20,44.8519032999975,2.1607616499997677,1.0553985000005923,0.5257496000049287,271377,True,1.0,0.5998246820157641,0.10851025803440204,0.6821673915694484,0.12098765432098765,0.4687814702920443,0.7009064780013265,0.19233550253073028,1.0,0.6031387765453577,0.6078937739359187,0.607333336588931,"{""var_smoothing"": 0.09436054908842889}",,,
clasificacion,naive_bayes,smote,bayesiana,1,42,0.5878226055091508,20,45.68890619999729,2.204306720000022,1.3170718000037596,0.6374044999975013,271377,True,1.0,0.6009908348044981,0.10669658500109513,0.625970489004512,0.11568575233022636,0.5468277945619335,0.6329206279018351,0.19097023783356046,1.0,0.6217820437677668,0.625924990321905,0.6216442025897041,"{""var_smoothing"": 0.09436054908842889}",,,
clasificacion,naive_bayes,smote,bayesiana,2,42,0.5884944909736777,20,44.83584240000346,2.1619162649989447,0.9447124000071199,0.4663393000009819,271377,True,1.0,0.6056242275410518,0.1089272973364021,0.6436323726677777,0.11917331236661799,0.5342396777442094,0.6532390006632766,0.19487556249426027,1.0,0.6005017127111102,0.6044132502616015,0.6042833776185104,"{""var_smoothing"": 0.09436054908842889}",,,
clasificacion,naive_bayes,smote,bayesiana,3,42,0.5879358919686167,20,45.83688099999563,2.2100277099994856,1.171608099997684,0.6088930999976583,271378,True,1.0,0.5923016032744812,0.10364698508011005,0.6191337574439544,0.11145608588117666,0.5332326283987915,0.6266775741227973,0.18437431991294886,1.0,0.6112367151013517,0.6144614913353511,0.6127232548657429,"{""var_smoothing"": 0.09436054908842889}",,,
clasificacion,naive_bayes,smote,bayesiana,4,42,0.5828854268010532,20,44.07936999999947,2.1280459049990896,1.0863922999997158,0.6040709000008064,271378,True,1.0,0.5949519015874393,0.10437113682985968,0.6069185585658828,0.11195838804161196,0.5581570996978852,0.6112007782617347,0.18650626735088752,1.0,0.6251751068446258,0.6285196714053183,0.6248261543226779,"{""var_smoothing"": 0.09436054908842889}",,,
clasificacion,naive_bayes,smote,genetica,0,42,0.5918650893993836,20,43.202175099999295,2.159908525001083,1.1380413000006229,0.541774000004807,271377,True,1.0,0.6000895584813348,0.1086298341816624,0.6839559367505386,0.1211883261353226,0.4662638469284995,0.7030731815166925,0.19237561026280253,1.0,0.6071821719953189,0.6117399755652753,0.6101746368018252,"{""var_smoothing"": 0.0999999999999999}",,,
clasificacion,naive_bayes,smote,genetica,1,42,0.5881587843755826,20,45.19063669999741,2.259344305000559,1.1802124000023468,0.6025943999993615,271377,True,1.0,0.6012379854871788,0.10679462685054944,0.6269867078574042,0.11583052839664476,0.5458207452165156,0.6341145257572408,0.19110582220459255,1.0,0.6248502721973576,0.6288023419600033,0.6250362254877857,"{""var_smoothing"": 0.0999999999999999}",,,
clasificacion,naive_bayes,smote,genetica,2,42,0.5887593421878395,20,45.28497719999723,2.2640419600003954,1.1328204000019468,0.6233759999959148,271377,True,1.0,0.6058865602217958,0.109049840235328,0.6447502134059591,0.11937101955700839,0.5332326283987915,0.654543444616405,0.19507253050886483,1.0,0.6029100423736079,0.6068227318818321,0.6065260764635486,"{""var_smoothing"": 0.0999999999999999}",,,
clasificacion,naive_bayes,smote,genetica,3,42,0.5882001902065005,20,44.913796300003014,2.2454763749996345,1.096152099999017,0.4999062999995658,271378,True,1.0,0.592632411158104,0.10378865358630149,0.6203735696428935,0.11169201520912547,0.5324773413897281,0.6280925954586659,0.18465165007857517,1.0,0.6134696592102703,0.6167928332297121,0.6134076962692282,"{""var_smoothing"": 0.0999999999999999}",,,
clasificacion,naive_bayes,smote,genetica,4,42,0.5831183602192649,20,44.65686209999694,2.232661934999487,1.117283599996881,0.47109930000442546,271378,True,1.0,0.5953561301793802,0.10454551339653015,0.6079347980732099,0.11224179829890644,0.5581570996978852,0.6123062636803821,0.18689934243803744,1.0,0.627704893959265,0.6312635888182557,0.6277545266545319,"{""var_smoothing"": 0.0999999999999999}",,,
clasificacion,naive_bayes,smote,rejilla,0,42,0.5918650893993836,20,44.55512859999726,2.227710610000577,1.3353936999992584,0.5529121999934432,271377,True,1.0,0.6000895584813348,0.1086298341816624,0.6839559367505386,0.1211883261353226,0.4662638469284995,0.7030731815166925,0.19237561026280253,1.0,0.6071821719953189,0.6117399755652753,0.6101746368018252,"{""var_smoothing"": 0.0999999999999999}",,,
clasificacion,naive_bayes,smote,rejilla,1,42,0.5881587843755826,20,44.63575860000128,2.23174947999978,1.421285299998999,0.6917391000024509,271377,True,1.0,0.6012379854871788,0.10679462685054944,0.6269867078574042,0.11583052839664476,0.5458207452165156,0.6341145257572408,0.19110582220459255,1.0,0.6248502721973576,0.6288023419600033,0.6250362254877857,"{""var_smoothing"": 0.0999999999999999}",,,
clasificacion,naive_bayes,smote,rejilla,2,42,0.5887593421878395,20,45.13273140000092,2.256585410000844,1.3524410000027274,0.7314305999971111,271377,True,1.0,0.6058865602217958,0.109049840235328,0.6447502134059591,0.11937101955700839,0.5332326283987915,0.654543444616405,0.19507253050886483,1.0,0.6029100423736079,0.6068227318818321,0.6065260764635486,"{""var_smoothing"": 0.0999999999999999}",,,
clasificacion,naive_bayes,smote,rejilla,3,42,0.5882001902065005,20,45.02068539999891,2.250994965000791,1.3600502000044798,0.7586815000031493,271378,True,1.0,0.592632411158104,0.10378865358630149,0.6203735696428935,0.11169201520912547,0.5324773413897281,0.6280925954586659,0.18465165007857517,1.0,0.6134696592102703,0.6167928332297121,0.6134076962692282,"{""var_smoothing"": 0.0999999999999999}",,,
clasificacion,naive_bayes,smote,rejilla,4,42,0.5831183602192649,20,45.869799600004626,2.2934349700011807,1.3792868999953498,0.6010154000032344,271378,True,1.0,0.5953561301793802,0.10454551339653015,0.6079347980732099,0.11224179829890644,0.5581570996978852,0.6123062636803821,0.18689934243803744,1.0,0.627704893959265,0.6312635888182557,0.6277545266545319,"{""var_smoothing"": 0.0999999999999999}",,,
clasificacion,random_forest,adasyn,aleatoria,0,42,0.7230189216850391,20,2202.1672940999997,110.10763637999989,136.19722299999557,0.8419095999997808,267583,True,0.19501376152038574,0.7201757844375586,0.19068903747171556,0.7016991179220357,0.15438755084909925,0.601963746223565,0.7104576608445722,0.2457474690374634,0.19501376152038574,0.08031596753013133,0.10022127517041679,0.10022127517041679,"{""n_estimators"": 249, ""max_depth"": 16, ""min_samples_leaf"": 72, ""max_features"": 0.12372871768976328, ""max_samples"": 0.48782232451032315}",,,
clasificacion,random_forest,adasyn,aleatoria,1,42,0.7231470989644655,20,2228.3753358999966,111.41804776500067,139.17568740001298,1.1229716000088956,267757,True,0.19010306894779205,0.7295705439958997,0.19322991061317096,0.6824519328482582,0.15428435793971043,0.6545820745216515,0.6848994030510723,0.24971187091817135,0.19010306894779205,0.0801230918188804,0.10054785721671809,0.10054785721671808,"{""n_estimators"": 249, ""max_depth"": 16, ""min_samples_leaf"": 72, ""max_features"": 0.12372871768976328, ""max_samples"": 0.48782232451032315}",,,
clasificacion,random_forest,adasyn,aleatoria,2,42,0.7228453335872248,20,2247.4870660000015,112.37386380000098,140.73070890002418,1.14675359998364,267769,True,0.19132596254348755,0.7286896485658285,0.19796929287776494,0.6863338888663062,0.15431018881582917,0.6440080563947633,0.6900508512049525,0.24896588641783055,0.19132596254348755,0.08010939609638927,0.10074655871559249,0.10047788982466271,"{""n_estimators"": 249, ""max_depth"": 16, ""min_samples_leaf"": 72, ""max_features"": 0.12372871768976328, ""max_samples"": 0.48782232451032315}",,,
clasificacion,random_forest,adasyn,aleatoria,3,42,0.7230207529020163,20,2214.721316099982,110.73546223500016,136.12768719997257,1.0782888999965508,267712,True,0.1945280283689499,0.7262977246571809,0.19196807624656087,0.7039694315156196,0.15778251599147122,0.6148036253776435,0.7117999513586416,0.2511183094246491,0.1945280283689499,0.08006531034333648,0.09958615121727601,0.09958615121727603,"{""n_estimators"": 249, ""max_depth"": 16, ""min_samples_leaf"": 72, ""max_features"": 0.12372871768976328, ""max_samples"": 0.48782232451032315}",,,
clasificacion,random_forest,adasyn,aleatoria,4,42,0.7246442529841208,20,2246.0268085999996,112.30095662000386,143.6029673999874,1.155130300001474,267687,True,0.19392704963684082,0.7227931883706853,0.18807594477969658,0.702221499563017,0.15611515424743994,0.6102719033232629,0.7102964911892812,0.24862813477614237,0.19392704963684082,0.08013753129142243,0.09933336409968148,0.09924040075798655,"{""n_estimators"": 249, ""max_depth"": 16, ""min_samples_leaf"": 72, ""max_features"": 0.12372871768976328, ""max_samples"": 0.48782232451032315}",,,
clasificacion,random_forest,adasyn,bayesiana,0,42,0.7308511518037131,20,3399.956130800012,169.85979558500185,167.9697024000052,1.3502962999918964,267583,True,0.18509332835674286,0.7271009213510715,0.1970673267003804,0.7182228364700622,0.16160372194854952,0.594662638469285,0.7290736237010833,0.254142457499462,0.18509332835674286,0.0780746562513877,0.08926027521011325,0.08921636988144886,"{""n_estimators"": 246, ""max_depth"": 16, ""min_samples_leaf"": 23, ""max_features"": 0.17379318205938574, ""max_samples"": 0.37516230966713954}",,,
clasificacion,random_forest,adasyn,bayesiana,1,42,0.7304658429405132,20,3457.6012660000124,172.65925627000397,169.34310749999713,1.1423800000047777,267757,True,0.17423541843891144,0.7367785364231024,0.20357416427452066,0.6647697248079346,0.15212801422380265,0.68932527693857,0.6626133097501659,0.24924897587619482,0.17423541843891144,0.07786229921883983,0.08979793021556184,0.08979793021556183,"{""n_estimators"": 246, ""max_depth"": 16, ""min_samples_leaf"": 23, ""max_features"": 0.17379318205938574, ""max_samples"": 0.37516230966713954}",,,
clasificacion,random_forest,adasyn,bayesiana,2,42,0.73082011986018,20,3432.481758799986,171.39750163500284,168.20378020004136,1.2773847000207752,267769,True,0.18254423141479492,0.7335892508893228,0.2013166847069052,0.7035079874801837,0.159437957141024,0.6256294058408862,0.7103471147468494,0.2541159627773801,0.18254423141479492,0.0780189252287235,0.09035343662601512,0.09009496040433594,"{""n_estimators"": 246, ""max_depth"": 16, ""min_samples_leaf"": 23, ""max_features"": 0.17379318205938574, ""max_samples"": 0.37516230966713954}",,,
clasificacion,random_forest,adasyn,bayesiana,3,42,0.7315753330575756,20,3483.7775119,173.96199827999664,169.81450530001894,1.149199999985285,267712,True,0.18384434282779694,0.7332184001446194,0.19799902059938718,0.7130952622914168,0.16330323951141795,0.6193353474320241,0.7213292356673815,0.25845765917209496,0.18384434282779694,0.07796783289555168,0.08942503951177522,0.08936332467770722,"{""n_estimators"": 246, ""max_depth"": 16, ""min_samples_leaf"": 23, ""max_features"": 0.17379318205938574, ""max_samples"": 0.37516230966713954}",,,
clasificacion,random_forest,adasyn,bayesiana,4,42,0.7328869241437127,20,3585.0998866000155,179.07778315000033,169.62883180001518,1.3008081000007223,267687,True,0.1792171746492386,0.7301928630084027,0.196274511264663,0.6935021645901506,0.15618422681688746,0.6351963746223565,0.6986225651683654,0.2507204610951009,0.1792171746492386,0.07795716553310383,0.08878448353131413,0.08867469294711185,"{""n_estimators"": 246, ""max_depth"": 16, ""min_samples_leaf"": 23, ""max_features"": 0.17379318205938574, ""max_samples"": 0.37516230966713954}",,,
clasificacion,random_forest,adasyn,genetica,0,42,0.7122856797235743,20,2479.889181599996,123.99351734499942,56.35484890000953,0.7778631999972276,267583,True,0.18228532373905182,0.7053904080720694,0.16996210410142681,0.6641803178732572,0.14260493194373255,0.6304128902316214,0.6671456997567986,0.23259486322047282,0.18228532373905182,0.08054838170132765,0.09749022781579972,0.09749022781579975,"{""n_estimators"": 145, ""max_depth"": 12, ""min_samples_leaf"": 26, ""max_features"": 0.22773107309550272, ""max_samples"": 0.5526657596488259}",,,
clasificacion,random_forest,adasyn,genetica,1,42,0.7131092405569461,20,2583.7618922999827,129.1705501949982,68.21555850000004,1.6049002000072505,267757,True,0.1846480667591095,0.7143405201655897,0.17429731064861348,0.675480671517418,0.1487143442863,0.6392245720040282,0.6786646031395092,0.24129246851983843,0.1846480667591095,0.08032332278347908,0.0978540088959433,0.09785400889594331,"{""n_estimators"": 176, ""max_depth"": 12, ""min_samples_leaf"": 26, ""max_features"": 0.2517367281579229, ""max_samples"": 0.5526657596488259}",,,
clasificacion,random_forest,adasyn,genetica,2,42,0.7130104028826935,20,2567.6830362999754,128.38154156000382,57.2214347999834,0.9346117999812122,267769,True,0.1855735033750534,0.7112466460447542,0.17280813215554422,0.6814966871265395,0.14810804307285086,0.6198388721047331,0.6869113420296263,0.23908715707696043,0.1855735033750534,0.08046896637605258,0.09782677015491746,0.09773100023019907,"{""n_estimators"": 149, ""max_depth"": 12, ""min_samples_leaf"": 26, ""max_features"": 0.22773107309550272, ""max_samples"": 0.5526657596488259}",,,
clasificacion,random_forest,adasyn,genetica,3,42,0.7129085401194156,20,2543.357458000013,127.16575197499769,55.66081340002711,0.8128324999997858,267712,True,0.17953765392303467,0.7115997588594526,0.17068492302246377,0.6553728582752383,0.14442983897469602,0.6638972809667674,0.6546242455062018,0.23724696356275304,0.17953765392303467,0.08027040749002527,0.09679933583319558,0.0967993358331956,"{""n_estimators"": 145, ""max_depth"": 12, ""min_samples_leaf"": 26, ""max_features"": 0.22569461030601215, ""max_samples"": 0.5526657596488258}",,,
clasificacion,random_forest,adasyn,genetica,4,42,0.7148026064658534,20,2866.4373780000024,143.31874234999995,72.87587999997777,0.8951846999989357,267687,True,0.1844894289970398,0.706726430121287,0.16892825732100214,0.6745797849637203,0.14564078412903986,0.622860020140987,0.6791218023834266,0.236079965647216,0.1844894289970398,0.08031552816522543,0.09630924289262173,0.09627480975659199,"{""n_estimators"": 178, ""max_depth"": 12, ""min_samples_leaf"": 26, ""max_features"": 0.2517367281579229, ""max_samples"": 0.5526657596488259}",,,
clasificacion,random_forest,adasyn,rejilla,0,42,0.7303914045793443,16,1499.696067500001,93.73035848749896,239.5478587999969,1.701958999998169,267583,True,0.17699182033538818,0.7277168930022873,0.1977950703398279,0.7086297304987602,0.1583597046413502,0.6047331319234642,0.7177537032942737,0.2509926854754441,0.17699182033538818,0.07715052291012868,0.08398752313378763,0.08385880959882086,"{""n_estimators"": 300, ""max_depth"": 16, ""min_samples_leaf"": 20, ""max_features"": 0.3, ""max_samples"": 0.5}",,,
clasificacion,random_forest,adasyn,rejilla,1,42,0.7297855161360847,16,1642.184091699979,102.6360179812491,233.3646445000195,1.4069684999994934,267757,True,0.17485234141349792,0.7376273256149224,0.2001648439506181,0.6988130563798219,0.15973398582094234,0.6409869083585096,0.7038912226398408,0.2557380342524233,0.17485234141349792,0.07701834704998091,0.08456136806445569,0.08456136806445569,"{""n_estimators"": 300, ""max_depth"": 16, ""min_samples_leaf"": 20, ""max_features"": 0.3, ""max_samples"": 0.5}",,,
clasificacion,random_forest,adasyn,rejilla,2,42,0.7294248450684323,16,1572.4339100999932,98.27653528749943,240.71773439997924,1.3685746999981347,267769,True,0.1757245510816574,0.7298977042258445,0.19538641834855433,0.6990975976586318,0.1572486236790483,0.6256294058408862,0.7055494141056821,0.2513274336283186,0.1757245510816574,0.0772781337950827,0.0849870354840268,0.08488148566088462,"{""n_estimators"": 300, ""max_depth"": 16, ""min_samples_leaf"": 20, ""max_features"": 0.3, ""max_samples"": 0.5}",,,
clasificacion,random_forest,adasyn,rejilla,3,42,0.7302301927294698,16,1567.7082538999966,97.9812312374961,232.58126479998464,1.131457399984356,267712,True,0.17289985716342926,0.7320907243049175,0.19555632205692863,0.6938476860226418,0.15875946095624885,0.649546827794562,0.6977381768334475,0.2551550215101617,0.17289985716342926,0.07713266572392335,0.08397249661526693,0.08397249661526691,"{""n_estimators"": 300, ""max_depth"": 16, ""min_samples_leaf"": 20, ""max_features"": 0.3, ""max_samples"": 0.5}",,,
clasificacion,random_forest,adasyn,rejilla,4,42,0.7323148627853752,16,1565.9252362999832,97.86999413750164,232.68446009999025,1.5707816000212915,267687,True,0.17319703102111816,0.7285711531940724,0.19141592888737635,0.6946606776285035,0.15741831483662969,0.6392245720040282,0.6995290632116562,0.2526242475498731,0.17319703102111816,0.07721769720473486,0.0837456201176118,0.08374562011761179,"{""n_estimators"": 300, ""max_depth"": 16, ""min_samples_leaf"": 20, ""max_features"": 0.3, ""max_samples"": 0.5}",,,
clasificacion,random_forest,class_weight,aleatoria,0,42,0.7481157991064972,20,2258.9360329000046,112.94617274999909,154.256169100001,1.092241100006504,196806,True,0.3854835629463196,0.7452012445509012,0.22155392062594675,0.6999715458721191,0.16247497497497498,0.6538267875125882,0.7040238779571081,0.26027259971938266,0.3854835629463196,0.142682963711907,0.26573607247295694,0.26573607247295694,"{""n_estimators"": 249, ""max_depth"": 16, ""min_samples_leaf"": 72, ""max_features"": 0.12372871768976328, ""max_samples"": 0.48782232451032315}",,,
clasificacion,random_forest,class_weight,aleatoria,1,42,0.7457861802883509,20,2151.1223893999995,107.55558468000235,142.50969040000928,1.5580715000105556,196806,True,0.38189515471458435,0.7548639893359195,0.22609986324492598,0.6926547701312955,0.1650042062252133,0.6913393756294058,0.6927702852089321,0.26642087901426215,0.38189515471458435,0.1429952305521112,0.2676498421866968,0.2676498421866968,"{""n_estimators"": 249, ""max_depth"": 16, ""min_samples_leaf"": 72, ""max_features"": 0.12372871768976328, ""max_samples"": 0.48782232451032315}",,,
clasificacion,random_forest,class_weight,aleatoria,2,42,0.7466852273445709,20,2153.174108199979,107.6582615899999,128.9925760999904,0.9683204999892041,196806,True,0.3841424584388733,0.7492903285634864,0.22656586324279315,0.6940571521482867,0.16263776411130731,0.6724572004028198,0.6959540128233473,0.26192694287815643,0.3841424584388733,0.1431777744357962,0.26691909828444943,0.26691126392369185,"{""n_estimators"": 249, ""max_depth"": 16, ""min_samples_leaf"": 72, ""max_features"": 0.12372871768976328, ""max_samples"": 0.48782232451032315}",,,
clasificacion,random_forest,class_weight,aleatoria,3,42,0.7478176918976137,20,1759.5429242999999,87.97707756499949,114.02796460000172,0.6996478000000934,196807,True,0.38203784823417664,0.7501539970133412,0.2226295312731543,0.6958191906668564,0.16383317025440314,0.6744712990936556,0.6976939574167017,0.26362920684904545,0.38203784823417664,0.14237675849929132,0.2659598556621945,0.2659598556621945,"{""n_estimators"": 249, ""max_depth"": 16, ""min_samples_leaf"": 72, ""max_features"": 0.12372871768976328, ""max_samples"": 0.48782232451032315}",,,
clasificacion,random_forest,class_weight,aleatoria,4,42,0.7478998893105179,20,1758.1228948999997,87.90597789499952,113.06381030000193,1.1337649000051897,196807,True,0.39231082797050476,0.748874976546008,0.22370920747839698,0.7141928009593301,0.16965688842325824,0.6523162134944612,0.7196267881226647,0.2692787362294741,0.39231082797050476,0.1423760010406327,0.2655754073188643,0.26556739823592534,"{""n_estimators"": 249, ""max_depth"": 16, ""min_samples_leaf"": 72, ""max_features"": 0.12372871768976328, ""max_samples"": 0.48782232451032315}",,,
clasificacion,random_forest,class_weight,bayesiana,0,42,0.7478398936822006,20,3634.1825290000124,181.55886497499887,120.23557759998948,1.0305613999953493,196806,True,0.4072914719581604,0.7438860437833794,0.21997715041017452,0.7012316572497053,0.1625141562853907,0.6503021148036254,0.7057041786424939,0.26004228329809725,0.4072914719581604,0.15276745847940645,0.2826770236588853,0.28267702365888536,"{""n_estimators"": 255, ""max_depth"": 14, ""min_samples_leaf"": 87, ""max_features"": 0.14606812463022179, ""max_samples"": 0.4809890535285848}",,,
clasificacion,random_forest,class_weight,bayesiana,1,42,0.7464471759234351,20,3021.9044628999836,150.897685560002,130.06399729999248,0.9433026000042446,196806,True,0.3920992910861969,0.7557348599159406,0.2280366582403769,0.7006625746920857,0.16786067193675888,0.6842900302114804,0.7021003758567322,0.2695893671890498,0.3920992910861969,0.14585126516114802,0.27160870000913245,0.27160070304818323,"{""n_estimators"": 187, ""max_depth"": 16, ""min_samples_leaf"": 81, ""max_features"": 0.16964855606055224, ""max_samples"": 0.6802251680301226}",,,
clasificacion,random_forest,class_weight,bayesiana,2,42,0.7464341444484089,20,2440.4553003000037,121.91665555500076,101.25939669998479,0.9492912999994587,196806,True,0.43198683857917786,0.7481395748572977,0.22726517232687887,0.7192593797000122,0.17027407357769886,0.6397280966767371,0.726243643599381,0.2689600423392432,0.43198683857917786,0.15838596552475656,0.2923339267206925,0.29231011613456614,"{""n_estimators"": 214, ""max_depth"": 16, ""min_samples_leaf"": 114, ""max_features"": 0.13191630853069744, ""max_samples"": 0.5714369821035179}",,,
clasificacion,random_forest,class_weight,bayesiana,3,42,0.7471135668211938,20,2153.5059395999997,107.62286213499974,102.89478789999703,0.654137500001525,196807,True,0.39311739802360535,0.7489356307346501,0.22192483808582258,0.7026483201560944,0.16471624512394614,0.6591137965760322,0.7064715116407615,0.26356589147286824,0.39311739802360535,0.1454442489286834,0.2698829430554573,0.2698829430554573,"{""n_estimators"": 187, ""max_depth"": 16, ""min_samples_leaf"": 81, ""max_features"": 0.16964855606055224, ""max_samples"": 0.6802251680301226}",,,
clasificacion,random_forest,class_weight,bayesiana,4,42,0.7470673392161858,20,2299.288915199999,114.91080489999986,87.87342939999508,0.6485686999949394,196807,True,0.4264172911643982,0.7479022356566719,0.22253577684536943,0.7150261173553383,0.17011358413761407,0.6523162134944612,0.7205332861659555,0.26985366869759936,0.4264172911643982,0.15749530395558528,0.2910057765136164,0.2910057765136165,"{""n_estimators"": 214, ""max_depth"": 16, ""min_samples_leaf"": 114, ""max_features"": 0.13191630853069744, ""max_samples"": 0.5714369821035179}",,,
clasificacion,random_forest,class_weight,genetica,0,42,0.7470178884642001,20,2686.3336589000246,134.31485282000213,131.12724849997903,1.0190362999856006,196806,True,0.39632415771484375,0.7438062095735815,0.22152307748679212,0.7206617617170034,0.16856600189933524,0.6256294058408862,0.7290072960424497,0.2655765736881479,0.39632415771484375,0.14201187012838185,0.26207414007355034,0.2620678036813838,"{""n_estimators"": 213, ""max_depth"": 16, ""min_samples_leaf"": 82, ""max_features"": 0.2702755523903293, ""max_samples"": 0.5131322388766191}",,,
clasificacion,random_forest,class_weight,genetica,1,42,0.7450009211998333,20,2454.9673607999866,122.74656217499577,119.68643000000156,0.9772154999955092,196806,True,0.3992365896701813,0.7539362259228262,0.225308645842037,0.7007235478232592,0.16644953160866058,0.6754783484390735,0.7029405261994252,0.26708476432233336,0.3992365896701813,0.14880512981348587,0.2756226849414959,0.27560676434002174,"{""n_estimators"": 213, ""max_depth"": 14, ""min_samples_leaf"": 82, ""max_features"": 0.2702755523903293, ""max_samples"": 0.5804868922485578}",,,
clasificacion,random_forest,class_weight,genetica,2,42,0.7433993867345688,20,2128.431203999993,106.41931145999988,59.24271029999363,1.209891999984393,196806,True,0.4612570106983185,0.7442960217431817,0.22366561802403584,0.719015487175318,0.16840546543716767,0.6299093655589124,0.7268405925270838,0.26576026342344256,0.4612570106983185,0.17192775900683288,0.3119160676248059,0.3119160676248059,"{""n_estimators"": 168, ""max_depth"": 14, ""min_samples_leaf"": 194, ""max_features"": 0.24551602317164983, ""max_samples"": 0.4795959914970501}",,,
clasificacion,random_forest,class_weight,genetica,3,42,0.7456470836363591,20,2025.7259916000003,101.28475976500049,92.82277220000469,0.6467222999999649,196807,True,0.3882339298725128,0.7470732551860902,0.2198648945627899,0.684701530456698,0.15848967272296857,0.6742195367573011,0.6856220566450728,0.25664861756672575,0.3882339298725128,0.1480821180351838,0.2732912566946598,0.27329125669465987,"{""n_estimators"": 213, ""max_depth"": 14, ""min_samples_leaf"": 82, ""max_features"": 0.2702755523903293, ""max_samples"": 0.5728252851065829}",,,
clasificacion,random_forest,class_weight,genetica,4,42,0.7438374299283722,20,1944.8007314999995,97.23966953500022,54.95306780000101,0.5927815999966697,196807,True,0.4651484489440918,0.7452818789654001,0.22306519707630598,0.7291518465071848,0.17211160964666292,0.6180765357502518,0.7389064538238741,0.26924764202676027,0.4651484489440918,0.17080231780692884,0.30998006172908116,0.3099800617290811,"{""n_estimators"": 188, ""max_depth"": 14, ""min_samples_leaf"": 194, ""max_features"": 0.2702755523903293, ""max_samples"": 0.539289037727014}",,,
clasificacion,random_forest,class_weight,rejilla,0,42,0.7441793350221357,16,2360.127529999998,147.5076313687514,312.7978702999826,1.3456182000227273,196806,True,0.29551732540130615,0.7399639784482979,0.21425770149049314,0.705418478923621,0.1629292670425423,0.6402316213494461,0.7111430466504532,0.25975485188968334,0.29551732540130615,0.10978755211884142,0.19531695670950416,0.1953169567095042,"{""n_estimators"": 300, ""max_depth"": 16, ""min_samples_leaf"": 20, ""max_features"": 0.3, ""max_samples"": 0.5}",,,
clasificacion,random_forest,class_weight,rejilla,1,42,0.7420817319836006,16,2188.3473796999897,136.77128314374932,279.307937399979,1.132971799990628,196806,True,0.2946218252182007,0.7501988354697786,0.21536440610010144,0.6981423519369131,0.16457023060796647,0.6719536757301108,0.700442184390891,0.2643883110450718,0.2946218252182007,0.10975086233706507,0.19721639808210567,0.19721639808210573,"{""n_estimators"": 300, ""max_depth"": 16, ""min_samples_leaf"": 20, ""max_features"": 0.3, ""max_samples"": 0.5}",,,
clasificacion,random_forest,class_weight,rejilla,2,42,0.741935795849192,16,2254.6889487000008,140.91755808750167,281.970776800008,1.144179399998393,196806,True,0.3051253855228424,0.7436526417845547,0.2135082267153536,0.7184464046176985,0.16777620872839755,0.628147029204431,0.7263762989166482,0.26481982699145573,0.3051253855228424,0.11032069589893939,0.19695870663634082,0.19695092958578475,"{""n_estimators"": 300, ""max_depth"": 16, ""min_samples_leaf"": 20, ""max_features"": 0.3, ""max_samples"": 0.5}",,,
clasificacion,random_forest,class_weight,rejilla,3,42,0.7425270740900398,16,1772.2789114000007,110.76720934375021,321.7026270000024,0.8778023999984725,196807,True,0.28905758261680603,0.7427484053011021,0.2136793229184134,0.6910022154021259,0.1588603365530648,0.6583585095669687,0.6938689778681819,0.2559584985073166,0.28905758261680603,0.10978646609877706,0.1957474859542196,0.1957474859542196,"{""n_estimators"": 300, ""max_depth"": 16, ""min_samples_leaf"": 20, ""max_features"": 0.3, ""max_samples"": 0.5}",,,
clasificacion,random_forest,class_weight,rejilla,4,42,0.743230448071207,16,1785.7007196000013,111.6062663249993,239.4405007000023,0.8820476000037161,196807,True,0.2796242833137512,0.7440658032569493,0.214191146966936,0.6725676307392127,0.15622521808088818,0.6943605236656596,0.670653784076588,0.2550633496716915,0.2796242833137512,0.10939910484314251,0.19486203667263496,0.19486203667263496,"{""n_estimators"": 300, ""max_depth"": 16, ""min_samples_leaf"": 20, ""max_features"": 0.3, ""max_samples"": 0.5}",,,
clasificacion,random_forest,ninguno,aleatoria,0,42,0.7463505665207809,20,1289.1905055999996,64.4594290199999,68.03625449999981,0.5642769999999473,196806,True,0.09629537165164948,0.7437482869807868,0.2209839377956652,0.719808137880574,0.16799729364005414,0.6251258811681772,0.7281229272606677,0.2648250853242321,0.09629537165164948,0.0693860440015507,0.01634075356054757,0.016635630155381,"{""n_estimators"": 249, ""max_depth"": 16, ""min_samples_leaf"": 72, ""max_features"": 0.12372871768976328, ""max_samples"": 0.48782232451032315}",,,
clasificacion,random_forest,ninguno,aleatoria,1,42,0.7441959192074766,20,1539.863972000001,76.99294541000009,82.05215710000084,1.063977600000726,196806,True,0.09113643318414688,0.753388524558044,0.22794075512043577,0.6967196455428641,0.16472749540722598,0.6772406847935549,0.6984302454123369,0.2649985223130726,0.09113643318414688,0.06886983596022875,0.0172403555550128,0.0178935552354116,"{""n_estimators"": 249, ""max_depth"": 16, ""min_samples_leaf"": 72, ""max_features"": 0.12372871768976328, ""max_samples"": 0.48782232451032315}",,,
clasificacion,random_forest,ninguno,aleatoria,2,42,0.7449281610872499,20,1405.670101599997,70.28331767000017,77.98406179999802,0.9690800999997009,196806,True,0.0977536216378212,0.7461328403400411,0.22536477680217423,0.7225925775374985,0.1696142027995903,0.6253776435045317,0.7311297811187265,0.2668528764032873,0.0977536216378212,0.06922651151699054,0.01700657591875465,0.01715712155862837,"{""n_estimators"": 249, ""max_depth"": 16, ""min_samples_leaf"": 72, ""max_features"": 0.12372871768976328, ""max_samples"": 0.48782232451032315}",,,
clasificacion,random_forest,ninguno,aleatoria,3,42,0.7451106387297916,20,1414.0080524000005,70.7002671600003,72.4820925999993,0.7396367000001192,196807,True,0.09456419944763184,0.7487285665247392,0.22183672733291931,0.7134001341436149,0.16787986097449012,0.6445115810674723,0.7194499104556811,0.26637531866188024,0.09456419944763184,0.0692131584933523,0.01572837194748163,0.016410214683324043,"{""n_estimators"": 249, ""max_depth"": 16, ""min_samples_leaf"": 72, ""max_features"": 0.12372871768976328, ""max_samples"": 0.48782232451032315}",,,
clasificacion,random_forest,ninguno,aleatoria,4,42,0.7458260918223867,20,1430.5219892000023,71.52591361499944,77.50754669999878,0.855416200000036,196807,True,0.09480805695056915,0.7459351061801488,0.22430167981063986,0.7147822198735798,0.168063345430551,0.6412386706948641,0.7212407968338898,0.26632509018664713,0.09480805695056915,0.06919464448914353,0.015985531192927466,0.016179018404654077,"{""n_estimators"": 249, ""max_depth"": 16, ""min_samples_leaf"": 72, ""max_features"": 0.12372871768976328, ""max_samples"": 0.48782232451032315}",,,
clasificacion,random_forest,ninguno,bayesiana,0,42,0.7462335702594513,20,1408.0330491,70.342689855,77.93991660000029,0.6686832999994294,196806,True,0.09317698329687119,0.7429363242231326,0.222933985001621,0.7119629283362465,0.16539824170056422,0.6346928499496476,0.7187486181737784,0.26241282398251276,0.09317698329687119,0.07015113097629756,0.0199598279095631,0.020805375213956995,"{""n_estimators"": 231, ""max_depth"": 14, ""min_samples_leaf"": 40, ""max_features"": 0.21701805031477372, ""max_samples"": 0.4346499761730522}",,,
clasificacion,random_forest,ninguno,bayesiana,1,42,0.7445054809260953,20,1642.650806900001,82.05785693499993,83.45068829999764,0.8111810000009427,196806,True,0.08952279388904572,0.7535571324052804,0.22765160970431647,0.691557253770172,0.16338180507150582,0.6845417925478349,0.6921733362812292,0.2638013000873193,0.08952279388904572,0.06925584912713625,0.019101961745977197,0.019101961745977197,"{""n_estimators"": 248, ""max_depth"": 16, ""min_samples_leaf"": 67, ""max_features"": 0.17636567044713877, ""max_samples"": 0.5195609452813293}",,,
clasificacion,random_forest,ninguno,bayesiana,2,42,0.7451286857010783,20,1669.9741904000002,83.42510519000025,65.28047539999898,0.9086454999996931,196806,True,0.09118715673685074,0.744247033011759,0.22540969037134923,0.6983049469533759,0.16088583905177792,0.6492950654582075,0.7026088879062569,0.2578742125787421,0.09118715673685074,0.06953905255678221,0.018386860144091816,0.01890669940047466,"{""n_estimators"": 243, ""max_depth"": 13, ""min_samples_leaf"": 52, ""max_features"": 0.15582840626262012, ""max_samples"": 0.4694519886388535}",,,
clasificacion,random_forest,ninguno,bayesiana,3,42,0.7451541377684773,20,1774.589248700002,88.65463835999999,54.41129640000145,0.880904500001634,196807,True,0.09566715359687805,0.7481851002074105,0.22296245461259143,0.7209812808682751,0.16978066612510154,0.6314199395770392,0.7288465365141834,0.2676056338028169,0.09566715359687805,0.06950873154143698,0.01748320719138646,0.017915815133071035,"{""n_estimators"": 117, ""max_depth"": 15, ""min_samples_leaf"": 35, ""max_features"": 0.11444802006058827, ""max_samples"": 0.5491740467019959}",,,
clasificacion,random_forest,ninguno,bayesiana,4,42,0.7460213507135077,20,1527.3579301999998,76.28916830000017,54.652650999996695,0.9840563999969163,196807,True,0.09263752400875092,0.7447046163000385,0.22515474104573177,0.7092132273734274,0.16620373360894,0.6477844914400805,0.7146078843220058,0.26453503315683957,0.09263752400875092,0.06944327637708718,0.018308989631498133,0.017638479049903066,"{""n_estimators"": 117, ""max_depth"": 15, ""min_samples_leaf"": 35, ""max_features"": 0.11444802006058827, ""max_samples"": 0.5491740467019959}",,,
clasificacion,random_forest,ninguno,genetica,0,42,0.7451599159451282,20,2122.8445960999998,106.140348735,64.09188219999942,0.6300924999995914,196806,True,0.08839566260576248,0.7394480437793718,0.22135152744395292,0.699849599609772,0.1614400401404917,0.648036253776435,0.7043997346893655,0.2584856396866841,0.08839566260576248,0.07024601085542576,0.01875155202651912,0.018753603428392038,"{""n_estimators"": 252, ""max_depth"": 11, ""min_samples_leaf"": 20, ""max_features"": 0.1975002754880372, ""max_samples"": 0.5766674597046076}",,,
clasificacion,random_forest,ninguno,genetica,1,42,0.7434404839948688,20,2117.236955799999,105.85987271999984,60.40779919999841,0.721346900001663,196806,True,0.09101397544145584,0.7513908213118626,0.2282027599631274,0.7120035770903622,0.1690250551733091,0.6555891238670695,0.71695777139067,0.268758385798328,0.09101397544145584,0.06948366264631543,0.018476934982014352,0.01893102805317236,"{""n_estimators"": 266, ""max_depth"": 11, ""min_samples_leaf"": 20, ""max_features"": 0.173494620425617, ""max_samples"": 0.5766674597046076}",,,
clasificacion,random_forest,ninguno,genetica,2,42,0.7438991395227074,20,2114.4047653999987,105.71958643499947,61.07135460000427,1.0028008000008413,196806,True,0.09619490802288055,0.7428875219617133,0.22415049200443463,0.7287915125401406,0.17088074167720185,0.6125377643504532,0.7390006632765863,0.2672158154859967,0.09619490802288055,0.06988378126651633,0.018573946886052,0.019093264820758543,"{""n_estimators"": 265, ""max_depth"": 11, ""min_samples_leaf"": 20, ""max_features"": 0.173494620425617, ""max_samples"": 0.5766674597046076}",,,
clasificacion,random_forest,ninguno,genetica,3,42,0.7434554966886896,20,2139.343697799999,106.96606634000054,58.96970430000147,0.8170781000007992,196807,True,0.09418971836566925,0.7476452325624037,0.221926157007005,0.7266315725290137,0.17135922330097086,0.6221047331319235,0.7358110946516615,0.26870378425402347,0.09418971836566925,0.06990160220957312,0.017664896809122695,0.020227208867726953,"{""n_estimators"": 263, ""max_depth"": 11, ""min_samples_leaf"": 20, ""max_features"": 0.17274074626935773, ""max_samples"": 0.5766674597046076}",,,
clasificacion,random_forest,ninguno,genetica,4,42,0.7451531320585921,20,2187.5805351000017,109.37855729500043,65.4104856000049,0.8301782999988063,196807,True,0.09588160365819931,0.7443282113176902,0.22629598348452992,0.7332574541167862,0.17370222475755848,0.6132930513595166,0.7437926993742953,0.2707268281840409,0.09588160365819931,0.06984605296531252,0.01839581228979988,0.01949283528746438,"{""n_estimators"": 292, ""max_depth"": 11, ""min_samples_leaf"": 20, ""max_features"": 0.20399669905580164, ""max_samples"": 0.5766674597046076}",,,
clasificacion,random_forest,ninguno,rejilla,0,42,0.7460212843375924,16,1381.4671249000003,86.34165486250002,160.28417780000018,0.827594500000032,196806,True,0.09583711624145508,0.7428903440599786,0.22513618654927312,0.720702410471119,0.16795812941816204,0.6221047331319235,0.7293610435551625,0.26450438878184546,0.09583711624145508,0.07116122453484178,0.023592899178881743,0.023863314795301953,"{""n_estimators"": 300, ""max_depth"": 16, ""min_samples_leaf"": 20, ""max_features"": 0.3, ""max_samples"": 0.5}",,,
clasificacion,random_forest,ninguno,rejilla,1,42,0.7428968206883063,16,3938.7326537999998,246.17047751250004,167.124111000001,1.0629220999999234,196806,True,0.09047030657529831,0.7528815293167583,0.2300700373150646,0.7034470143490102,0.16788640770626134,0.675730110775428,0.7058810523988504,0.2689513502680495,0.09047030657529831,0.07059873600292935,0.024396530758853143,0.024853652469066678,"{""n_estimators"": 300, ""max_depth"": 16, ""min_samples_leaf"": 20, ""max_features"": 0.3, ""max_samples"": 0.5}",,,
clasificacion,random_forest,ninguno,rejilla,2,42,0.7432893977872969,16,1361.9091033000004,85.11915699375004,159.87731449999774,0.9754296999999497,196806,True,0.1031598448753357,0.7423880634483391,0.22258412487509036,0.740539002479574,0.1743445415494001,0.5926485397784491,0.7535264205173557,0.2694288657433902,0.1031598448753357,0.0714999359109658,0.02479441875665998,0.024794418756659983,"{""n_estimators"": 300, ""max_depth"": 16, ""min_samples_leaf"": 20, ""max_features"": 0.3, ""max_samples"": 0.5}",,,
clasificacion,random_forest,ninguno,rejilla,3,42,0.7435238429167347,16,1347.0203970999974,84.18871781875055,159.8273627000017,1.0625583000000915,196807,True,0.09701167047023773,0.7486016834060315,0.22285807087454013,0.7286437267535213,0.17327388002508187,0.6261329305135952,0.7376462004466161,0.2714324693042292,0.09701167047023773,0.07104281983058809,0.0233923952723443,0.023490750018674345,"{""n_estimators"": 300, ""max_depth"": 16, ""min_samples_leaf"": 20, ""max_features"": 0.3, ""max_samples"": 0.5}",,,
clasificacion,random_forest,ninguno,rejilla,4,42,0.7448253739740064,16,1394.939389700001,87.1836192249998,155.08751009999833,0.9495652000041446,196807,True,0.09317649900913239,0.7456071343731665,0.22807361058397932,0.714375724070649,0.16753512301299386,0.6394763343403826,0.7209533706250415,0.2655098520880155,0.09317649900913239,0.07080600980536689,0.023304458317634953,0.023299674189909553,"{""n_estimators"": 300, ""max_depth"": 16, ""min_samples_leaf"": 20, ""max_features"": 0.3, ""max_samples"": 0.5}",,,
clasificacion,random_forest,smote,aleatoria,0,42,0.7240273648743539,20,2129.737722800004,106.48641781000079,144.52948599999945,1.034435499997926,271377,True,0.19185617566108704,0.7206195246005701,0.1898414372157866,0.6744034795333523,0.14800747925674887,0.6377139979859013,0.6776254698209153,0.2402541970976003,0.19185617566108704,0.08085599047733172,0.10290736328674321,0.10290736328674321,"{""n_estimators"": 249, ""max_depth"": 16, ""min_samples_leaf"": 72, ""max_features"": 0.12372871768976328, ""max_samples"": 0.48782232451032315}",,,
clasificacion,random_forest,smote,aleatoria,1,42,0.7223536124918671,20,2359.355703699999,117.96684445500031,150.17265930000576,1.2013294999997015,271377,True,0.19629432260990143,0.728068152392861,0.1928446868523197,0.6949514247388318,0.15691638172210134,0.6354481369587109,0.7001768737563564,0.2516827042927656,0.19629432260990143,0.0807506782806919,0.1035516257325334,0.10355162573253344,"{""n_estimators"": 249, ""max_depth"": 16, ""min_samples_leaf"": 72, ""max_features"": 0.12372871768976328, ""max_samples"": 0.48782232451032315}",,,
clasificacion,random_forest,smote,aleatoria,2,42,0.7231426471178595,20,2470.0922452000086,123.50392382500067,172.0553193000087,1.7747613999963505,271377,True,0.19532443583011627,0.7278131003916649,0.19804220394384914,0.6908459005731474,0.15543564902814397,0.6382175226586103,0.6954676099933672,0.2499876731916572,0.19532443583011627,0.08073097167906221,0.10371317854781449,0.1035710082824279,"{""n_estimators"": 249, ""max_depth"": 16, ""min_samples_leaf"": 72, ""max_features"": 0.12372871768976328, ""max_samples"": 0.48782232451032315}",,,
clasificacion,random_forest,smote,aleatoria,3,42,0.7239255213878476,20,2278.458386600003,113.9224803450008,141.8056338000024,1.0361775999917882,271378,True,0.1943928301334381,0.7270240719950887,0.1918016667535125,0.692465600292677,0.1553949725155951,0.6334340382678751,0.6976497379999558,0.24956603680007935,0.1943928301334381,0.08057014624929257,0.10223811701382612,0.10221956727207368,"{""n_estimators"": 249, ""max_depth"": 16, ""min_samples_leaf"": 72, ""max_features"": 0.12372871768976328, ""max_samples"": 0.48782232451032315}",,,
clasificacion,random_forest,smote,aleatoria,4,42,0.7242213105900785,20,2258.1187589000037,112.90549937500036,132.3952452000085,0.915210000006482,271378,True,0.199753537774086,0.7226741928292093,0.18863263877166098,0.7120180484136501,0.1583003820119295,0.594662638469285,0.7223241725441641,0.2500396972423649,0.199753537774086,0.0807591538499461,0.10260985032072573,0.10243409768899926,"{""n_estimators"": 249, ""max_depth"": 16, ""min_samples_leaf"": 72, ""max_features"": 0.12372871768976328, ""max_samples"": 0.48782232451032315}",,,
clasificacion,random_forest,smote,bayesiana,0,42,0.7313980270568071,20,3511.1464641000057,175.38165997000107,168.6549922999984,1.176458099995216,271377,True,0.17991004884243011,0.72697070127639,0.19669950422814655,0.6766391610097151,0.15077229113035337,0.6487915407854985,0.6790846783108556,0.24468287124952526,0.17991004884243011,0.07864543767556852,0.09270815247243017,0.0925751382155751,"{""n_estimators"": 246, ""max_depth"": 16, ""min_samples_leaf"": 23, ""max_features"": 0.17379318205938574, ""max_samples"": 0.37516230966713954}",,,
clasificacion,random_forest,smote,bayesiana,1,42,0.7304326004680594,20,5073.3642872000055,253.4136362950012,167.02517579999403,1.0911683999947854,271377,True,0.1815090775489807,0.7347166373992255,0.19933643245665675,0.6890167066379416,0.1572992921531853,0.6545820745216515,0.692040680963962,0.2536461636017755,0.1815090775489807,0.07846271687258259,0.09276896643084262,0.0927689664308426,"{""n_estimators"": 246, ""max_depth"": 16, ""min_samples_leaf"": 23, ""max_features"": 0.17379318205938574, ""max_samples"": 0.37516230966713954}",,,
clasificacion,random_forest,smote,bayesiana,2,42,0.7307756405323785,20,3787.7055687999964,189.20769489999947,179.2358516999957,1.2809897999977693,271377,True,0.18539756536483765,0.7333165120691179,0.20321446035740284,0.7056420470712572,0.16060703907006782,0.6261329305135952,0.7126243643599381,0.25564064347021637,0.18539756536483765,0.07845656876476648,0.09292280354648483,0.09271985618550914,"{""n_estimators"": 246, ""max_depth"": 16, ""min_samples_leaf"": 23, ""max_features"": 0.17379318205938574, ""max_samples"": 0.37516230966713954}",,,
clasificacion,random_forest,smote,bayesiana,3,42,0.7320544692528838,20,3655.0719806999987,182.5667488999985,175.15917290000652,1.0601700999977766,271378,True,0.18292130529880524,0.7336516352044181,0.19845378502345667,0.7016320806487673,0.16002032004064007,0.6344410876132931,0.7075327776426629,0.25557809330628806,0.18292130529880524,0.07827918480686173,0.091216107558775,0.091216107558775,"{""n_estimators"": 246, ""max_depth"": 16, ""min_samples_leaf"": 23, ""max_features"": 0.17379318205938574, ""max_samples"": 0.37516230966713954}",,,
clasificacion,random_forest,smote,bayesiana,4,42,0.7327324336422283,20,3381.611219600003,168.871273845002,161.04908550000982,0.9757376000052318,271378,True,0.18135321140289307,0.729744414999716,0.1947049262295818,0.6875266762870673,0.15569513226235052,0.649043303121853,0.6909062769462071,0.2511446663419386,0.18135321140289307,0.07853964727273331,0.09204761457520527,0.09199727010397173,"{""n_estimators"": 246, ""max_depth"": 16, ""min_samples_leaf"": 23, ""max_features"": 0.17379318205938574, ""max_samples"": 0.37516230966713954}",,,
clasificacion,random_forest,smote,genetica,0,42,0.7237096065604188,20,2734.014239700002,136.69845626499955,112.32200220000232,1.0647457000013674,271377,True,0.17683711647987366,0.7156164982202412,0.18124004699955967,0.6651152392179179,0.14508713174774365,0.6435045317220544,0.6670130444395312,0.23678725276761314,0.17683711647987366,0.0790129495405799,0.09181653893068185,0.0917897076300514,"{""n_estimators"": 170, ""max_depth"": 14, ""min_samples_leaf"": 20, ""max_features"": 0.23422749666326717, ""max_samples"": 0.5862020070283949}",,,
clasificacion,random_forest,smote,genetica,1,42,0.7115792059522952,20,3055.2195987000014,152.75927900500102,73.94476769999892,1.1089844000016456,271377,True,0.18126904964447021,0.7133890973270999,0.17424249466776692,0.6506239583756758,0.14337362400172673,0.668932527693857,0.6490161397302675,0.23613579808034127,0.18126904964447021,0.08081441916500251,0.10027434875393107,0.10027434875393108,"{""n_estimators"": 177, ""max_depth"": 12, ""min_samples_leaf"": 26, ""max_features"": 0.2517367281579229, ""max_samples"": 0.5526657596488259}",,,
clasificacion,random_forest,smote,genetica,2,42,0.7228837830137799,20,2794.808133700004,139.73839735999863,108.07024040001852,0.9904599000001326,271377,True,0.18636730313301086,0.7221548796472499,0.18671828035523091,0.7112109263851063,0.15865288429476493,0.5989425981873112,0.7210700862259563,0.25085675119945167,0.18636730313301086,0.07881078880320777,0.09194793066589926,0.09194793066589926,"{""n_estimators"": 170, ""max_depth"": 14, ""min_samples_leaf"": 20, ""max_features"": 0.23422749666326717, ""max_samples"": 0.5862020070283949}",,,
clasificacion,random_forest,smote,genetica,3,42,0.7140387237440272,20,2939.636295899996,146.97907896499964,73.98156079999171,1.1875138999894261,271378,True,0.185808464884758,0.7119382010494786,0.17061072579335887,0.6742342635312291,0.1477325853202431,0.6364551863041289,0.6775520130889473,0.2398026939859609,0.185808464884758,0.08072243208224371,0.09890988984036324,0.09890988984036327,"{""n_estimators"": 177, ""max_depth"": 12, ""min_samples_leaf"": 26, ""max_features"": 0.2517367281579229, ""max_samples"": 0.5526657596488259}",,,
clasificacion,random_forest,smote,genetica,4,42,0.7239774855354631,20,2687.180513500003,134.35668049000088,107.87788820000424,1.0172562999941874,271378,True,0.17463107407093048,0.7197950017007554,0.18110119207243525,0.6642751163594236,0.14722753346080306,0.6591137965760322,0.6647283822326383,0.24069136710490024,0.17463107407093048,0.07875214993803582,0.09074357474079942,0.09066884617547828,"{""n_estimators"": 170, ""max_depth"": 14, ""min_samples_leaf"": 20, ""max_features"": 0.2517367281579229, ""max_samples"": 0.5862020070283949}",,,
clasificacion,random_forest,smote,rejilla,0,42,0.7301300591095851,16,1450.836407499999,90.67668700000013,223.55219369999395,1.1259726999996928,271377,True,0.18296240270137787,0.7257880389344915,0.19436583474478136,0.721495061176375,0.16148333681207822,0.5843403826787512,0.7335396860490825,0.25303897519760155,0.18296240270137787,0.07773375260048813,0.08713518303045317,0.0869076438048272,"{""n_estimators"": 300, ""max_depth"": 16, ""min_samples_leaf"": 20, ""max_features"": 0.3, ""max_samples"": 0.5}",,,
clasificacion,random_forest,smote,rejilla,1,42,0.7289422390128907,16,1603.8742678999988,100.24161461874974,246.4545589999907,1.2124727000045823,271377,True,0.1777593493461609,0.7359867903536117,0.19949185354046403,0.7041786919230926,0.16147399398630927,0.6354481369587109,0.7102144594295822,0.2575116053665255,0.1777593493461609,0.07741608517696814,0.08684467414610489,0.08684467414610489,"{""n_estimators"": 300, ""max_depth"": 16, ""min_samples_leaf"": 20, ""max_features"": 0.3, ""max_samples"": 0.5}",,,
clasificacion,random_forest,smote,rejilla,2,42,0.7305383009057298,16,5229.715700100001,326.85678006250055,259.3982529999921,1.6541798999969615,271377,True,0.17339998483657837,0.7306302446775895,0.19767660350190308,0.6804398195195317,0.15350592675591201,0.655337361530715,0.6826442626575282,0.24874575947250227,0.17339998483657837,0.07756880078559739,0.08700058139334566,0.08700058139334568,"{""n_estimators"": 300, ""max_depth"": 16, ""min_samples_leaf"": 20, ""max_features"": 0.3, ""max_samples"": 0.5}",,,
clasificacion,random_forest,smote,rejilla,3,42,0.7311131394352796,16,1584.824288799995,99.05091366250326,244.77217499997641,1.364263800001936,271378,True,0.1739487200975418,0.7337091582976522,0.19738633739036776,0.6892949330298165,0.15755704860480602,0.655337361530715,0.6922770788653297,0.2540379641828917,0.1739487200975418,0.07738045849014848,0.08588945208494164,0.08588945208494166,"{""n_estimators"": 300, ""max_depth"": 16, ""min_samples_leaf"": 20, ""max_features"": 0.3, ""max_samples"": 0.5}",,,
clasificacion,random_forest,smote,rejilla,4,42,0.7317420191174516,16,1640.3192871000065,102.51922460625156,236.45515669998713,1.499089200005983,271378,True,0.1732679158449173,0.7286267419661435,0.19256617860067032,0.6837665901099571,0.1537266152650768,0.6475327291037261,0.6869486391474496,0.24846640583490315,0.1732679158449173,0.0775332731568073,0.08577522332506064,0.08577522332506067,"{""n_estimators"": 300, ""max_depth"": 16, ""min_samples_leaf"": 20, ""max_features"": 0.3, ""max_samples"": 0.5}",,,
clasificacion,svm,adasyn,aleatoria,0,42,0.7417690141557012,20,11668.09204410002,583.3962547849966,74.18465339997783,0.2540017999999691,267583,True,-0.2666041619296602,0.7371084770042966,0.21758773207366963,0.7052355595301004,0.16088104592001032,0.6289023162134945,0.7119389785540571,0.25621826760346683,-0.2666041619296602,,,,"{""C"": 0.00016558417513094634, ""nucleo"": ""lineal""}",,,
clasificacion,svm,adasyn,aleatoria,1,42,0.7391397382079158,20,12742.157409000007,637.1018567700012,98.15644860002794,0.37445849998039193,267757,True,-0.22131712203251475,0.7481635487768792,0.22755395551035865,0.7357830982480387,0.17557855397441427,0.615055387713998,0.7463851426044661,0.27317454992731743,-0.22131712203251475,,,,"{""C"": 0.00016558417513094634, ""nucleo"": ""lineal""}",,,
clasificacion,svm,adasyn,aleatoria,2,42,0.7408142076033245,20,14494.029649400007,724.6963768949979,88.23728470000788,0.2981738999951631,267769,True,-0.24295544616911258,0.7437860902951214,0.22463007370712879,0.7227348481769034,0.16978554842234667,0.6258811681772407,0.7312403272164493,0.2671107768346406,-0.24295544616911258,,,,"{""C"": 0.00016558417513094634, ""nucleo"": ""lineal""}",,,
clasificacion,svm,adasyn,aleatoria,3,42,0.7409692538838138,20,15651.111463000008,782.5460986399936,75.13149619998876,0.28259479999542236,267712,True,-0.2704051083151839,0.7431003014601959,0.2224445990571725,0.7088677059409362,0.16589207332816938,0.6470292044310171,0.7142983484047846,0.2640772708590218,-0.2704051083151839,,,,"{""C"": 0.00016558417513094634, ""nucleo"": ""lineal""}",,,
clasificacion,svm,adasyn,aleatoria,4,42,0.7415802497078133,20,11724.214344599983,586.2029541049997,90.83894019998843,0.4654453999828547,267687,True,-0.22766557628250772,0.740533883105816,0.21896557394180532,0.7357370785146643,0.17311033883579496,0.601963746223565,0.7474850206725774,0.26889338731443996,-0.22766557628250772,,,,"{""C"": 0.00016558417513094634, ""nucleo"": ""lineal""}",,,
clasificacion,svm,adasyn,bayesiana,0,42,0.7418332729163842,20,5517.004466699989,275.1306285450017,88.16381790000014,0.28725259998464026,267583,True,-0.2749559694903341,0.7371665387538104,0.2176359545966833,0.6980813788057396,0.15851898336994039,0.6359516616314199,0.703537475127128,0.2537800773597227,-0.2749559694903341,,,,"{""C"": 0.00013097320469009218, ""nucleo"": ""lineal""}",,,
clasificacion,svm,adasyn,bayesiana,1,42,0.7392318571475472,20,6514.301339600002,324.88046625999993,99.94912619996467,0.31144409999251366,267757,True,-0.21876757481682502,0.748153568456979,0.2275918457155431,0.7365960733303524,0.17575757575757575,0.6132930513595166,0.7474242759230599,0.2732166890982503,-0.21876757481682502,,,,"{""C"": 0.00013097320469009218, ""nucleo"": ""lineal""}",,,
clasificacion,svm,adasyn,bayesiana,2,42,0.7409010371375873,20,6474.596233899967,323.1700537600133,69.75104000000283,0.24631129996851087,267769,True,-0.2568002832819923,0.7438209295713372,0.22462834236055704,0.7128368765497337,0.1659980269648142,0.6354481369587109,0.7196329869555604,0.26323199666266883,-0.2568002832819923,,,,"{""C"": 0.00013097320469009218, ""nucleo"": ""lineal""}",,,
clasificacion,svm,adasyn,bayesiana,3,42,0.7410583802572952,20,6097.637013599975,304.10925075999984,56.89616650005337,0.22645929997088388,267712,True,-0.2864000333361659,0.7431460516346968,0.2225207811673756,0.6978110201012174,0.162453531598513,0.6601208459214502,0.7011209622145084,0.2607398568019093,-0.2864000333361659,,,,"{""C"": 0.00013097320469009218, ""nucleo"": ""lineal""}",,,
clasificacion,svm,adasyn,bayesiana,4,42,0.741638078149733,20,6616.774646100006,330.06157776999754,66.49043200002052,0.5360035000485368,267687,True,-0.24154232468404893,0.7405814757560145,0.2189903454134604,0.7258389057132986,0.16947975272626242,0.6143001007049346,0.735634216984678,0.26566497904077524,-0.24154232468404893,,,,"{""C"": 0.00013097320469009218, ""nucleo"": ""lineal""}",,,
clasificacion,svm,adasyn,genetica,0,42,0.7419095476447092,20,14636.738543799991,731.8241309049976,66.68242290001945,0.26504539998131804,267583,True,-0.272626493057082,0.7372424793586057,0.21769910356937602,0.6982439738222024,0.15855572998430142,0.6356998992950654,0.703736458103029,0.25380710659898476,-0.272626493057082,,,,"{""C"": 0.00010000000000000009, ""nucleo"": ""lineal""}",,,
clasificacion,svm,adasyn,genetica,1,42,0.73934194107033,20,16248.797029000008,812.4232478050005,62.134671399981016,0.25746709998929873,267757,True,-0.2359172597184356,0.7481386786880261,0.22763731589532596,0.7238730132921426,0.17120383036935705,0.6301611278952669,0.7321025867786867,0.26925559380378655,-0.2359172597184356,,,,"{""C"": 0.00010000000000000009, ""nucleo"": ""lineal""}",,,
clasificacion,svm,adasyn,genetica,2,42,0.7410091808463642,20,17792.052085600037,889.588483015004,65.6686360000167,0.317317400011234,267769,True,-0.24607713595334343,0.7438642908050361,0.22471885446631595,0.7184464046176985,0.1680886798790729,0.6299093655589124,0.7262215343798364,0.2653656467094448,-0.24607713595334343,,,,"{""C"": 0.00010000000000000009, ""nucleo"": ""lineal""}",,,
clasificacion,svm,adasyn,genetica,3,42,0.7411585299990339,20,7283.5596252999985,364.17713224500005,32.033744399999705,0.14215450000119745,267712,True,-0.24430353716855274,0.7431930598137526,0.22269120837174214,0.7237454523282048,0.17059306944254213,0.627139979859013,0.7322293218952443,0.26822439969850326,-0.24430353716855274,,,,"{""C"": 0.00010000000000000009, ""nucleo"": ""lineal""}",,,
clasificacion,svm,adasyn,genetica,4,42,0.7417041590571191,20,9937.306023200003,496.8532031699997,46.432593199999246,0.1946291000022029,267687,True,-0.210429247510161,0.7406460792996642,0.2190524850698906,0.7443954391170912,0.17585895117540687,0.5876132930513596,0.7581640098167105,0.2707028531663187,-0.210429247510161,,,,"{""C"": 0.00010000000000000009, ""nucleo"": ""lineal""}",,,
clasificacion,svm,adasyn,rejilla,0,42,0.7419095476447092,12,2269.5287027999875,189.12443188333177,65.03970300001674,0.2812469999771565,267583,True,-0.272626493057082,0.7372424793586057,0.21769910356937602,0.6982439738222024,0.15855572998430142,0.6356998992950654,0.703736458103029,0.25380710659898476,-0.272626493057082,,,,"{""C"": 0.00010000000000000009, ""nucleo"": ""lineal""}",,,
clasificacion,svm,adasyn,rejilla,1,42,0.73934194107033,12,3062.398168200016,255.19765614999778,99.60094639996532,0.33750540000619367,267757,True,-0.2359172597184356,0.7481386786880261,0.22763731589532596,0.7238730132921426,0.17120383036935705,0.6301611278952669,0.7321025867786867,0.26925559380378655,-0.2359172597184356,,,,"{""C"": 0.00010000000000000009, ""nucleo"": ""lineal""}",,,
clasificacion,svm,adasyn,rejilla,2,42,0.7410091808463642,12,3294.462033799995,274.5362234750016,86.8032556999824,0.3349001999886241,267769,True,-0.24607713595334343,0.7438642908050361,0.22471885446631595,0.7184464046176985,0.1680886798790729,0.6299093655589124,0.7262215343798364,0.2653656467094448,-0.24607713595334343,,,,"{""C"": 0.00010000000000000009, ""nucleo"": ""lineal""}",,,
clasificacion,svm,adasyn,rejilla,3,42,0.7411585299990339,12,3868.016877499962,322.3317479166629,90.909552899946,0.3187317000119947,267712,True,-0.24430353716855274,0.7431930598137526,0.22269120837174214,0.7237454523282048,0.17059306944254213,0.627139979859013,0.7322293218952443,0.26822439969850326,-0.24430353716855274,,,,"{""C"": 0.00010000000000000009, ""nucleo"": ""lineal""}",,,
clasificacion,svm,adasyn,rejilla,4,42,0.7417041590571191,12,3035.8202916000155,252.98354220833667,62.639581500028726,0.247193299990613,267687,True,-0.210429247510161,0.7406460792996642,0.2190524850698906,0.7443954391170912,0.17585895117540687,0.5876132930513596,0.7581640098167105,0.2707028531663187,-0.210429247510161,,,,"{""C"": 0.00010000000000000009, ""nucleo"": ""lineal""}",,,
clasificacion,svm,class_weight,aleatoria,0,42,0.7564964073874464,20,9189.208569399998,459.45744452999986,53.14381619999767,0.19561020000037388,196806,True,0.009131657450619696,0.7540495050585136,0.22781287568658454,0.7025933905125807,0.165610689417226,0.6646525679758308,0.7059252708379394,0.2651534173655401,0.009131657450619696,,,,"{""C"": 0.00016558417513094634, ""nucleo"": ""lineal""}",,,
clasificacion,svm,class_weight,aleatoria,1,42,0.7544497289653583,20,10041.062651300002,502.05189478500034,48.333917399999336,1.1409248999989359,196806,True,0.03430012361139549,0.7608527991318401,0.23876460531708688,0.7175724564042112,0.17381014988167237,0.6656596173212488,0.7221313287640946,0.2756463719766472,0.03430012361139549,,,,"{""C"": 0.6392908815231854, ""nucleo"": ""rbf_nystroem"", ""gamma"": 0.0001803961503006787}",,,
clasificacion,svm,class_weight,aleatoria,2,42,0.7563998037250705,20,9359.821799999998,467.98995024499965,57.57510249999905,1.2567946999988635,196806,True,0.02507087676787441,0.75688506812779,0.23450595938152077,0.7089549205316857,0.1688004096786583,0.6638972809667674,0.7129117842140172,0.26916402980504234,0.02507087676787441,,,,"{""C"": 0.6392908815231854, ""nucleo"": ""rbf_nystroem"", ""gamma"": 0.0001803961503006787}",,,
clasificacion,svm,class_weight,aleatoria,3,42,0.7555527529356297,20,14304.1255952,715.2044559650014,59.5506841000024,0.3778311000060057,196807,True,0.07459186871462384,0.7591154342085105,0.23492280375829538,0.7481148757139082,0.18524332810047095,0.6238670694864048,0.7590262884432555,0.28566487982016253,0.07459186871462384,,,,"{""C"": 0.00016558417513094634, ""nucleo"": ""lineal""}",,,
clasificacion,svm,class_weight,aleatoria,4,42,0.7567179431658021,20,8963.428862299996,448.1707376599992,51.39757359999203,0.9596143999951892,196807,True,0.016993121689213415,0.7543848583721773,0.23114557948692632,0.7082579622365399,0.16902575873501657,0.6674219536757301,0.7118441707753874,0.26973951973951976,0.016993121689213415,,,,"{""C"": 0.6392908815231854, ""nucleo"": ""rbf_nystroem"", ""gamma"": 0.0001803961503006787}",,,
clasificacion,svm,class_weight,bayesiana,0,42,0.7565030995080511,20,4423.703265600001,221.0022597000001,47.66599739999947,0.2386194999999134,196806,True,0.052604532827619066,0.7540804757779361,0.22786263981503835,0.7304377870818259,0.17470765352566348,0.628147029204431,0.7394207384479328,0.2733797184024544,0.052604532827619066,,,,"{""C"": 0.00013578122267812658, ""nucleo"": ""lineal""}",,,
clasificacion,svm,class_weight,bayesiana,1,42,0.7540703216299122,20,4782.748027900001,238.96233788999962,48.74890250000317,0.2503022000018973,196806,True,0.02441877248094962,0.761058706546088,0.23797295154303066,0.7104182756798504,0.17148337595907928,0.675226586102719,0.7135087331417201,0.2735060167244544,0.02441877248094962,,,,"{""C"": 0.00013097320469009218, ""nucleo"": ""lineal""}",,,
clasificacion,svm,class_weight,bayesiana,2,42,0.7557596760883376,20,4735.984917099995,236.65931368499986,40.21231519999856,0.16983089999848744,196806,True,0.028608766713966893,0.7560927598651538,0.23277530694870754,0.7124303890085769,0.1706685651414148,0.6638972809667674,0.7166924607561354,0.2715337486485095,0.028608766713966893,,,,"{""C"": 0.00013097320469009218, ""nucleo"": ""lineal""}",,,
clasificacion,svm,class_weight,bayesiana,3,42,0.7555850028514627,20,6417.3949015000035,320.7763118049999,46.42025480000302,0.39437339999130927,196807,True,0.0710962446184247,0.7591142096023065,0.23497470427967182,0.7458994735879352,0.1843546477205447,0.627139979859013,0.7563289040217559,0.2849462365591398,0.0710962446184247,,,,"{""C"": 0.00013097320469009218, ""nucleo"": ""lineal""}",,,
clasificacion,svm,class_weight,bayesiana,4,42,0.7561652861402459,20,4328.3577399999995,216.31476583499997,51.72311819999959,0.19787820000055945,196807,True,0.03788296126254212,0.7553677495770266,0.22963630348545422,0.7220584947460418,0.1737610113644005,0.6505538771399798,0.7283380132216056,0.27426630578994854,0.03788296126254212,,,,"{""C"": 0.00013097320469009218, ""nucleo"": ""lineal""}",,,
clasificacion,svm,class_weight,genetica,0,42,0.756702894062871,20,6329.3958031,316.4637543800005,76.40139599999384,1.1477187000054982,196806,True,0.044083590935254435,0.7546808535271997,0.2297396207238437,0.7251331246697289,0.172607622703592,0.6339375629405841,0.7331417200972805,0.27133620689655175,0.044083590935254435,,,,"{""C"": 5.161683364970637, ""nucleo"": ""rbf_nystroem"", ""gamma"": 0.00010000000000000009}",,,
clasificacion,svm,class_weight,genetica,1,42,0.7547692208432863,20,8650.3433543,432.5034878850009,59.963869300001534,1.2134001000013086,196806,True,0.025315962322923248,0.761434591109689,0.2396803663423414,0.7120645502215357,0.17174319016034517,0.6714501510574018,0.7156312182179969,0.2735244346443772,0.025315962322923248,,,,"{""C"": 2.1702032886039815, ""nucleo"": ""rbf_nystroem"", ""gamma"": 0.00010000000000000009}",,,
clasificacion,svm,class_weight,genetica,2,42,0.756778611984218,20,8101.763932000002,405.0855439899995,69.24672829999326,1.1927754999996978,196806,True,0.02859140963263406,0.7573204950683973,0.2353070063360192,0.7128775253038494,0.17061303924748622,0.662134944612286,0.7173336281229272,0.2713158301954918,0.02859140963263406,,,,"{""C"": 2.1702032886039815, ""nucleo"": ""rbf_nystroem"", ""gamma"": 0.00010000000000000009}",,,
clasificacion,svm,class_weight,genetica,3,42,0.7558239385463758,20,10876.612469,543.8259322649999,62.376624399999855,0.7946930999987671,196807,True,0.029368576245435346,0.760579089109851,0.2369241551877277,0.7207373833865165,0.17586939208919564,0.6671701913393756,0.7254416414247497,0.27836134453781514,0.029368576245435346,,,,"{""C"": 5.161683364970637, ""nucleo"": ""rbf_nystroem"", ""gamma"": 0.00010000000000000009}",,,
clasificacion,svm,class_weight,genetica,4,42,0.7572207136710819,20,8019.6395541,400.9791592999999,86.52221300000019,1.0114013999991585,196807,True,0.030328741480896947,0.7551483892075499,0.23177079061794925,0.7179122375561472,0.17180149738289274,0.6528197381671702,0.723628645338168,0.2720167846839759,0.030328741480896947,,,,"{""C"": 4.90891605955866, ""nucleo"": ""rbf_nystroem"", ""gamma"": 0.00010000000000000009}",,,
clasificacion,svm,class_weight,rejilla,0,42,0.7566338719150325,12,3471.196226899978,289.26350087500276,181.07316639996134,1.8582849000231363,196806,True,0.04546547264516196,0.7543832807988887,0.22946319880510263,0.7257428559814642,0.1727385207588672,0.6326787512588117,0.7339155427813399,0.27138228941684667,0.04546547264516196,,,,"{""C"": 9.999999999999993, ""nucleo"": ""rbf_nystroem"", ""gamma"": 0.00010000000000000009}",,,
clasificacion,svm,class_weight,rejilla,1,42,0.754623575375688,12,3378.627016999999,281.5518343666651,97.62120480000158,1.2552950000026613,196806,True,0.0298115385634177,0.7616323105425798,0.23996612203872902,0.7155400186984269,0.17322988655626548,0.668932527693857,0.7196329869555604,0.27519419989642674,0.0298115385634177,,,,"{""C"": 9.999999999999993, ""nucleo"": ""rbf_nystroem"", ""gamma"": 0.00010000000000000009}",,,
clasificacion,svm,class_weight,rejilla,2,42,0.7566532025625338,12,2711.2673011000006,225.93849256666667,110.96306720000575,1.2749536999981501,196806,True,0.03232387106121311,0.7572086353312454,0.235458699992636,0.7161091012560465,0.171875,0.6591137965760322,0.7211143046650453,0.27265153093105604,0.03232387106121311,,,,"{""C"": 9.999999999999993, ""nucleo"": ""rbf_nystroem"", ""gamma"": 0.00010000000000000009}",,,
clasificacion,svm,class_weight,rejilla,3,42,0.755774327258823,12,4750.6620441999985,395.8879654916673,106.05952629999956,1.2917898999949102,196807,True,0.02817558970145806,0.7604118357343519,0.2366301328654934,0.7203918619540253,0.1760148334547381,0.6691842900302115,0.7248888987154259,0.2787186074555655,0.02817558970145806,,,,"{""C"": 9.999999999999993, ""nucleo"": ""rbf_nystroem"", ""gamma"": 0.00010000000000000009}",,,
clasificacion,svm,class_weight,rejilla,4,42,0.7571736569494559,12,3608.7042214999965,300.7248818916657,132.15628229999857,1.7336586000019452,196807,True,0.03713789618932781,0.7551317011648255,0.23169356846639352,0.7221601186967744,0.17333602802479117,0.6477844914400805,0.7286917685555727,0.2734906462585034,0.03713789618932781,,,,"{""C"": 9.999999999999993, ""nucleo"": ""rbf_nystroem"", ""gamma"": 0.00010000000000000009}",,,
clasificacion,svm,ninguno,aleatoria,0,42,0.7557756377144238,20,5089.371828499992,254.46789420499698,30.76355770000373,1.194078200001968,196806,True,-0.7725951305672941,0.7549592448933381,0.22985266199775595,0.7234868501280436,0.17236922658322562,0.6379657603222558,0.7309971258014593,0.2714079151716382,-0.7725951305672941,,,,"{""C"": 0.6392908815231854, ""nucleo"": ""rbf_nystroem"", ""gamma"": 0.0001803961503006787}",,,
clasificacion,svm,ninguno,aleatoria,1,42,0.7537914714429387,20,6284.602789400014,314.22859753499796,35.136143299983814,1.4671056999941356,196806,True,-0.7739416942567514,0.7604022987354105,0.23774497334253059,0.7195642453558798,0.17390150006637461,0.6596173212487412,0.7248286535485298,0.2752389956928249,-0.7739416942567514,,,,"{""C"": 0.6392908815231854, ""nucleo"": ""rbf_nystroem"", ""gamma"": 0.0001803961503006787}",,,
clasificacion,svm,ninguno,aleatoria,2,42,0.7559922043182321,20,7970.052693999984,398.5008713200019,33.82504029996926,1.4210554000164848,196806,True,-0.7779518741739325,0.7564670691746939,0.23381708532338688,0.7116987114344945,0.16933238360422198,0.6583585095669687,0.7163829316825117,0.269379345866598,-0.7779518741739325,,,,"{""C"": 0.6392908815231854, ""nucleo"": ""rbf_nystroem"", ""gamma"": 0.0001803961503006787}",,,
clasificacion,svm,ninguno,aleatoria,3,42,0.7550376408139021,20,7681.550682000001,384.07542497500106,33.387649200012675,1.548151199996937,196807,True,-0.779722028779382,0.7592866341558212,0.23583296846355578,0.7152903396272433,0.17262526096033404,0.6661631419939577,0.7196046784142918,0.27419689119170987,-0.779722028779382,,,,"{""C"": 0.6392908815231854, ""nucleo"": ""rbf_nystroem"", ""gamma"": 0.0001803961503006787}",,,
clasificacion,svm,ninguno,aleatoria,4,42,0.7561867996236075,20,7243.089433100016,362.15269001499547,37.37049249999109,1.7858130999957211,196807,True,-0.7778486422870092,0.7537982052037883,0.23204470017713885,0.7169366476291132,0.1720366343809712,0.6573514602215509,0.7221694045855536,0.2727035354326597,-0.7778486422870092,,,,"{""C"": 0.6392908815231854, ""nucleo"": ""rbf_nystroem"", ""gamma"": 0.0001803961503006787}",,,
clasificacion,svm,ninguno,bayesiana,0,42,0.7555745260266966,20,3021.9713889000122,150.9923751349983,44.296852599989506,0.21216650000133086,196806,True,-0.7677718022852488,0.7534463831387477,0.22668405340445277,0.7208853298646396,0.17110317406833345,0.6392245720040282,0.7280565996020341,0.2699484344266653,-0.7677718022852488,,,,"{""C"": 0.0004021387658960527, ""nucleo"": ""lineal""}",,,
clasificacion,svm,ninguno,bayesiana,1,42,0.7532066164224088,20,3040.1380418000044,151.8203699599995,47.69247009998071,0.22804139999789186,196806,True,-0.760820129126967,0.7602439216901686,0.23780845359405398,0.7266371285720092,0.17581064441100014,0.6470292044310171,0.7336281229272607,0.27649273803119956,-0.760820129126967,,,,"{""C"": 0.0002956042864655411, ""nucleo"": ""lineal""}",,,
clasificacion,svm,ninguno,bayesiana,2,42,0.7552286074738204,20,3551.3301536999934,177.3956938150004,47.21440289999009,0.24328830000013113,196806,True,-0.7585557330912319,0.7553879811788866,0.23205692827157304,0.72757204991667,0.17444429103962447,0.6362034239677744,0.7355958434667256,0.27381081373930005,-0.7585557330912319,,,,"{""C"": 0.0002577462784484732, ""nucleo"": ""lineal""}",,,
clasificacion,svm,ninguno,bayesiana,3,42,0.7548444967426668,20,4163.001834199997,207.79472739000485,49.73604550000164,0.23887929998454638,196807,True,-0.7626392450494232,0.7579641652170113,0.23252962078988063,0.7276884616166338,0.17670462340513102,0.648539778449144,0.7346392801078954,0.27773584905660376,-0.7626392450494232,,,,"{""C"": 0.0002577462784484732, ""nucleo"": ""lineal""}",,,
clasificacion,svm,ninguno,bayesiana,4,42,0.7553997639818193,20,3986.4402765000123,199.05424261000007,56.67541429999983,0.1365407000121195,196807,True,-0.7737137923564904,0.7545803166551098,0.23126889953787402,0.7138676043169855,0.17154186167446697,0.6644008056394763,0.7182117667867961,0.27268030584831576,-0.7737137923564904,,,,"{""C"": 0.0004021387658960527, ""nucleo"": ""lineal""}",,,
clasificacion,svm,ninguno,genetica,0,42,0.7561849487678298,20,4313.3851994,215.66698138000282,43.22034970000095,1.1607042999967234,196806,True,-0.7880230409984731,0.7544575069929035,0.22999837124862332,0.6977155400186984,0.16431606823920675,0.6717019133937563,0.7,0.2640407739126132,-0.7880230409984731,,,,"{""C"": 5.161683364970637, ""nucleo"": ""rbf_nystroem"", ""gamma"": 0.00010000000000000009}",,,
clasificacion,svm,ninguno,genetica,1,42,0.7542146348311426,20,6381.753499399987,319.0812576800017,44.07981289998861,1.5516075000050478,196806,True,-0.7790551562865563,0.7609202511767649,0.23916038979229026,0.7114751432868582,0.17171846904700744,0.6732124874118832,0.7148352863143931,0.27363896848137537,-0.7790551562865563,,,,"{""C"": 2.1702032886039815, ""nucleo"": ""rbf_nystroem"", ""gamma"": 0.00010000000000000009}",,,
clasificacion,svm,ninguno,genetica,2,42,0.756460370965077,20,6309.869474599982,315.48945860000094,51.499270200001774,1.4122162999992725,196806,True,-0.7795612748790819,0.7569631072159104,0.23444971161499975,0.7086297304987602,0.16807583909812965,0.6606243705941591,0.7128454565553836,0.2679738562091503,-0.7795612748790819,,,,"{""C"": 5.161683364970637, ""nucleo"": ""rbf_nystroem"", ""gamma"": 0.00010000000000000009}",,,
clasificacion,svm,ninguno,genetica,3,42,0.7556247831364286,20,6898.788991800015,344.9365209399999,53.649188600014895,1.3895795999851543,196807,True,-0.7910592419829348,0.7598947847294812,0.23556565281826153,0.6974248490884332,0.16732703444071928,0.6910876132930514,0.69798138362555,0.26942140648770674,-0.7910592419829348,,,,"{""C"": 4.90891605955866, ""nucleo"": ""rbf_nystroem"", ""gamma"": 0.00010000000000000009}",,,
clasificacion,svm,ninguno,genetica,4,42,0.7566426051157363,20,5794.606634399999,289.7277626049996,44.45933139999397,1.3007554000068922,196807,True,-0.7752747507672031,0.754609306423792,0.2330621974608087,0.7205341354850511,0.17363150867823765,0.654833836858006,0.7263039200512945,0.27448290417897847,-0.7752747507672031,,,,"{""C"": 4.2044486946485256, ""nucleo"": ""rbf_nystroem"", ""gamma"": 0.00010000000000000009}",,,
clasificacion,svm,ninguno,rejilla,0,42,0.7561041079091798,12,2752.7598590999987,229.39647520833265,45.1398179000098,1.1103619000059552,196806,True,-0.7837991885516334,0.7541921852258312,0.22964340233809322,0.7049103694971749,0.1663819826659075,0.662134944612286,0.7086668140614636,0.26593862177056476,-0.7837991885516334,,,,"{""C"": 9.999999999999993, ""nucleo"": ""rbf_nystroem"", ""gamma"": 0.00010000000000000009}",,,
clasificacion,svm,ninguno,rejilla,1,42,0.7540915267391424,12,1532.2158748000074,127.6845429833326,61.04003930000181,1.0750378999946406,196806,True,-0.7771277481417983,0.7610482697921488,0.23962524682877376,0.7153164505507906,0.17297790523365705,0.6681772406847936,0.7194561131992041,0.2748123220295107,-0.7771277481417983,,,,"{""C"": 9.999999999999993, ""nucleo"": ""rbf_nystroem"", ""gamma"": 0.00010000000000000009}",,,
clasificacion,svm,ninguno,rejilla,2,42,0.7564006908589623,12,2049.329794899997,170.77684742500423,59.06300920000649,1.2917285000148695,196806,True,-0.7802751405287492,0.7568739467227924,0.23442745824309089,0.7077964310393886,0.1680597205385057,0.6631419939577039,0.7117178863586116,0.2681598371086791,-0.7802751405287492,,,,"{""C"": 9.999999999999993, ""nucleo"": ""rbf_nystroem"", ""gamma"": 0.00010000000000000009}",,,
clasificacion,svm,ninguno,rejilla,3,42,0.7556032048582056,12,2030.7083267999988,169.2248078249977,64.05550990000484,1.3746484000002965,196807,True,-0.7621077676179471,0.759789958438424,0.23526203424855638,0.7439076441535741,0.18298059964726632,0.6268882175226587,0.7541842623095801,0.2832764505119454,-0.7621077676179471,,,,"{""C"": 9.999999999999993, ""nucleo"": ""rbf_nystroem"", ""gamma"": 0.00010000000000000009}",,,
clasificacion,svm,ninguno,rejilla,4,42,0.756611768465295,12,2414.6840083000134,201.2233526666702,52.327856900024926,1.4558142999885604,196807,True,-0.7772203396487811,0.7545923623270432,0.23315860285175266,0.718054511087173,0.1731810378977948,0.6603726082578046,0.7231201220455902,0.2744010879799142,-0.7772203396487811,,,,"{""C"": 9.999999999999993, ""nucleo"": ""rbf_nystroem"", ""gamma"": 0.00010000000000000009}",,,
clasificacion,svm,smote,aleatoria,0,42,0.7422171774988179,20,7244.523386200002,362.22224217500116,54.13983699999517,0.21489129999827128,271377,True,-0.2517329181605744,0.737080907275091,0.21762126536950727,0.7061298321206455,0.16085634823103293,0.6261329305135952,0.7131549856290073,0.25595636288787116,-0.2517329181605744,,,,"{""C"": 0.00016558417513094634, ""nucleo"": ""lineal""}",,,
clasificacion,svm,smote,aleatoria,1,42,0.7395338583980345,20,7750.479827000003,387.51898695499983,61.0052982000052,0.19645770000352059,271377,True,-0.21483703436422363,0.7485265975247025,0.22803165362764954,0.7313523840494289,0.17397743300423132,0.6210976837865055,0.7410347114746849,0.27181577787571615,-0.21483703436422363,,,,"{""C"": 0.00016558417513094634, ""nucleo"": ""lineal""}",,,
clasificacion,svm,smote,aleatoria,2,42,0.7414201158766357,20,7780.736302699996,389.0340145699964,65.06436270000995,0.26845249999314547,271377,True,-0.24001738156535193,0.743723441940143,0.22546292542503057,0.7161294256331043,0.16729911457293123,0.6326787512588117,0.7234578819367676,0.2646238087716527,-0.24001738156535193,,,,"{""C"": 0.00016558417513094634, ""nucleo"": ""lineal""}",,,
clasificacion,svm,smote,aleatoria,3,42,0.741129143458139,20,8778.532707999984,438.9236546049942,68.87942709997878,0.262795599992387,271378,True,-0.24031931831102898,0.743993172976272,0.22373056393648422,0.7219771955854556,0.1702113202418971,0.6306646525679759,0.7299962413495766,0.26807212798972657,-0.24031931831102898,,,,"{""C"": 0.00016558417513094634, ""nucleo"": ""lineal""}",,,
clasificacion,svm,smote,aleatoria,4,42,0.7416223888079161,20,13506.837489600002,675.3345868999997,67.84892369998852,0.25632310000946745,271378,True,-0.2189134862564417,0.7409016490480346,0.22032253602205235,0.7326273856222435,0.17219961447847504,0.6072507552870091,0.7436379314156846,0.2683130318705156,-0.2189134862564417,,,,"{""C"": 0.00016558417513094634, ""nucleo"": ""lineal""}",,,
clasificacion,svm,smote,bayesiana,0,42,0.7422759861263448,20,3847.001916500012,192.14628258500088,54.641883399992366,0.2497659999935422,271377,True,-0.24675208384980163,0.7371545545771541,0.21767936355878656,0.708263891711719,0.16116187989556136,0.6216012084592145,0.7158744196329869,0.25596102011196353,-0.24675208384980163,,,,"{""C"": 0.00013097320469009218, ""nucleo"": ""lineal""}",,,
clasificacion,svm,smote,bayesiana,1,42,0.739625365737124,20,4060.793849900001,202.64002449500111,60.223317899988615,0.24101949999749195,271377,True,-0.21486687029538348,0.7485173742173546,0.22804917071546657,0.7306207064753465,0.17376634331505694,0.622356495468278,0.7401282334733584,0.2716782063963073,-0.21486687029538348,,,,"{""C"": 0.00013097320469009218, ""nucleo"": ""lineal""}",,,
clasificacion,svm,smote,bayesiana,2,42,0.741499095841487,20,4073.061849199992,203.1880016149982,58.954532100004144,0.2721410000231117,271377,True,-0.22806975326453754,0.7437675379213193,0.22544147040972956,0.7232632819804073,0.16990690032858707,0.6248741188318228,0.7319036038027857,0.2671689989235737,-0.22806975326453754,,,,"{""C"": 0.00013097320469009218, ""nucleo"": ""lineal""}",,,
clasificacion,svm,smote,bayesiana,3,42,0.7412260107890237,20,3647.141958799999,181.92118161000107,58.566348799999105,0.21211350001976825,271378,True,-0.24340691428989236,0.7440258977938764,0.22375060831565696,0.7198430926200687,0.16994079655543595,0.6359516616314199,0.7272104180945853,0.26820981100021235,-0.24340691428989236,,,,"{""C"": 0.00013097320469009218, ""nucleo"": ""lineal""}",,,
clasificacion,svm,smote,bayesiana,4,42,0.7416891365991484,20,5009.002107700013,249.71582861499627,89.87141399999382,0.2809081999876071,271378,True,-0.21687319036089525,0.7409400348861361,0.22028210398793768,0.733094855795614,0.17220154594904094,0.6057401812688822,0.7442791129585,0.26816763263486404,-0.21687319036089525,,,,"{""C"": 0.00013097320469009218, ""nucleo"": ""lineal""}",,,
clasificacion,svm,smote,genetica,0,42,0.7423483157180688,20,8630.772069700004,431.52938546499934,55.091660399994,0.2058660000038799,271377,True,-0.23366984225691764,0.7372300053502975,0.21769292581429134,0.7145644485996504,0.1628280664167113,0.6122860020140987,0.7235463188149458,0.25724561032367255,-0.23366984225691764,,,,"{""C"": 0.00010000000000000009, ""nucleo"": ""lineal""}",,,
clasificacion,svm,smote,genetica,1,42,0.739734408060349,20,9691.659113500005,484.5715776250021,43.781479699973715,0.16170910000801086,271377,True,-0.22160284899328025,0.7484962669261884,0.22811469498615358,0.7256818828502907,0.17238770035082893,0.6309164149043303,0.734003979659518,0.27078718461289103,-0.22160284899328025,,,,"{""C"": 0.00010000000000000009, ""nucleo"": ""lineal""}",,,
clasificacion,svm,smote,genetica,2,42,0.7415899310461928,20,10744.208183299983,537.1997894049986,55.0879473000241,0.25721860001794994,271377,True,-0.22575951907731756,0.7438309432888499,0.22550431316593164,0.7235478232592171,0.16993419248697558,0.6241188318227593,0.7322794605350431,0.2671336206896552,-0.22575951907731756,,,,"{""C"": 0.00010000000000000009, ""nucleo"": ""lineal""}",,,
clasificacion,svm,smote,genetica,3,42,0.7413373769803057,20,18956.43007480001,947.8073004799996,64.69894679999561,0.2810481000051368,271378,True,-0.2421916774933355,0.7440532343441835,0.22372148808854925,0.7191723745452329,0.16969737636717439,0.6367069486404834,0.7264144685931593,0.26797350993377483,-0.2421916774933355,,,,"{""C"": 0.00010000000000000009, ""nucleo"": ""lineal""}",,,
clasificacion,svm,smote,genetica,4,42,0.7417636202701181,20,17342.0750366,867.0872625899938,90.95370559999719,0.26883520002593286,271378,True,-0.2088121296384272,0.7409878056608736,0.22025838020834526,0.7369565659234568,0.17348573092603378,0.5999496475327291,0.7489884808419377,0.2691438897673368,-0.2088121296384272,,,,"{""C"": 0.00010000000000000009, ""nucleo"": ""lineal""}",,,
clasificacion,svm,smote,rejilla,0,42,0.7423483157180688,12,2245.653108600003,187.13738663333302,47.404612299986184,0.22012250000261702,271377,True,-0.23366984225691764,0.7372300053502975,0.21769292581429134,0.7145644485996504,0.1628280664167113,0.6122860020140987,0.7235463188149458,0.25724561032367255,-0.23366984225691764,,,,"{""C"": 0.00010000000000000009, ""nucleo"": ""lineal""}",,,
clasificacion,svm,smote,rejilla,1,42,0.739734408060349,12,1707.5419518999988,142.2941065583315,49.9303443999961,0.2248299000057159,271377,True,-0.22160284899328025,0.7484962669261884,0.22811469498615358,0.7256818828502907,0.17238770035082893,0.6309164149043303,0.734003979659518,0.27078718461289103,-0.22160284899328025,,,,"{""C"": 0.00010000000000000009, ""nucleo"": ""lineal""}",,,
clasificacion,svm,smote,rejilla,2,42,0.7415899310461928,12,2328.1090018999967,194.0085195416638,47.46938520000549,0.20813379999890458,271377,True,-0.22575951907731756,0.7438309432888499,0.22550431316593164,0.7235478232592171,0.16993419248697558,0.6241188318227593,0.7322794605350431,0.2671336206896552,-0.22575951907731756,,,,"{""C"": 0.00010000000000000009, ""nucleo"": ""lineal""}",,,
clasificacion,svm,smote,rejilla,3,42,0.7413373769803057,12,2124.573946599994,177.0472579333315,55.42618060001405,0.24310669998521917,271378,True,-0.2421916774933355,0.7440532343441835,0.22372148808854925,0.7191723745452329,0.16969737636717439,0.6367069486404834,0.7264144685931593,0.26797350993377483,-0.2421916774933355,,,,"{""C"": 0.00010000000000000009, ""nucleo"": ""lineal""}",,,
clasificacion,svm,smote,rejilla,4,42,0.7417636202701181,12,1682.2322226999968,140.1855119999988,44.70640940000885,0.20920809998642653,271378,True,-0.2088121296384272,0.7409878056608736,0.22025838020834526,0.7369565659234568,0.17348573092603378,0.5999496475327291,0.7489884808419377,0.2691438897673368,-0.2088121296384272,,,,"{""C"": 0.00010000000000000009, ""nucleo"": ""lineal""}",,,
clasificacion,xgboost,adasyn,aleatoria,0,42,0.7693448599078235,20,2317.6236630000058,115.87125299500477,72.68750459997682,1.176627799984999,240879,True,0.0930861383676529,0.769151955574941,0.2531405757245196,0.732510873541726,0.18051595855642863,0.6535750251762337,0.7394428476674774,0.2828965291777911,0.0930861383676529,0.06735705875564815,0.0026660004684389885,0.004041624586162536,"{""learning_rate"": 0.03070753869949233, ""max_depth"": 4, ""min_child_weight"": 1.6099260787116187, ""subsample"": 0.793822286088856, ""colsample_bytree"": 0.3364743748295089, ""reg_lambda"": 42.22800768156594, ""reg_alpha"": 0.2109815889629021}",,,
clasificacion,xgboost,adasyn,aleatoria,1,42,0.7674517417531783,20,2369.196606200014,118.4446198950056,76.92619749996811,1.1977751000085846,241048,True,0.08657245337963104,0.7741145290970021,0.2579044292388699,0.7088939474005121,0.1753747726274854,0.7039274924471299,0.7093300906478002,0.2807933718302787,0.08657245337963104,0.06695907617241292,0.003809910536040923,0.004057873028735123,"{""learning_rate"": 0.01904899955529972, ""max_depth"": 4, ""min_child_weight"": 8.941489120323661, ""subsample"": 0.6134546745254421, ""colsample_bytree"": 0.7358511957460083, ""reg_lambda"": 0.1533767723833326, ""reg_alpha"": 2.141473893047778}",,,
clasificacion,xgboost,adasyn,aleatoria,2,42,0.7683211340107713,20,2127.1228797999975,106.35487687499972,66.55499520000012,1.1442496000017854,241098,True,0.08796118944883347,0.7722055994882595,0.2582981931236871,0.7151538555343279,0.17596954249209523,0.6865558912386707,0.7176652664160955,0.28013765473316554,0.08796118944883347,0.06712752490915841,0.0046091099297948445,0.005179898029317908,"{""learning_rate"": 0.03070753869949233, ""max_depth"": 4, ""min_child_weight"": 1.6099260787116187, ""subsample"": 0.793822286088856, ""colsample_bytree"": 0.3364743748295089, ""reg_lambda"": 42.22800768156594, ""reg_alpha"": 0.2109815889629021}",,,
clasificacion,xgboost,adasyn,aleatoria,3,42,0.7686909409509797,20,2080.9581659999967,104.04623075499948,125.85099230000196,2.06666899999982,240963,True,0.09319339692592621,0.7729948147724113,0.25955284724050426,0.7383183268632751,0.18529515729939908,0.6598690835850957,0.7452077207101638,0.28934150245625656,0.09319339692592621,0.06691932961835574,0.0028532442495540163,0.002981043777987294,"{""learning_rate"": 0.014938569990761468, ""max_depth"": 10, ""min_child_weight"": 65.63891315430028, ""subsample"": 0.8498535669053748, ""colsample_bytree"": 0.4126959691676157, ""reg_lambda"": 70.12645524834282, ""reg_alpha"": 1.3031776284459848}",,,
clasificacion,xgboost,adasyn,aleatoria,4,42,0.7695797979677764,20,2069.015559200001,103.4500422599991,72.42632530000265,1.3308480999985477,240988,True,0.09183072298765182,0.7676572378223323,0.2511735363176452,0.7304729578667101,0.18006475167045533,0.6581067472306144,0.7368281412368171,0.282762723781708,0.09183072298765182,0.06738679470527924,0.002592013132390101,0.004067517749931535,"{""learning_rate"": 0.03070753869949233, ""max_depth"": 4, ""min_child_weight"": 1.6099260787116187, ""subsample"": 0.793822286088856, ""colsample_bytree"": 0.3364743748295089, ""reg_lambda"": 42.22800768156594, ""reg_alpha"": 0.2109815889629021}",,,
clasificacion,xgboost,adasyn,bayesiana,0,42,0.7695596016250322,20,3252.3549516000203,160.93343445500068,120.06264840002405,1.4886103000026196,240879,True,0.09071294963359833,0.7687557429978009,0.2534343274390696,0.7342790943457583,0.18076599326599327,0.6487915407854985,0.7417864249391997,0.28275181040158,0.09071294963359833,0.06735333096803053,0.0027955468338339176,0.003911452174525357,"{""learning_rate"": 0.014498616694788044, ""max_depth"": 7, ""min_child_weight"": 2.4374142952772457, ""subsample"": 0.8194660343923709, ""colsample_bytree"": 0.5041975952136808, ""reg_lambda"": 1.1092478139457953, ""reg_alpha"": 8.732331164527285}",,,
clasificacion,xgboost,adasyn,bayesiana,1,42,0.7664603059642549,20,3436.9017108000116,170.9233520849986,115.26353529997868,1.9913700000033714,241048,True,0.09525342285633087,0.7740495623910821,0.25824090394024235,0.7424698183000691,0.1872438340404113,0.6555891238670695,0.7500994914879505,0.2912914592538733,0.09525342285633087,0.06694061873972738,0.0023790766536080994,0.0025662707113345857,"{""learning_rate"": 0.01464832500458362, ""max_depth"": 8, ""min_child_weight"": 26.04322385187978, ""subsample"": 0.5440670073460283, ""colsample_bytree"": 0.9433381970322342, ""reg_lambda"": 0.08953350024100085, ""reg_alpha"": 0.0035420470090141236}",,,
clasificacion,xgboost,adasyn,bayesiana,2,42,0.7681895689235653,20,2902.8380195000027,144.91522194500013,79.79896089999966,1.3913450000000012,241098,True,0.0904441624879837,0.7704386793114482,0.2557437578421494,0.7164952644201456,0.17605039288265473,0.682527693856999,0.7194782224187486,0.2799029477053327,0.0904441624879837,0.06722468801763475,0.004392125558019771,0.00461894952851413,"{""learning_rate"": 0.016705398319589507, ""max_depth"": 5, ""min_child_weight"": 59.17909662265491, ""subsample"": 0.7800335636755822, ""colsample_bytree"": 0.9096758194202781, ""reg_lambda"": 0.001508034447314777, ""reg_alpha"": 0.5621056090679583}",,,
clasificacion,xgboost,adasyn,bayesiana,3,42,0.7688208155395393,20,2909.313400699997,145.33576151000088,128.39050990000396,1.4535878999959095,240963,True,0.09027720242738724,0.7727065257728283,0.25750542166156,0.729720940631288,0.18174993174993176,0.6704431017119838,0.7349267063167437,0.2859750859106529,0.09027720242738724,0.06701832955223963,0.003554538305555554,0.0036470302075363964,"{""learning_rate"": 0.010912917818211689, ""max_depth"": 7, ""min_child_weight"": 2.8974347282206416, ""subsample"": 0.7725624262700042, ""colsample_bytree"": 0.60655934839542, ""reg_lambda"": 27.851847131323957, ""reg_alpha"": 3.055315740891997}",,,
clasificacion,xgboost,adasyn,bayesiana,4,42,0.7688851227978137,20,3142.555135200004,156.95326308499972,122.40324159999727,1.5922578000026988,240988,True,0.09258132427930832,0.7676744157075385,0.25294991458147864,0.74240360968273,0.18416085946573751,0.6387210473313192,0.7515089875964536,0.2858913680414695,0.09258132427930832,0.06729613543498578,0.0030679138376121097,0.003231545340840264,"{""learning_rate"": 0.014304086824414789, ""max_depth"": 8, ""min_child_weight"": 22.715214369809484, ""subsample"": 0.7973134272927479, ""colsample_bytree"": 0.7649967687104495, ""reg_lambda"": 0.00843203261033182, ""reg_alpha"": 2.511827111197161}",,,
clasificacion,xgboost,adasyn,genetica,0,42,0.7689280708375538,20,3289.2744525000453,164.43261519999942,102.50065360002918,1.695436800015159,240879,True,0.08801885694265366,0.7682701472767921,0.25442020577284674,0.716556237551319,0.17464770354906053,0.6739677744209466,0.720296263541897,0.2774093264248705,0.08801885694265366,0.06733656270437637,0.003453685973855072,0.0036782184079106836,"{""learning_rate"": 0.01690068425265491, ""max_depth"": 8, ""min_child_weight"": 30.86912446280765, ""subsample"": 0.8172306802133182, ""colsample_bytree"": 0.4606602865105216, ""reg_lambda"": 0.12499639178032891, ""reg_alpha"": 0.07554804756926677}",,,
clasificacion,xgboost,adasyn,genetica,1,42,0.7677249106303407,20,2861.3901937000337,143.05836157499579,83.45434019999811,4.240538100013509,241048,True,0.09318669885396957,0.7738042513602291,0.2577664510160428,0.7312914109182553,0.18244867129025613,0.668932527693857,0.7367676321025868,0.2867008362557324,0.09318669885396957,0.06696549419602513,0.00436591322703651,0.003335819283069424,"{""learning_rate"": 0.01690068425265491, ""max_depth"": 6, ""min_child_weight"": 30.86912446280765, ""subsample"": 0.983754866217105, ""colsample_bytree"": 0.4606602865105216, ""reg_lambda"": 0.2880495187343095, ""reg_alpha"": 0.07554804756926677}",,,
clasificacion,xgboost,adasyn,genetica,2,42,0.7685793755555963,20,2735.493787899999,136.7669802300001,95.00863559999925,1.4155515999991621,241098,True,0.09555874019861221,0.7722824807924764,0.2582258602471212,0.7414739238242348,0.18554996405463695,0.6497985901309165,0.7495246517797922,0.28867017112179844,0.09555874019861221,0.06710222666302679,0.003988089934331297,0.003502417428421249,"{""learning_rate"": 0.01690068425265491, ""max_depth"": 6, ""min_child_weight"": 30.86912446280765, ""subsample"": 0.983754866217105, ""colsample_bytree"": 0.3415261884251585, ""reg_lambda"": 0.2880495187343095, ""reg_alpha"": 0.07554804756926677}",,,
clasificacion,xgboost,adasyn,genetica,3,42,0.7681340419198829,20,2816.805371000002,140.83825923999976,90.08691739999631,1.2532625000021653,240963,True,0.0939866304397583,0.7728412992519638,0.26020725967769165,0.7459197983780818,0.18906306963179,0.6528197381671702,0.7540958234760884,0.29320970204104707,0.0939866304397583,0.06690125193038036,0.0030617327751808637,0.0030484599420032565,"{""learning_rate"": 0.01690068425265491, ""max_depth"": 8, ""min_child_weight"": 30.86912446280765, ""subsample"": 0.983754866217105, ""colsample_bytree"": 0.4606602865105216, ""reg_lambda"": 0.07117025635786538, ""reg_alpha"": 0.07554804756926677}",,,
clasificacion,xgboost,adasyn,genetica,4,42,0.7695022206913968,20,2790.297202900001,139.5115065500002,84.86343769999803,1.3319751999952132,240988,True,0.08782361447811127,0.7659257142298596,0.2513541213330608,0.7199853661510945,0.17629580719709476,0.6722054380664653,0.7241813880474917,0.27933253125490404,0.08782361447811127,0.06738357132129102,0.001792018982102774,0.0035436403058336677,"{""learning_rate"": 0.01690068425265491, ""max_depth"": 8, ""min_child_weight"": 30.86912446280765, ""subsample"": 0.983754866217105, ""colsample_bytree"": 0.4606602865105216, ""reg_lambda"": 0.07117025635786538, ""reg_alpha"": 0.07554804756926677}",,,
clasificacion,xgboost,adasyn,rejilla,0,42,0.7684388170181019,16,2500.0724988,156.25041397499808,139.55381209996995,1.9492507000104524,240879,True,0.08693669736385345,0.767467257537229,0.25153465127867375,0.7088939474005121,0.1718343795574155,0.6822759315206445,0.7112314835286314,0.2745276806969559,0.08693669736385345,0.06743690562358194,0.002838895553854907,0.003988081212601477,"{""learning_rate"": 0.010000000000000004, ""max_depth"": 10, ""min_child_weight"": 100.00000000000004, ""subsample"": 1.0, ""colsample_bytree"": 0.6000000000000001, ""reg_lambda"": 0.31622776601683805, ""reg_alpha"": 0.10000000000000006}",,,
clasificacion,xgboost,adasyn,rejilla,1,42,0.7660340605685425,16,2430.5894856000086,151.9080243187418,167.99739870004123,2.5089297000085935,241048,True,0.0964413434267044,0.7749121197486986,0.25732989417712854,0.7425714401853584,0.18686068289871777,0.6530715005035247,0.7504311297811187,0.2905791419289795,0.0964413434267044,0.06693397537074904,0.0033456442872416502,0.004141010920719907,"{""learning_rate"": 0.010000000000000004, ""max_depth"": 10, ""min_child_weight"": 100.00000000000004, ""subsample"": 1.0, ""colsample_bytree"": 0.6000000000000001, ""reg_lambda"": 0.31622776601683805, ""reg_alpha"": 0.10000000000000006}",,,
clasificacion,xgboost,adasyn,rejilla,2,42,0.767013645292359,16,2263.3941885999993,141.46065825000073,138.9709544000034,1.6634107999998378,241098,True,0.09227103739976883,0.7710913271075731,0.2554443747729624,0.7277956180643064,0.1810117153111668,0.6729607250755287,0.7326110988282114,0.28528736858957254,0.09227103739976883,0.06725197747926451,0.004339706758102515,0.004422822786456058,"{""learning_rate"": 0.010000000000000004, ""max_depth"": 10, ""min_child_weight"": 100.00000000000004, ""subsample"": 1.0, ""colsample_bytree"": 0.6000000000000001, ""reg_lambda"": 0.31622776601683805, ""reg_alpha"": 0.10000000000000006}",,,
clasificacion,xgboost,adasyn,rejilla,3,42,0.7671692346892471,16,2262.8164513000047,141.4252309750002,138.54376039999624,2.044163700003992,240963,True,0.08950893580913544,0.7729824657321229,0.2587601736911416,0.72071705859637,0.17816432760097517,0.6807653575025177,0.7242256074642376,0.28241683638832316,0.08950893580913544,0.06695221767957292,0.003157244347197179,0.00389305378966658,"{""learning_rate"": 0.010000000000000004, ""max_depth"": 10, ""min_child_weight"": 100.00000000000004, ""subsample"": 1.0, ""colsample_bytree"": 0.6000000000000001, ""reg_lambda"": 0.31622776601683805, ""reg_alpha"": 0.10000000000000006}",,,
clasificacion,xgboost,adasyn,rejilla,4,42,0.7676960987348652,16,2200.4299192000035,137.52638390625089,163.18635599999834,1.7120013000021572,240988,True,0.09386099874973297,0.7659094770648737,0.24834942314275826,0.7382980020731286,0.18304143528406663,0.6472809667673716,0.7462910964204382,0.2853812853812854,0.09386099874973297,0.0675183571396588,0.0019235849937150596,0.003869027668186187,"{""learning_rate"": 0.010000000000000004, ""max_depth"": 10, ""min_child_weight"": 100.00000000000004, ""subsample"": 1.0, ""colsample_bytree"": 0.6000000000000001, ""reg_lambda"": 0.31622776601683805, ""reg_alpha"": 0.10000000000000006}",,,
clasificacion,xgboost,class_weight,aleatoria,0,42,0.7694580874156438,20,1043.3197316000005,52.16586468500027,32.96498550000251,0.8743370000011055,177125,True,0.4818165898323059,0.7688139049401527,0.2533510403002008,0.7134059591073534,0.17285705057812803,0.6737160120845922,0.7168914437320363,0.27512465943556264,0.4818165898323059,0.17879074511317655,0.30409934125651905,0.3040993412565191,"{""learning_rate"": 0.03070753869949233, ""max_depth"": 4, ""min_child_weight"": 1.6099260787116187, ""subsample"": 0.793822286088856, ""colsample_bytree"": 0.3364743748295089, ""reg_lambda"": 42.22800768156594, ""reg_alpha"": 0.2109815889629021}",,,
clasificacion,xgboost,class_weight,aleatoria,1,42,0.7672498869603558,20,1082.7191240000102,54.13582843000258,37.57746760000009,0.8519070999900578,177125,True,0.5005296468734741,0.7754588414501777,0.2570857897355344,0.7275923742937279,0.1823509599191647,0.6815206445115811,0.7316382931682511,0.2877185523728543,0.5005296468734741,0.1818137195508623,0.3105803836090455,0.3105803836090454,"{""learning_rate"": 0.01904899955529972, ""max_depth"": 4, ""min_child_weight"": 8.941489120323661, ""subsample"": 0.6134546745254421, ""colsample_bytree"": 0.7358511957460083, ""reg_lambda"": 0.1533767723833326, ""reg_alpha"": 2.141473893047778}",,,
clasificacion,xgboost,class_weight,aleatoria,2,42,0.7684874904018376,20,1071.6736441000103,53.58355696499784,51.49481889998424,1.0217921000003116,177125,True,0.48980453610420227,0.770168673529208,0.2553335913225475,0.7116987114344945,0.17356005881224829,0.6835347432024169,0.7141720097280566,0.27682895743053787,0.48980453610420227,0.1851118331169586,0.31686330122011863,0.31686330122011863,"{""learning_rate"": 0.010803102232883135, ""max_depth"": 4, ""min_child_weight"": 27.843171420276377, ""subsample"": 0.7309386151256937, ""colsample_bytree"": 0.32901742322688143, ""reg_lambda"": 0.3200544540995635, ""reg_alpha"": 0.004066758760176306}",,,
clasificacion,xgboost,class_weight,aleatoria,3,42,0.7677797753523193,20,1074.7017464000091,53.73496426999991,33.62204820000625,1.5886441000038758,177126,True,0.49742695689201355,0.772877667273025,0.2602796437485382,0.7334810268083982,0.1833737443713197,0.6664149043303121,0.739370757699706,0.28760797522681586,0.49742695689201355,0.1777653419151816,0.30361801538371025,0.30361801538371025,"{""learning_rate"": 0.03070753869949233, ""max_depth"": 4, ""min_child_weight"": 1.6099260787116187, ""subsample"": 0.793822286088856, ""colsample_bytree"": 0.3364743748295089, ""reg_lambda"": 42.22800768156594, ""reg_alpha"": 0.2109815889629021}",,,
clasificacion,xgboost,class_weight,aleatoria,4,42,0.7697401579637159,20,1055.8938819999894,52.79456272000025,51.30717790000199,1.0084107000002405,177126,True,0.5061283111572266,0.7668292342535179,0.25047223090054826,0.7318347188065283,0.18076710052617004,0.6573514602215509,0.7383758208229233,0.28355777584708947,0.5061283111572266,0.18299973847860485,0.3128230164885439,0.3128230164885438,"{""learning_rate"": 0.010803102232883135, ""max_depth"": 4, ""min_child_weight"": 27.843171420276377, ""subsample"": 0.7309386151256937, ""colsample_bytree"": 0.32901742322688143, ""reg_lambda"": 0.3200544540995635, ""reg_alpha"": 0.004066758760176306}",,,
clasificacion,xgboost,class_weight,bayesiana,0,42,0.76931969870328,20,1309.0407436999958,65.3810672349995,34.3160504999978,0.8731231999990996,177125,True,0.49158793687820435,0.7673764522116902,0.2530196318623681,0.7226332262916142,0.17639975918121614,0.6638972809667674,0.7277912889674995,0.278737910258443,0.49158793687820435,0.1798295375454606,0.30862873970754623,0.30862873970754623,"{""learning_rate"": 0.01690574480859995, ""max_depth"": 5, ""min_child_weight"": 15.130424519936772, ""subsample"": 0.8754986180062628, ""colsample_bytree"": 0.5677370253945612, ""reg_lambda"": 54.514781529174364, ""reg_alpha"": 0.028141281019730124}",,,
clasificacion,xgboost,class_weight,bayesiana,1,42,0.767887213341365,20,1327.0899409999984,66.28610025500093,50.005209799986915,1.0473255999968387,177125,True,0.4842991232872009,0.7761516804899387,0.2577269806110589,0.7159261818625259,0.17885343776080118,0.701409869083585,0.71720097280566,0.2850273671287534,0.4842991232872009,0.17933274687612585,0.30787160153826343,0.3078716015382635,"{""learning_rate"": 0.011898305465307013, ""max_depth"": 5, ""min_child_weight"": 1.426490344710001, ""subsample"": 0.5673818166155608, ""colsample_bytree"": 0.4162004226196053, ""reg_lambda"": 24.824687757864485, ""reg_alpha"": 9.40056399794171}",,,
clasificacion,xgboost,class_weight,bayesiana,2,42,0.7685587027267013,20,1256.3341274999984,62.74396066499903,38.80472169999848,0.8420793999976013,177125,True,0.5144730806350708,0.7709164822561825,0.25521569078198686,0.7337303361651966,0.18162795563925507,0.6555891238670695,0.740592527083794,0.2844502703588399,0.5144730806350708,0.1869743806103632,0.31772953051081326,0.3177295305108134,"{""learning_rate"": 0.02562375760699532, ""max_depth"": 3, ""min_child_weight"": 23.444755260521305, ""subsample"": 0.7623406835714357, ""colsample_bytree"": 0.24509725444448277, ""reg_lambda"": 35.28677124575937, ""reg_alpha"": 0.0459788023822229}",,,
clasificacion,xgboost,class_weight,bayesiana,3,42,0.7687699066413568,20,2091.9933753000078,104.43278750000172,73.06460930001049,3.0338128000003053,177126,True,0.4998023211956024,0.7727293451961605,0.25824192280525976,0.7226885632405845,0.1799470549305096,0.6845417925478349,0.7260386035508192,0.2849806099989519,0.4998023211956024,0.18507721128350996,0.3161294947033775,0.3161294947033773,"{""learning_rate"": 0.026647330952671855, ""max_depth"": 3, ""min_child_weight"": 1.219283627798484, ""subsample"": 0.9325357011905986, ""colsample_bytree"": 0.4530679681163252, ""reg_lambda"": 76.8710547027822, ""reg_alpha"": 0.1441721877689877}",,,
clasificacion,xgboost,class_weight,bayesiana,4,42,0.7707130961264229,20,1300.2053793999949,64.93541928500053,44.6419828000071,0.9609189999900991,177126,True,0.4933767020702362,0.7670856027791169,0.2505396304573869,0.7135017580943477,0.17480406013105487,0.6850453172205438,0.7160007959495014,0.27853413860169923,0.4933767020702362,0.1858492269461957,0.31576281493454234,0.3157628149345423,"{""learning_rate"": 0.01860113088920627, ""max_depth"": 3, ""min_child_weight"": 11.982340219668204, ""subsample"": 0.8072777542069206, ""colsample_bytree"": 0.3238835913607798, ""reg_lambda"": 36.46790979391537, ""reg_alpha"": 6.906292601185965}",,,
clasificacion,xgboost,class_weight,genetica,0,42,0.7686015006748562,20,1157.5210273999983,57.87581550499963,49.776602900004946,1.8566524000052596,177125,True,0.5009209513664246,0.7676555504939618,0.2538435841594859,0.7304174627047682,0.1790993231109269,0.6528197381671702,0.7372319257130223,0.2810840108401084,0.5009209513664246,0.18035718097164818,0.30809141070462576,0.30809141070462576,"{""learning_rate"": 0.014323918122813063, ""max_depth"": 4, ""min_child_weight"": 15.461441913425602, ""subsample"": 0.8612339456026674, ""colsample_bytree"": 0.49464227469482286, ""reg_lambda"": 0.10613903785618083, ""reg_alpha"": 2.783553593559497}",,,
clasificacion,xgboost,class_weight,genetica,1,42,0.7675132869278395,20,912.768690900004,45.63822624999957,35.38581530000374,0.8844863999984227,177125,True,0.505148708820343,0.7752844725147668,0.2562032647109702,0.7281817812284054,0.1821501014198783,0.6782477341389728,0.7325668803891222,0.28717620722737447,0.505148708820343,0.18323492891266968,0.31015839815967294,0.31015839815967294,"{""learning_rate"": 0.03478110573538209, ""max_depth"": 3, ""min_child_weight"": 3.9729917491702604, ""subsample"": 0.5319086280520877, ""colsample_bytree"": 0.8621049375940657, ""reg_lambda"": 5.827611872226707, ""reg_alpha"": 1.0773354740351788}",,,
clasificacion,xgboost,class_weight,genetica,2,42,0.7673708654091724,20,927.2957230999891,46.36454942000055,28.57134730000689,0.856551999997464,177125,True,0.509712815284729,0.7709190984025032,0.25340466135265793,0.7295638388683386,0.18056125941136209,0.6641490433031219,0.7353084236126465,0.28393068560972984,0.509712815284729,0.18583299786738214,0.3147182484563742,0.3147182484563742,"{""learning_rate"": 0.03478110573538209, ""max_depth"": 3, ""min_child_weight"": 3.9729917491702604, ""subsample"": 0.5319086280520877, ""colsample_bytree"": 0.8621049375940657, ""reg_lambda"": 5.827611872226707, ""reg_alpha"": 1.0773354740351788}",,,
clasificacion,xgboost,class_weight,genetica,3,42,0.766769639463568,20,2087.4079184,104.369554074997,25.991065099995467,1.345453699992504,177126,True,0.5085099339485168,0.7700521166794995,0.25620731792860074,0.7479726021828824,0.18849793021880545,0.6419939577039275,0.7572796214817926,0.2914285714285714,0.5085099339485168,0.17633035102992045,0.30174185723542085,0.3017418572354209,"{""learning_rate"": 0.03066954897320171, ""max_depth"": 5, ""min_child_weight"": 62.12483836327153, ""subsample"": 0.5465539762416451, ""colsample_bytree"": 0.2942520921376419, ""reg_lambda"": 0.0859188806733543, ""reg_alpha"": 1.6467431786365005}",,,
clasificacion,xgboost,class_weight,genetica,4,42,0.7696987532992292,20,1156.4329857999983,57.821396534999806,34.2234310000058,0.9528031000081683,177126,True,0.5044784545898438,0.7668629331896937,0.25215814846731394,0.7319566675474076,0.18075377580712207,0.6568479355488419,0.7385526984899069,0.28349451265891557,0.5044784545898438,0.1815805676225901,0.30861766418013087,0.3086176641801308,"{""learning_rate"": 0.020321061173364262, ""max_depth"": 4, ""min_child_weight"": 30.91339572132795, ""subsample"": 0.5681628745750512, ""colsample_bytree"": 0.5080050662366511, ""reg_lambda"": 0.17107840664689167, ""reg_alpha"": 3.2055567595150847}",,,
clasificacion,xgboost,class_weight,rejilla,0,42,0.7694649209558276,16,1162.9533331999992,72.6845235312503,82.69799709999643,1.3954790999996476,177125,True,0.4334662854671478,0.7677218280561766,0.25190348871677376,0.729523190114223,0.17957166392092258,0.6586102719033232,0.7357506080035374,0.2822006472491909,0.4334662854671478,0.14923264760961097,0.2546783459221882,0.2546783459221883,"{""learning_rate"": 0.010000000000000004, ""max_depth"": 10, ""min_child_weight"": 100.00000000000004, ""subsample"": 0.5, ""colsample_bytree"": 0.6000000000000001, ""reg_lambda"": 0.31622776601683805, ""reg_alpha"": 0.10000000000000006}",,,
clasificacion,xgboost,class_weight,rejilla,1,42,0.7680118467818154,16,1204.747110700002,75.29663743125275,91.21230499999365,1.4954698000074131,177125,True,0.4326445758342743,0.7753523281141771,0.2566668788773672,0.7323279541482054,0.18374363911428965,0.6727089627391742,0.7375635640061906,0.28864642972885385,0.4326445758342743,0.147440628096774,0.25158052253082025,0.2515805225308203,"{""learning_rate"": 0.010000000000000004, ""max_depth"": 10, ""min_child_weight"": 100.00000000000004, ""subsample"": 0.5, ""colsample_bytree"": 0.6000000000000001, ""reg_lambda"": 0.31622776601683805, ""reg_alpha"": 0.10000000000000006}",,,
clasificacion,xgboost,class_weight,rejilla,2,42,0.7678354725617377,16,1219.2142825000046,76.20083571249779,73.14655570000468,1.332657199993264,177125,True,0.4555899500846863,0.771269865178291,0.2572928984466881,0.7417787894801025,0.1852065460312883,0.6467774420946626,0.750121600707495,0.2879560612004708,0.4555899500846863,0.15370673054147224,0.2635647225284007,0.26354953292394984,"{""learning_rate"": 0.010000000000000004, ""max_depth"": 10, ""min_child_weight"": 100.00000000000004, ""subsample"": 0.5, ""colsample_bytree"": 0.6000000000000001, ""reg_lambda"": 0.31622776601683805, ""reg_alpha"": 0.10000000000000006}",,,
clasificacion,xgboost,class_weight,rejilla,3,42,0.7676998077873174,16,1199.5639594999957,74.97269478125054,69.0675307999918,1.3019597999955295,177126,True,0.43524593114852905,0.7718250430944489,0.258035508814662,0.7198430926200687,0.17783031258208562,0.6817724068479355,0.723186451170709,0.28208333333333335,0.43524593114852905,0.15400587719481101,0.2655885299234508,0.26558852992345083,"{""learning_rate"": 0.010000000000000004, ""max_depth"": 10, ""min_child_weight"": 100.00000000000004, ""subsample"": 0.5, ""colsample_bytree"": 0.6000000000000001, ""reg_lambda"": 0.31622776601683805, ""reg_alpha"": 0.10000000000000006}",,,
clasificacion,xgboost,class_weight,rejilla,4,42,0.7689649571538322,16,1135.31786689999,70.95732219375168,62.65147660000366,1.2003363000112586,177126,True,0.45061320066452026,0.7664064751431549,0.25217608672971725,0.7271193674925306,0.17987268048218882,0.6686807653575025,0.7322514316036172,0.28348809905005873,0.45061320066452026,0.15763627793935303,0.27125062679383966,0.27125062679383966,"{""learning_rate"": 0.010000000000000004, ""max_depth"": 10, ""min_child_weight"": 100.00000000000004, ""subsample"": 0.5, ""colsample_bytree"": 0.6000000000000001, ""reg_lambda"": 0.31622776601683805, ""reg_alpha"": 0.10000000000000006}",,,
clasificacion,xgboost,ninguno,aleatoria,0,42,0.7711846326141846,20,1230.0986243000007,61.504791215000296,75.70506919999752,1.2529974999997648,177125,True,0.07917045801877975,0.7704193532262872,0.25529153922681036,0.7035689606113572,0.1710779148329511,0.6948640483383686,0.7043334070307318,0.27455856752051727,0.07917045801877975,0.067266924606949,0.0032398506716147506,0.004710998118419209,"{""learning_rate"": 0.014938569990761468, ""max_depth"": 10, ""min_child_weight"": 65.63891315430028, ""subsample"": 0.8498535669053748, ""colsample_bytree"": 0.4126959691676157, ""reg_lambda"": 70.12645524834282, ""reg_alpha"": 1.3031776284459848}",,,
clasificacion,xgboost,ninguno,aleatoria,1,42,0.7685992050854505,20,1192.6664442999972,59.63315697500038,53.85145399999601,1.0623520000008284,177125,True,0.0813903734087944,0.7759476906552814,0.2591847572998832,0.7076744847770415,0.17536638603055815,0.7079556898288016,0.7076497899624143,0.28110161443494774,0.0813903734087944,0.06687837415571883,0.0034275699801068244,0.003216771437402989,"{""learning_rate"": 0.01904899955529972, ""max_depth"": 4, ""min_child_weight"": 8.941489120323661, ""subsample"": 0.6134546745254421, ""colsample_bytree"": 0.7358511957460083, ""reg_lambda"": 0.1533767723833326, ""reg_alpha"": 2.141473893047778}",,,
clasificacion,xgboost,ninguno,aleatoria,2,42,0.7694003381303522,20,1195.5572687999957,59.77771849000055,31.659768400000758,0.86812849999842,177125,True,0.08865832537412643,0.7717411054921482,0.2566408599442933,0.732104386000569,0.18004308248210688,0.6523162134944612,0.7391112093743091,0.28219789794695854,0.08865832537412643,0.06719832504563442,0.004188417760833172,0.004161755823026223,"{""learning_rate"": 0.03070753869949233, ""max_depth"": 4, ""min_child_weight"": 1.6099260787116187, ""subsample"": 0.793822286088856, ""colsample_bytree"": 0.3364743748295089, ""reg_lambda"": 42.22800768156594, ""reg_alpha"": 0.2109815889629021}",,,
clasificacion,xgboost,ninguno,aleatoria,3,42,0.7695377706280055,20,1230.2000393999988,61.50987031500044,86.75310119999631,1.3601628999967943,177126,True,0.08962403237819672,0.7737383483451128,0.2616485510604271,0.742850755065954,0.18704932218055956,0.6530715005035247,0.7507351478034004,0.2908071748878924,0.08962403237819672,0.06682793036215416,0.0037304529879589442,0.004391628435504786,"{""learning_rate"": 0.014938569990761468, ""max_depth"": 10, ""min_child_weight"": 65.63891315430028, ""subsample"": 0.8498535669053748, ""colsample_bytree"": 0.4126959691676157, ""reg_lambda"": 70.12645524834282, ""reg_alpha"": 1.3031776284459848}",,,
clasificacion,xgboost,ninguno,aleatoria,4,42,0.7708790991754154,20,1155.4129106000037,57.77052332500025,42.99368030000187,0.980226199986646,177126,True,0.0818505585193634,0.7667217333111835,0.2520131877832158,0.7151480660962175,0.17394974352314785,0.6744712990936556,0.7187202900793739,0.27657048469519435,0.0818505585193634,0.06735575001371807,0.0028813023613609074,0.004017866696384583,"{""learning_rate"": 0.01690068425265491, ""max_depth"": 8, ""min_child_weight"": 30.86912446280765, ""subsample"": 0.983754866217105, ""colsample_bytree"": 0.4606602865105216, ""reg_lambda"": 0.07117025635786538, ""reg_alpha"": 0.07554804756926677}",,,
clasificacion,xgboost,ninguno,bayesiana,0,42,0.7705656088490492,20,1610.951819199996,80.4502455499991,43.59838809999928,1.0107211000067764,177125,True,0.08711669594049454,0.768299475946928,0.254026908766365,0.7296044876224543,0.1795769811839033,0.6583585095669687,0.7358611541012602,0.28218409409733464,0.08711669594049454,0.06735967448045142,0.004813645071584225,0.004812544541390714,"{""learning_rate"": 0.012713869869959652, ""max_depth"": 6, ""min_child_weight"": 9.854990039053346, ""subsample"": 0.6610479111018208, ""colsample_bytree"": 0.42881664517243856, ""reg_lambda"": 0.0670369226132171, ""reg_alpha"": 3.48260349673374}",,,
clasificacion,xgboost,ninguno,bayesiana,1,42,0.7687725374799665,20,1537.1046301999959,76.76455549999919,61.102927800006,1.1893963999973494,177125,True,0.08715210109949112,0.7758005546898152,0.2582044638497449,0.7316978984594122,0.18330931301901035,0.6724572004028198,0.736900287419854,0.28808714878930053,0.08715210109949112,0.06694549507339131,0.003983297446812086,0.0037789976790910495,"{""learning_rate"": 0.018614634806228023, ""max_depth"": 6, ""min_child_weight"": 24.748052562580913, ""subsample"": 0.6074713947263236, ""colsample_bytree"": 0.5955558291089318, ""reg_lambda"": 0.01683574379451546, ""reg_alpha"": 2.473611720952052}",,,
clasificacion,xgboost,ninguno,bayesiana,2,42,0.769396688357153,20,1650.7023763999969,82.45336042500021,53.687185099995986,1.0885807000013301,177125,True,0.08605346828699112,0.7702393846244963,0.2560433883058366,0.7227145237998456,0.17726756991256756,0.6686807653575025,0.7274596506743312,0.2802426800316539,0.08605346828699112,0.06724957250427341,0.0037792952328016788,0.0037300908850089283,"{""learning_rate"": 0.01094327499339462, ""max_depth"": 5, ""min_child_weight"": 9.84966197540991, ""subsample"": 0.6451646295892951, ""colsample_bytree"": 0.46842226181351326, ""reg_lambda"": 29.98508272018337, ""reg_alpha"": 2.2485194029956856}",,,
clasificacion,xgboost,ninguno,bayesiana,3,42,0.769714728150686,20,1887.6908938999986,94.29461016500063,54.2656608999896,1.0641810999950394,177126,True,0.0890677198767662,0.7739119641064804,0.2633740555622859,0.742139387410825,0.18630768123245267,0.6515609264853978,0.750093966260585,0.289760958405643,0.0890677198767662,0.06677468684226227,0.0037897468232603367,0.0033717476618545413,"{""learning_rate"": 0.016335426221767996, ""max_depth"": 6, ""min_child_weight"": 3.9462533848084322, ""subsample"": 0.6617533813095462, ""colsample_bytree"": 0.6453823646818274, ""reg_lambda"": 35.966102301289794, ""reg_alpha"": 0.014760260847102425}",,,
clasificacion,xgboost,ninguno,bayesiana,4,42,0.7708913446961199,20,1251.1627605000103,62.49372991999917,33.21901469999284,0.8690356000006432,177126,True,0.08649354428052902,0.7665724510317274,0.2507231270754824,0.7256763073921262,0.17844845047599758,0.6654078549848943,0.7309690685179863,0.2814246925411276,0.08649354428052902,0.0674122668455798,0.004079020465662658,0.00377414619216496,"{""learning_rate"": 0.020768387431920776, ""max_depth"": 3, ""min_child_weight"": 4.257861214410562, ""subsample"": 0.6269192725759855, ""colsample_bytree"": 0.610893290765544, ""reg_lambda"": 5.848825813579977, ""reg_alpha"": 0.006355191004797234}",,,
clasificacion,xgboost,ninguno,genetica,0,42,0.7709872395829942,20,1460.9885410999996,73.047326685,42.12070639999729,1.027146199994604,177125,True,0.09040043503046036,0.7705942314752906,0.25563907330541924,0.7381204016096906,0.18350969391378452,0.6505538771399798,0.7458103028963078,0.28626821026976124,0.09040043503046036,0.06726566440261011,0.003183354343686133,0.004175121169401212,"{""learning_rate"": 0.019051937566281756, ""max_depth"": 10, ""min_child_weight"": 100.00000000000004, ""subsample"": 0.8839461986049724, ""colsample_bytree"": 0.36779557353996317, ""reg_lambda"": 0.2360258612153151, ""reg_alpha"": 0.0010000000000000002}",,,
clasificacion,xgboost,ninguno,genetica,1,42,0.7689560828729505,20,1359.7036886999995,67.98494173000036,52.624735299999884,1.8015321999992011,177125,True,0.08423774689435959,0.7760737694259997,0.2588648638876614,0.719401650339417,0.17950723504106375,0.6933534743202417,0.7216891443732036,0.2851817334575955,0.08423774689435959,0.06688306788635968,0.0034847893799559485,0.0030337233965451373,"{""learning_rate"": 0.019299573261420486, ""max_depth"": 8, ""min_child_weight"": 100.00000000000004, ""subsample"": 0.8957333832080623, ""colsample_bytree"": 0.3669876959364976, ""reg_lambda"": 0.43831182284919545, ""reg_alpha"": 0.0010000000000000002}",,,
clasificacion,xgboost,ninguno,genetica,2,42,0.7691249128020443,20,1537.748376399999,76.88715431500096,43.68416789999901,1.0085952000008547,177125,True,0.08882594853639603,0.7731870746118251,0.257406187428296,0.7346042843786837,0.1825296995108316,0.6576032225579054,0.7413663497678532,0.2857455420632316,0.08882594853639603,0.06713173499658787,0.004261862777490117,0.005341902541939201,"{""learning_rate"": 0.017945702327634976, ""max_depth"": 8, ""min_child_weight"": 74.49489845319124, ""subsample"": 0.8172306802133182, ""colsample_bytree"": 0.4606602865105216, ""reg_lambda"": 0.12499639178032891, ""reg_alpha"": 0.07554804756926677}",,,
clasificacion,xgboost,ninguno,genetica,3,42,0.7694087660071043,20,1543.6947215000037,77.18448005500031,47.423829899998964,1.0755366000012145,177126,True,0.09074705839157104,0.7744922381898254,0.26391119574760924,0.7436230970915225,0.18656608153198898,0.6475327291037261,0.7520617303057773,0.2896722603896835,0.09074705839157104,0.06674020381259119,0.004915027550662114,0.005316025039056711,"{""learning_rate"": 0.01690068425265491, ""max_depth"": 8, ""min_child_weight"": 79.1899739253308, ""subsample"": 0.9028900816157973, ""colsample_bytree"": 0.4606602865105216, ""reg_lambda"": 0.07117025635786538, ""reg_alpha"": 0.07554804756926677}",,,
clasificacion,xgboost,ninguno,genetica,4,42,0.7711164516289241,20,1404.2112041000073,70.21027259499897,41.58085079999,1.489916100006667,177126,True,0.08937035501003265,0.7663225951845766,0.2519347639005123,0.7375663096278531,0.1823930652266591,0.6462739174219537,0.7455835857525039,0.28449517898703314,0.08937035501003265,0.06736672986012075,0.003821745631230592,0.003799213212888738,"{""learning_rate"": 0.01690068425265491, ""max_depth"": 6, ""min_child_weight"": 30.86912446280765, ""subsample"": 0.983754866217105, ""colsample_bytree"": 0.3415261884251585, ""reg_lambda"": 0.2880495187343095, ""reg_alpha"": 0.07554804756926677}",,,
clasificacion,xgboost,ninguno,rejilla,0,42,0.7703436192479449,16,1353.217389999998,84.5758158624999,88.19938069999625,1.4423507000028621,177125,True,0.08226598799228668,0.7705644742024595,0.25586536915137537,0.7160074793707573,0.17594452725034024,0.6835347432024169,0.7188591642715012,0.2798536308818224,0.08226598799228668,0.06725522659103968,0.002875968843817487,0.00530402855857987,"{""learning_rate"": 0.010000000000000004, ""max_depth"": 10, ""min_child_weight"": 100.00000000000004, ""subsample"": 1.0, ""colsample_bytree"": 0.6000000000000001, ""reg_lambda"": 0.31622776601683805, ""reg_alpha"": 0.10000000000000006}",,,
clasificacion,xgboost,ninguno,rejilla,1,42,0.7680700250224359,16,1313.1821409999975,82.07367160624926,96.10094480000407,2.243205400001898,177125,True,0.08661536872386932,0.7768058896244527,0.25942962466063024,0.7285069712613308,0.18320507627919536,0.6832829808660624,0.732478443510944,0.2889385712764825,0.08661536872386932,0.06685123755925562,0.0030627504040241847,0.003585115770354706,"{""learning_rate"": 0.010000000000000004, ""max_depth"": 10, ""min_child_weight"": 100.00000000000004, ""subsample"": 1.0, ""colsample_bytree"": 0.6000000000000001, ""reg_lambda"": 0.31622776601683805, ""reg_alpha"": 0.10000000000000006}",,,
clasificacion,xgboost,ninguno,rejilla,2,42,0.7686632217107654,16,1324.2169044999973,82.76350401249965,72.32966199999646,1.469279800003278,177125,True,0.08575844764709473,0.7722699706034213,0.25616303651907957,0.7238120401609691,0.1781674586707717,0.6701913393756294,0.7285208932124696,0.2814994976999947,0.08575844764709473,0.06720218170582012,0.0037933063356766546,0.0040381891019223275,"{""learning_rate"": 0.010000000000000004, ""max_depth"": 10, ""min_child_weight"": 100.00000000000004, ""subsample"": 1.0, ""colsample_bytree"": 0.6000000000000001, ""reg_lambda"": 0.31622776601683805, ""reg_alpha"": 0.10000000000000006}",,,
clasificacion,xgboost,ninguno,rejilla,3,42,0.7691503381174698,16,1332.433846,83.27701064375015,83.05068629999005,1.3932964999985415,177126,True,0.08816458284854889,0.773143701838047,0.2619964857422925,0.7365907197008191,0.1841883345045678,0.6598690835850957,0.7433283954984634,0.2879903307328865,0.08816458284854889,0.06681467531737567,0.0028212883878634717,0.0029563126888899607,"{""learning_rate"": 0.010000000000000004, ""max_depth"": 10, ""min_child_weight"": 100.00000000000004, ""subsample"": 1.0, ""colsample_bytree"": 0.6000000000000001, ""reg_lambda"": 0.31622776601683805, ""reg_alpha"": 0.10000000000000006}",,,
clasificacion,xgboost,ninguno,rejilla,4,42,0.7705870531810776,16,1300.4642568999989,81.2789639750008,62.42282799999521,1.1753516000026138,177126,True,0.08578761667013168,0.7673451747632174,0.25253766445756776,0.7267941708501859,0.18006756756756756,0.6709466263846928,0.7316986888942935,0.2839335180055402,0.08578761667013168,0.06734593814751781,0.003535628037199767,0.0037583997785258813,"{""learning_rate"": 0.010000000000000004, ""max_depth"": 10, ""min_child_weight"": 100.00000000000004, ""subsample"": 1.0, ""colsample_bytree"": 0.6000000000000001, ""reg_lambda"": 0.31622776601683805, ""reg_alpha"": 0.10000000000000006}",,,
clasificacion,xgboost,smote,aleatoria,0,42,0.7689085674598654,20,2402.354004099994,120.110617954997,65.59314719997928,1.696539099997608,244239,True,0.09044106304645538,0.7682115873462235,0.2537629370654125,0.7240559326856632,0.17705601506287405,0.6628902316213494,0.7294273712137962,0.27946717613968053,0.09044106304645538,0.06734604112674915,0.0028467345175369023,0.0037021804676360646,"{""learning_rate"": 0.03070753869949233, ""max_depth"": 4, ""min_child_weight"": 1.6099260787116187, ""subsample"": 0.793822286088856, ""colsample_bytree"": 0.3364743748295089, ""reg_lambda"": 42.22800768156594, ""reg_alpha"": 0.2109815889629021}",,,
clasificacion,xgboost,smote,aleatoria,1,42,0.7669007079295058,20,2379.5393960000074,118.96744990500011,170.36789039999712,2.1673502000048757,244239,True,0.0884062722325325,0.7751259256983274,0.2580253651930163,0.72238933376692,0.17942947911840626,0.682527693856999,0.7258898960866681,0.2841570148315078,0.0884062722325325,0.06691184669013625,0.003487321655744307,0.0037222945294695976,"{""learning_rate"": 0.014938569990761468, ""max_depth"": 10, ""min_child_weight"": 65.63891315430028, ""subsample"": 0.8498535669053748, ""colsample_bytree"": 0.4126959691676157, ""reg_lambda"": 70.12645524834282, ""reg_alpha"": 1.3031776284459848}",,,
clasificacion,xgboost,smote,aleatoria,2,42,0.7684128417377517,20,2383.244901099999,119.15363005500403,65.50653350001085,1.345955299999332,244239,True,0.08657421171665192,0.7716027363999911,0.2552916750355921,0.7090971911710906,0.17360015150558677,0.6923464249748238,0.7105682069422949,0.2775955180941806,0.08657421171665192,0.06721825655920939,0.004302709265755643,0.004148660202682506,"{""learning_rate"": 0.03070753869949233, ""max_depth"": 4, ""min_child_weight"": 1.6099260787116187, ""subsample"": 0.793822286088856, ""colsample_bytree"": 0.3364743748295089, ""reg_lambda"": 42.22800768156594, ""reg_alpha"": 0.2109815889629021}",,,
clasificacion,xgboost,smote,aleatoria,3,42,0.7680323667512706,20,2189.6620230999833,109.47373377999611,136.84835720001138,1.481867800001055,244240,True,0.0952196940779686,0.7729290701184353,0.2595720433939391,0.7460823966992541,0.1874403932213337,0.6432527693856999,0.755112870061244,0.2902914275975686,0.0952196940779686,0.06691065977992063,0.001885729574739151,0.002632735446163425,"{""learning_rate"": 0.014938569990761468, ""max_depth"": 10, ""min_child_weight"": 65.63891315430028, ""subsample"": 0.8498535669053748, ""colsample_bytree"": 0.4126959691676157, ""reg_lambda"": 70.12645524834282, ""reg_alpha"": 1.3031776284459848}",,,
clasificacion,xgboost,smote,aleatoria,4,42,0.7692450688215785,20,2219.6331637999974,110.97339836500468,92.87951740005519,1.4021413000300527,244240,True,0.09236915409564972,0.7660350938294386,0.2512836799265686,0.73699721550375,0.1826610049539986,0.6497985901309165,0.7446549780008401,0.28516186056789306,0.09236915409564972,0.06739572547747065,0.0020485916552012615,0.00279303721393836,"{""learning_rate"": 0.01690068425265491, ""max_depth"": 8, ""min_child_weight"": 30.86912446280765, ""subsample"": 0.983754866217105, ""colsample_bytree"": 0.4606602865105216, ""reg_lambda"": 0.07117025635786538, ""reg_alpha"": 0.07554804756926677}",,,
clasificacion,xgboost,smote,bayesiana,0,42,0.7692824088129058,20,4153.526990400016,206.40622608499834,156.4777272999927,1.6430425999860745,244239,True,0.09264640510082245,0.7696478210618258,0.2519919927180897,0.7323889272793789,0.17990670472742462,0.6505538771399798,0.7395755029847446,0.28186528497409324,0.09264640510082245,0.0673617752143178,0.0027694013576534332,0.0037076154970241615,"{""learning_rate"": 0.010141118505822036, ""max_depth"": 8, ""min_child_weight"": 30.963380688405408, ""subsample"": 0.7036630265286649, ""colsample_bytree"": 0.7697525037312426, ""reg_lambda"": 0.00662548920931477, ""reg_alpha"": 9.469154907837591}",,,
clasificacion,xgboost,smote,bayesiana,1,42,0.7673159486902129,20,3277.2865700999973,162.80855874999688,116.16910100000678,2.91122889998951,244239,True,0.0890619158744812,0.7766277300600111,0.26046339154916553,0.7325515222958416,0.18375215146299484,0.6719536757301108,0.7378730930798143,0.28858733848732226,0.0890619158744812,0.06678992083897617,0.0025272371161848967,0.002173212523164558,"{""learning_rate"": 0.01898176375948492, ""max_depth"": 7, ""min_child_weight"": 7.061310488530054, ""subsample"": 0.9218790327303328, ""colsample_bytree"": 0.4236160429382152, ""reg_lambda"": 0.01440830037724263, ""reg_alpha"": 9.15523512435294}",,,
clasificacion,xgboost,smote,bayesiana,2,42,0.7684638446307183,20,3330.1768606000114,164.84375156999886,84.32388899996295,1.350950499996543,244239,True,0.0961141437292099,0.7707348632557017,0.2560722129140613,0.7410877606601358,0.18475368572455952,0.6467774420946626,0.7493698872429804,0.28740840185713484,0.0961141437292099,0.06716861508491498,0.002909322672462683,0.0038001491716688845,"{""learning_rate"": 0.01607123851203988, ""max_depth"": 5, ""min_child_weight"": 5.404103854647328, ""subsample"": 0.728034992108518, ""colsample_bytree"": 0.8281407691144109, ""reg_lambda"": 0.009962513222055111, ""reg_alpha"": 0.11400863701127326}",,,
clasificacion,xgboost,smote,bayesiana,3,42,0.7688985218499124,20,3141.1334506999992,156.00908471499716,102.78044939998654,1.420028900000034,244240,True,0.09025523066520691,0.7734720382436948,0.26218755257169307,0.7303306843356843,0.18168744007670182,0.6679254783484391,0.7358110946516615,0.2856681382577797,0.09025523066520691,0.06682841508580785,0.003357107692001342,0.003278135750938019,"{""learning_rate"": 0.012713869869959652, ""max_depth"": 6, ""min_child_weight"": 9.854990039053346, ""subsample"": 0.6610479111018208, ""colsample_bytree"": 0.42881664517243856, ""reg_lambda"": 0.0670369226132171, ""reg_alpha"": 3.48260349673374}",,,
clasificacion,xgboost,smote,bayesiana,4,42,0.7688700131084815,20,3137.119759800029,155.32997177000215,91.19386319996556,1.3636862999992445,244240,True,0.09088048338890076,0.7662062520288107,0.2505660530088759,0.7284201540619093,0.17908407382091593,0.6596173212487412,0.7344624024409118,0.28169014084507044,0.09088048338890076,0.0674158354652797,0.003259521246199884,0.004810864420178226,"{""learning_rate"": 0.01607123851203988, ""max_depth"": 5, ""min_child_weight"": 5.404103854647328, ""subsample"": 0.728034992108518, ""colsample_bytree"": 0.8281407691144109, ""reg_lambda"": 0.009962513222055111, ""reg_alpha"": 0.11400863701127326}",,,
clasificacion,xgboost,smote,genetica,0,42,0.7689072226692542,20,3102.2441585999914,155.1027667899936,110.89254740002798,1.5479711999942083,244239,True,0.09137089550495148,0.7698287971582638,0.2540370677273336,0.7311084915247348,0.1789875173370319,0.6497985901309165,0.7382489498120717,0.28066550674206175,0.09137089550495148,0.06731467649686462,0.002437976203147009,0.0035383509039083436,"{""learning_rate"": 0.01300981542281645, ""max_depth"": 8, ""min_child_weight"": 30.86912446280765, ""subsample"": 0.983754866217105, ""colsample_bytree"": 0.35444749158302086, ""reg_lambda"": 0.2880495187343095, ""reg_alpha"": 0.07554804756926677}",,,
clasificacion,xgboost,smote,genetica,1,42,0.7671280829551764,20,3207.040610099997,160.33707407000475,93.00303910000366,1.382968499994604,244239,True,0.09017007052898407,0.775227309717659,0.25743896669606076,0.7299296776553799,0.18325853393172856,0.6784994964753273,0.734446164050409,0.28857479387514723,0.09017007052898407,0.06693852939534639,0.003013460596342772,0.003659472303746437,"{""learning_rate"": 0.01690068425265491, ""max_depth"": 8, ""min_child_weight"": 30.86912446280765, ""subsample"": 0.8172306802133182, ""colsample_bytree"": 0.3415261884251584, ""reg_lambda"": 0.12499639178032891, ""reg_alpha"": 0.07554804756926677}",,,
clasificacion,xgboost,smote,genetica,2,42,0.7683093043412467,20,3067.8689852999814,153.37584275999978,86.55563099999563,1.585469900019234,244239,True,0.08940644562244415,0.7717727608626292,0.25543966045026056,0.7226332262916142,0.17867818000664232,0.6772406847935549,0.7266195003316382,0.2827560834603458,0.08940644562244415,0.06720248403458716,0.002864137728908173,0.004607831717891312,"{""learning_rate"": 0.01690068425265491, ""max_depth"": 6, ""min_child_weight"": 29.806296470603076, ""subsample"": 0.9028900816157973, ""colsample_bytree"": 0.4606602865105216, ""reg_lambda"": 0.2880495187343095, ""reg_alpha"": 0.07554804756926677}",,,
clasificacion,xgboost,smote,genetica,3,42,0.7692973149029508,20,3192.105560100026,159.59238692500222,101.77436330000637,1.5021765000128653,244240,True,0.09653926640748978,0.7724810395891362,0.2608490585215006,0.747952277392736,0.18806898083043447,0.6397280966767371,0.7574564991487762,0.2906823771663902,0.09653926640748978,0.0669017984880102,0.003172904870512828,0.0025612068905553173,"{""learning_rate"": 0.013711315857926414, ""max_depth"": 10, ""min_child_weight"": 52.09506921210732, ""subsample"": 0.9100317460615533, ""colsample_bytree"": 0.36812808027894905, ""reg_lambda"": 0.25852296414627207, ""reg_alpha"": 0.0010000000000000002}",,,
clasificacion,xgboost,smote,genetica,4,42,0.770117118861629,20,2854.681548100023,142.72544488499116,80.77429349999875,1.3099756999872625,244240,True,0.08982981741428375,0.765563375519681,0.25034902524402913,0.7226479136602915,0.17766226842596294,0.6711983887210473,0.7271661986778395,0.28095689746021707,0.08982981741428375,0.06745041668161873,0.002266028255170525,0.0026998521553955775,"{""learning_rate"": 0.01690068425265491, ""max_depth"": 6, ""min_child_weight"": 30.86912446280765, ""subsample"": 0.983754866217105, ""colsample_bytree"": 0.4606602865105216, ""reg_lambda"": 0.2880495187343095, ""reg_alpha"": 0.07554804756926677}",,,
clasificacion,xgboost,smote,rejilla,0,42,0.7679359326473255,16,2479.7214220000023,154.97909797500142,160.21720169999753,2.133548499987228,244239,True,0.0925590991973877,0.7678980255108778,0.25252401419399384,0.7295435144912809,0.17825877162749018,0.6510574018126888,0.7364359938094185,0.2798852751772282,0.0925590991973877,0.06739714867296226,0.0026746473075092802,0.004489524790524068,"{""learning_rate"": 0.010000000000000004, ""max_depth"": 10, ""min_child_weight"": 100.00000000000004, ""subsample"": 1.0, ""colsample_bytree"": 0.6000000000000001, ""reg_lambda"": 0.31622776601683805, ""reg_alpha"": 0.10000000000000006}",,,
clasificacion,xgboost,smote,rejilla,1,42,0.7664747709432816,16,2556.252229099977,159.76283060625065,169.16693649999797,2.5470392999995966,244239,True,0.08931543678045273,0.7741015847389832,0.2573065903077013,0.7213934392910857,0.17872228088701161,0.6817724068479355,0.7248728719876188,0.28320435055427734,0.08931543678045273,0.06697511171151826,0.003645586012361487,0.0037112296090789807,"{""learning_rate"": 0.010000000000000004, ""max_depth"": 10, ""min_child_weight"": 100.00000000000004, ""subsample"": 1.0, ""colsample_bytree"": 0.6000000000000001, ""reg_lambda"": 0.31622776601683805, ""reg_alpha"": 0.10000000000000006}",,,
clasificacion,xgboost,smote,rejilla,2,42,0.766878899047386,16,2435.13188619999,152.19348438125235,161.00990589996218,1.7849595000152476,244239,True,0.0941278412938118,0.7711891848956403,0.25496331449602994,0.7351530425592455,0.1833624606780846,0.6603726082578046,0.741720097280566,0.28702741150079336,0.0941278412938118,0.06724698144690935,0.004319868162740667,0.005198228639492265,"{""learning_rate"": 0.010000000000000004, ""max_depth"": 10, ""min_child_weight"": 100.00000000000004, ""subsample"": 1.0, ""colsample_bytree"": 0.6000000000000001, ""reg_lambda"": 0.31622776601683805, ""reg_alpha"": 0.10000000000000006}",,,
clasificacion,xgboost,smote,rejilla,3,42,0.7667002643100371,16,2398.0424651000067,149.87574059374856,156.63276999999653,2.056840300007025,244240,True,0.0940517783164978,0.7724968982394772,0.2603213613924632,0.7379524806406373,0.18430179064335764,0.6555891238670695,0.7451856110017909,0.28771891055742776,0.0940517783164978,0.06690022096320859,0.0028840471771095872,0.003933213701692133,"{""learning_rate"": 0.010000000000000004, ""max_depth"": 10, ""min_child_weight"": 100.00000000000004, ""subsample"": 1.0, ""colsample_bytree"": 0.6000000000000001, ""reg_lambda"": 0.31622776601683805, ""reg_alpha"": 0.10000000000000006}",,,
clasificacion,xgboost,smote,rejilla,4,42,0.7687507046071174,16,2603.7322899000137,162.7305137625026,174.2300452000345,2.0015070000081323,244240,True,0.08996006101369858,0.7659837522143386,0.24928409828137926,0.7264892989979879,0.17814726840855108,0.6608761329305136,0.7322514316036172,0.28064360934409577,0.08996006101369858,0.06747235723216345,0.002590393820027268,0.0037531872890996447,"{""learning_rate"": 0.010000000000000004, ""max_depth"": 10, ""min_child_weight"": 100.00000000000004, ""subsample"": 1.0, ""colsample_bytree"": 0.6000000000000001, ""reg_lambda"": 0.31622776601683805, ""reg_alpha"": 0.10000000000000006}",,,
regresion,arbol,ninguno,aleatoria,0,42,0.6924421587241424,20,291.3574918999948,14.567632769999182,28.22991640001419,0.12134089999017306,196806,True,,0.6915853768775859,0.16201238938383727,,,,,,,0.07137622383076202,,,"{""max_depth"": 9, ""min_samples_leaf"": 1712, ""max_features"": 1.0}",0.2671632905748131,0.1419413714835432,0.03820336440841732
regresion,arbol,ninguno,aleatoria,1,42,0.6913514688298807,20,263.55838960000256,13.177796130001662,28.00656949999393,0.028572700000950135,196806,True,,0.7031945178264211,0.1695712626295079,,,,,,,0.07095201161447842,,,"{""max_depth"": 9, ""min_samples_leaf"": 1712, ""max_features"": 1.0}",0.26636818806771656,0.14191848284394037,0.043919636025220865
regresion,arbol,ninguno,aleatoria,2,42,0.6916607456219671,20,263.01623039999686,13.150178679998499,28.767318800004432,0.20068280000123195,196806,True,,0.6944230746109347,0.1664200849711376,,,,,,,0.0711802379859729,,,"{""max_depth"": 9, ""min_samples_leaf"": 1712, ""max_features"": 1.0}",0.26679624807326824,0.14140673536527892,0.0408442792120457
regresion,arbol,ninguno,aleatoria,3,42,0.6884780893054994,20,267.8614302999922,13.392961680000008,10.439156400010688,0.022844400009489618,196807,True,,0.6823793133330203,0.15725424873114516,,,,,,,0.071681286217187,,,"{""max_depth"": 14, ""min_samples_leaf"": 782, ""max_features"": 0.3}",0.267733610548222,0.14229491780111367,0.03411054758991938
regresion,arbol,ninguno,aleatoria,4,42,0.6926358859661677,20,261.3037211000046,13.065077435000422,26.434691800008295,0.026726900003268383,196807,True,,0.689576407489451,0.1665998122338891,,,,,,,0.07127324888585782,,,"{""max_depth"": 9, ""min_samples_leaf"": 1712, ""max_features"": 1.0}",0.2669705019020974,0.14153766766951303,0.03960876023814486
regresion,arbol,ninguno,bayesiana,0,42,0.6945029775386216,20,290.44967860000907,14.43000369000365,33.398676600001636,0.034908199988421984,196806,True,,0.6919790345373616,0.16486073257981057,,,,,,,0.07135914844630467,,,"{""max_depth"": 19, ""min_samples_leaf"": 1291, ""max_features"": 1.0}",0.26713133183193744,0.14164305521687198,0.03843345569709977
regresion,arbol,ninguno,bayesiana,1,42,0.6932416891877607,20,317.42794270000013,15.796720404998633,32.77877340000123,0.03170190000673756,196806,True,,0.703364158216514,0.17338731449633793,,,,,,,0.07092946677241041,,,"{""max_depth"": 20, ""min_samples_leaf"": 871, ""max_features"": 1.0}",0.26632586575924316,0.14124900402351492,0.04422342840995641
regresion,arbol,ninguno,bayesiana,2,42,0.6890742096977119,20,203.71761819999665,10.10162477000049,38.62364449999586,0.16389060000074096,196806,True,,0.6840556847300994,0.16653590128450738,,,,,,,0.07181714012208008,,,"{""max_depth"": 15, ""min_samples_leaf"": 355, ""max_features"": 1.0}",0.26798720141469456,0.14035071056688386,0.03226200490790998
regresion,arbol,ninguno,bayesiana,3,42,0.6921621401990037,20,218.92918229999486,10.86167886499752,28.592883100005565,0.04487159999553114,196807,True,,0.7017161041304476,0.1717562031214183,,,,,,,0.07100574521489202,,,"{""max_depth"": 8, ""min_samples_leaf"": 653, ""max_features"": 1.0}",0.26646903237504355,0.14070728842205268,0.043213312945025395
regresion,arbol,ninguno,bayesiana,4,42,0.6939174411908103,20,284.82667650000076,14.152634945000319,31.565735399984987,0.04714119998971,196807,True,,0.6906744951733483,0.16860287751869318,,,,,,,0.0712969491171779,,,"{""max_depth"": 13, ""min_samples_leaf"": 1003, ""max_features"": 1.0}",0.2670148855722802,0.14112826676117016,0.03928940487135635
regresion,arbol,ninguno,genetica,0,42,0.6970488347210363,20,476.28032199999143,23.81345451499874,32.67796840000665,0.020644899996113963,196806,True,,0.6919149306031008,0.16774426745773519,,,,,,,0.07135274461936915,,,"{""max_depth"": 12, ""min_samples_leaf"": 782, ""max_features"": 1.0}",0.26711934527354836,0.14120053944012725,0.03851974744624154
regresion,arbol,ninguno,genetica,1,42,0.6929470078355674,20,418.9853079000022,20.948965080000924,36.869771099998616,0.0204853000032017,196806,True,,0.7026363546594903,0.17382728625963126,,,,,,,0.07092858229190659,,,"{""max_depth"": 14, ""min_samples_leaf"": 782, ""max_features"": 1.0}",0.26632420523096767,0.14115245096556364,0.04423534680977026
regresion,arbol,ninguno,genetica,2,42,0.6950076351334946,20,438.80955079999694,21.93897309499953,31.665521799994167,0.16671150000183843,196806,True,,0.6942720088597185,0.17105624040032394,,,,,,,0.0711531574034018,,,"{""max_depth"": 9, ""min_samples_leaf"": 782, ""max_features"": 1.0}",0.26674549181457935,0.14076414974041204,0.04120919082839125
regresion,arbol,ninguno,genetica,3,42,0.6926876378009034,20,431.0608096999931,21.55269168499799,31.771240000001853,0.021285199996782467,196807,True,,0.7030593663259612,0.1740081717561467,,,,,,,0.070954781295799,,,"{""max_depth"": 10, ""min_samples_leaf"": 782, ""max_features"": 1.0}",0.26637338698863855,0.1406996972028818,0.043900040464901036
regresion,arbol,ninguno,genetica,4,42,0.6940387279439628,20,416.0920410000108,20.804341439999554,26.482662500013248,0.026336599999922328,196807,True,,0.6905057305224658,0.16735883107440955,,,,,,,0.07128593059993132,,,"{""max_depth"": 9, ""min_samples_leaf"": 1018, ""max_features"": 1.0}",0.2669942519979247,0.14120612098474436,0.03943787695035095
regresion,arbol,ninguno,rejilla,0,42,0.6911100692610687,18,234.69249220000347,13.038387566665026,27.752109100008965,0.18647209998744074,196806,True,,0.6916590770592022,0.16154831159706837,,,,,,,0.0713818316672519,,,"{""max_depth"": 12, ""min_samples_leaf"": 2000, ""max_features"": 1.0}",0.2671737855165658,0.14205367824342138,0.0381277986530516
regresion,arbol,ninguno,rejilla,1,42,0.690387759106135,18,210.45815310000035,11.692079994444308,26.209241399992607,0.17614049999974668,196806,True,,0.7040261489947652,0.1675230117333633,,,,,,,0.07099324284942614,,,"{""max_depth"": 12, ""min_samples_leaf"": 2000, ""max_features"": 1.0}",0.2664455720206777,0.14206710120600052,0.04336404396773086
regresion,arbol,ninguno,rejilla,2,42,0.6907529347265836,18,208.6692497999902,11.592699822222736,26.190760800003773,0.1896166000078665,196806,True,,0.6953624436944082,0.1655595742572177,,,,,,,0.07120455906726378,,,"{""max_depth"": 12, ""min_samples_leaf"": 2000, ""max_features"": 1.0}",0.2668418240592426,0.14155724735898215,0.040516551953526214
regresion,arbol,ninguno,rejilla,3,42,0.6877628021924925,18,218.7552624999953,12.153009811109062,26.08612420001009,0.17004040000028908,196807,True,,0.7003440692555332,0.16912728473747016,,,,,,,0.07103292909171721,,,"{""max_depth"": 12, ""min_samples_leaf"": 2000, ""max_features"": 1.0}",0.2665200350662539,0.14150405135835295,0.04284701622677867
regresion,arbol,ninguno,rejilla,4,42,0.6906478930496984,18,208.48826559999725,11.582645872218968,25.29496349999681,0.16997620000620373,196807,True,,0.6899158404972239,0.1662330525234419,,,,,,,0.07123424062281092,,,"{""max_depth"": 12, ""min_samples_leaf"": 2000, ""max_features"": 1.0}",0.26689743465011223,0.14167298756370234,0.04013438794130386
regresion,knn,ninguno,aleatoria,0,42,0.6789744298663923,20,669.8044883000002,33.49006735999983,5.597095299999637,4.934084800001074,196806,True,,0.6809489274802013,0.16951539348027939,,,,,,,0.07152980166937337,,,"{""n_vecinos"": 148, ""ponderacion"": ""distance"", ""n_componentes"": 63}",0.2674505592990476,0.140218271660453,0.036133898687898625
regresion,knn,ninguno,aleatoria,1,42,0.6784286666617237,20,1363.9365845999855,68.19635818000242,5.235380600002827,26.762665199988987,196806,True,,0.6790367388210955,0.16862810552819235,,,,,,,0.07153628606946542,,,"{""n_vecinos"": 148, ""ponderacion"": ""distance"", ""n_componentes"": 63}",0.2674626816388885,0.14063491643959392,0.03604652121319285
regresion,knn,ninguno,aleatoria,2,42,0.6758446804646421,20,1336.1482729999989,66.80709034000029,5.035400299995672,23.83307500000228,196806,True,,0.682218220446063,0.170765745594898,,,,,,,0.07145855319422163,,,"{""n_vecinos"": 148, ""ponderacion"": ""distance"", ""n_componentes"": 63}",0.2673173267751674,0.14024174388799487,0.03709397390642599
regresion,knn,ninguno,aleatoria,3,42,0.6792047387717247,20,1326.5899753999838,66.32898882000154,5.456152200000361,30.611892599990824,196807,True,,0.6794851040793926,0.16926318384475098,,,,,,,0.07151790248523443,,,"{""n_vecinos"": 148, ""ponderacion"": ""distance"", ""n_componentes"": 63}",0.26742831279659685,0.14063244227132407,0.036312107184012454
regresion,knn,ninguno,aleatoria,4,42,0.6783990134880998,20,1303.2034999000025,65.1589477800022,7.153518499981146,29.261591799993766,196807,True,,0.6789988268717877,0.17134640398737358,,,,,,,0.07152632256104649,,,"{""n_vecinos"": 148, ""ponderacion"": ""distance"", ""n_componentes"": 63}",0.2674440550115977,0.14040175136577943,0.03619864852772203
regresion,knn,ninguno,bayesiana,0,42,0.6853598134909745,20,730.3677243999991,36.431293330000244,6.0461221000023215,10.6226072999998,196806,True,,0.6852330869480125,0.16910407381731543,,,,,,,0.071521703161625,,,"{""n_vecinos"": 262, ""ponderacion"": ""uniform"", ""n_componentes"": 62}",0.2674354186745372,0.1406629967098245,0.03624302630894183
regresion,knn,ninguno,bayesiana,1,42,0.6855421189838838,20,1589.3000527000113,79.31672397999937,7.38497429995914,28.38059119999525,196806,True,,0.6868144639048622,0.17459007378500585,,,,,,,0.07137662802039382,,,"{""n_vecinos"": 246, ""ponderacion"": ""distance"", ""n_componentes"": 51}",0.267164047020541,0.1412835893473981,0.038197917941692916
regresion,knn,ninguno,bayesiana,2,42,0.6831217030556048,20,1472.1578938999737,73.43302590499952,5.060586200008402,21.194857800001046,196806,True,,0.6863666047029627,0.17126200775760075,,,,,,,0.07136321830535491,,,"{""n_vecinos"": 247, ""ponderacion"": ""uniform"", ""n_componentes"": 43}",0.26713894943522354,0.1416021566141834,0.03837861423124789
regresion,knn,ninguno,bayesiana,3,42,0.6855484379522997,20,1503.8034314000106,75.03401318500255,7.52384800001164,28.010233899985906,196807,True,,0.6831356551733367,0.16932147811101764,,,,,,,0.07146796843777099,,,"{""n_vecinos"": 236, ""ponderacion"": ""uniform"", ""n_componentes"": 53}",0.2673349368073148,0.14135211170916498,0.03698495741182428
regresion,knn,ninguno,bayesiana,4,42,0.6864787040921096,20,1490.6390274000005,74.39882782000059,6.705030199984321,28.05902509999578,196807,True,,0.687415264208677,0.1764853969958106,,,,,,,0.0713798944848393,,,"{""n_vecinos"": 294, ""ponderacion"": ""distance"", ""n_componentes"": 52}",0.2671701601692062,0.1412705573460861,0.038171734416787784
regresion,knn,ninguno,genetica,0,42,0.6882587243919723,20,746.9318337000004,37.343885674999726,7.441461200000049,10.693457199999102,196806,True,,0.6883362845690338,0.1703812118738517,,,,,,,0.07145195474551606,,,"{""n_vecinos"": 300, ""ponderacion"": ""uniform"", ""n_componentes"": 49}",0.2673049845130391,0.14144011781888477,0.03718288818942572
regresion,knn,ninguno,genetica,1,42,0.6871129972329104,20,1681.6897080999915,84.08285517499898,5.911016300000483,24.965761800005566,196806,True,,0.6885402382229442,0.17173375237591268,,,,,,,0.07139310890412083,,,"{""n_vecinos"": 300, ""ponderacion"": ""uniform"", ""n_componentes"": 49}",0.26719488936751923,0.1417238461311956,0.03797583756717193
regresion,knn,ninguno,genetica,2,42,0.6850860893723647,20,1534.9450004999817,76.74537172000127,6.351299200003268,26.524686299992027,196806,True,,0.6893193043321825,0.1726591259011913,,,,,,,0.07134978411222938,,,"{""n_vecinos"": 300, ""ponderacion"": ""uniform"", ""n_componentes"": 49}",0.2671138036721977,0.1413467611810716,0.03855964036371262
regresion,knn,ninguno,genetica,3,42,0.6882182527227189,20,1653.4082962999819,82.66840203499888,6.6806770999974106,27.49272780001047,196807,True,,0.6854637902091932,0.1733681838123005,,,,,,,0.07141569231401988,,,"{""n_vecinos"": 300, ""ponderacion"": ""uniform"", ""n_componentes"": 49}",0.26723714620916733,0.14164041402391941,0.03768936659877853
regresion,knn,ninguno,genetica,4,42,0.6865568395657112,20,1607.9991074000136,80.39917393999932,5.9973945999809075,24.825672199978726,196807,True,,0.6876707003636434,0.17446268941105897,,,,,,,0.07136473805767829,,,"{""n_vecinos"": 300, ""ponderacion"": ""uniform"", ""n_componentes"": 48}",0.2671417939179085,0.14172957208284429,0.038375963915219025
regresion,knn,ninguno,rejilla,0,42,0.6874139641896484,18,607.5715557999993,33.7536531222224,6.463631800001167,11.514442599998802,196806,True,,0.6890171394321382,0.17258253011499536,,,,,,,0.07143720626574575,,,"{""n_vecinos"": 300, ""ponderacion"": ""distance"", ""n_componentes"": 45}",0.26727739572538817,0.1413743247472554,0.03738162437161441
regresion,knn,ninguno,rejilla,1,42,0.6871546914821353,18,648.9753345999998,36.054111761111216,6.11961390000215,6.869259899998724,196806,True,,0.6891598724790091,0.1750063370771337,,,,,,,0.07134988785569414,,,"{""n_vecinos"": 300, ""ponderacion"": ""distance"", ""n_componentes"": 45}",0.2671139978655071,0.14177952936542065,0.03855824241758965
regresion,knn,ninguno,rejilla,2,42,0.6858958411839464,18,1224.8078348999843,68.04466007222072,6.491829100006726,26.73733830000856,196806,True,,0.6899486322453058,0.17537579716906668,,,,,,,0.07131646121892027,,,"{""n_vecinos"": 300, ""ponderacion"": ""distance"", ""n_componentes"": 45}",0.2670514205521481,0.14143734090860588,0.03900866729386898
regresion,knn,ninguno,rejilla,3,42,0.6891349020706709,18,1205.5632810000097,66.97551597222304,5.947003900015261,24.525074200006202,196807,True,,0.6863964335949382,0.1748848248950289,,,,,,,0.0714073664678999,,,"{""n_vecinos"": 300, ""ponderacion"": ""distance"", ""n_componentes"": 45}",0.26722156811885506,0.1416632936669713,0.03780155553084241
regresion,knn,ninguno,rejilla,4,42,0.6863767147059946,18,1265.1683762000175,70.286971294444,6.253445300011663,25.823529899993446,196807,True,,0.6889941128058696,0.17807597336869607,,,,,,,0.07130975448241303,,,"{""n_vecinos"": 300, ""ponderacion"": ""distance"", ""n_componentes"": 45}",0.2670388632435605,0.1417162761791932,0.039116855411551965
regresion,lasso,ninguno,aleatoria,0,42,0.7549876775641277,20,44.37660160000087,2.2187634250018164,1.65956910001114,0.031713499993202277,196806,True,,0.7526483471855497,0.22475891947693702,,,,,,,0.0689799438382078,,,"{""alpha"": 0.0001786198373141631}",0.263077079260822,0.14492411238903155,0.06739936053373907
regresion,lasso,ninguno,aleatoria,1,42,0.7528898793561364,20,47.34588789999543,2.367223224997724,1.7737948999856599,0.02984860001015477,196806,True,,0.7587874991177463,0.2353139781388896,,,,,,,0.06865536783970284,,,"{""alpha"": 0.0001786198373141631}",0.26246105663365293,0.14519692555858563,0.07176181178148533
regresion,lasso,ninguno,aleatoria,2,42,0.7547450652311012,20,45.144220200003474,2.2571414500016544,1.894353300012881,0.03193700000701938,196806,True,,0.7540075910546943,0.2303928528282627,,,,,,,0.06885895871174813,,,"{""alpha"": 0.0001786198373141631}",0.2628887853140349,0.14500884229253633,0.06873387597605851
regresion,lasso,ninguno,aleatoria,3,42,0.7542625993514522,20,46.545694600004936,2.327114469998196,1.85456599999452,0.02831280000100378,196807,True,,0.757369162460868,0.23010793225535087,,,,,,,0.06877176100500221,,,"{""alpha"": 0.0001786198373141631}",0.26281974579700607,0.14442504026922948,0.06924020375841344
regresion,lasso,ninguno,aleatoria,4,42,0.754860228412585,20,46.14106460000039,2.3069816449991776,1.7632808000053046,0.024068200000328943,196807,True,,0.7540684173458834,0.23025113171393813,,,,,,,0.06886894647527907,,,"{""alpha"": 0.0001786198373141631}",0.2629330237944406,0.1444647774226446,0.06843769687532086
regresion,lasso,ninguno,bayesiana,0,42,0.7549703017422491,20,46.51596099999733,2.254669729998568,1.592708500000299,0.03243089999887161,196806,True,,0.752738843583172,0.2247502496934446,,,,,,,0.06897963650258393,,,"{""alpha"": 0.0002042469853149196}",0.2630640619950568,0.14485582482109255,0.06749164991192902
regresion,lasso,ninguno,bayesiana,1,42,0.7529728347245097,20,45.137471399997594,2.182002990000183,1.6352295999968192,0.030017400000360794,196806,True,,0.7585140756464832,0.23486968385326468,,,,,,,0.06868902094972339,,,"{""alpha"": 0.00027136587239537553}",0.2625014020514693,0.14504032582400458,0.07147641297657703
regresion,lasso,ninguno,bayesiana,2,42,0.7547623993055023,20,49.731810700002825,2.4018389249999017,2.070453100008308,0.15705239999806508,196806,True,,0.7539587637450658,0.23043872205742036,,,,,,,0.06886490758912057,,,"{""alpha"": 0.00020416456211714575}",0.2628916804582429,0.14495581393538792,0.06871336414959961
regresion,lasso,ninguno,bayesiana,3,42,0.7542846092864289,20,49.8375939999969,2.4082579599984455,1.815546700003324,0.037873799999943,196807,True,,0.7573173894504005,0.22999907828261082,,,,,,,0.0687799517538677,,,"{""alpha"": 0.0002042469853149196}",0.2628178117842496,0.14436389587992057,0.06925390207997961
regresion,lasso,ninguno,bayesiana,4,42,0.7548921978072477,20,48.94300289999228,2.36989211500113,1.6924867999914568,0.02116859999659937,196807,True,,0.7540709472709729,0.2302279091780381,,,,,,,0.06887492411098531,,,"{""alpha"": 0.0002042469853149196}",0.2629348094675785,0.144408516488305,0.06842504368017976
regresion,lasso,ninguno,genetica,0,42,0.7549788182276099,20,44.92024740000488,2.245687875001022,1.6067507000116166,0.01946250000037253,196806,True,,0.7525750422090162,0.22476728933526552,,,,,,,0.06898382513445639,,,"{""alpha"": 0.00015955219310995254}",0.26309427756937404,0.14498004580239063,0.06727742153496807
regresion,lasso,ninguno,genetica,1,42,0.7529660815482195,20,42.00527059999877,2.1000518950000697,1.717509299996891,0.02521079999860376,196806,True,,0.7584631971668138,0.23479177065197365,,,,,,,0.06869506600857571,,,"{""alpha"": 0.0002884456630191365}",0.26250904942059866,0.1450137790297953,0.07142231142898992
regresion,lasso,ninguno,genetica,2,42,0.7547215295689534,20,48.931214700001874,2.446264964999864,2.0290413000038825,0.0393917000037618,196806,True,,0.7540303932747005,0.2303788534010002,,,,,,,0.06885461365156467,,,"{""alpha"": 0.00015955219310995254}",0.26288729154822466,0.14505277949672946,0.06874445907904247
regresion,lasso,ninguno,genetica,3,42,0.7542624986344088,20,46.55165720000514,2.327302385002258,1.7390341999998782,0.0194816000002902,196807,True,,0.7573696328209782,0.23010640584200642,,,,,,,0.06877171425826129,,,"{""alpha"": 0.00017845872975582117}",0.2628197595370308,0.1444254376047055,0.0692401064395235
regresion,lasso,ninguno,genetica,4,42,0.7549102885885944,20,46.02660939999623,2.301122020000912,1.6281880999886198,0.01783320000686217,196807,True,,0.7540331208552508,0.2300992056360235,,,,,,,0.06889492675907434,,,"{""alpha"": 0.0002884456630191365}",0.2629460977988446,0.1442491211677335,0.06834505311169958
regresion,lasso,ninguno,rejilla,0,42,0.7549373509802925,20,45.618550299986964,2.280889980000211,1.9171983999985969,0.16523600000073202,196806,True,,0.7528386579147108,0.22490927605074518,,,,,,,0.06897992162616698,,,"{""alpha"": 0.0002335721469090123}",0.26305335727706597,0.14478386717395594,0.06756754044395563
regresion,lasso,ninguno,rejilla,1,42,0.7529621656348526,20,47.096425399999134,2.3547867849993054,1.861727700001211,0.1444088999996893,196806,True,,0.7586094480955455,0.23506552720312524,,,,,,,0.06867593433282368,,,"{""alpha"": 0.0002335721469090123}",0.2624857665660701,0.14510239868976677,0.07158702179242193
regresion,lasso,ninguno,rejilla,2,42,0.7547633756746267,20,46.387445699991076,2.3193346199994265,1.901859899997362,0.19678689999273047,196806,True,,0.7538894776145821,0.230457349160538,,,,,,,0.06887290689383925,,,"{""alpha"": 0.0002335721469090123}",0.26289742591778037,0.14489870831690776,0.06867265743614415
regresion,lasso,ninguno,rejilla,3,42,0.7542927910670655,20,47.83854199999769,2.3918889749984373,2.7067955000093207,0.19707300000300165,196807,True,,0.7573104815581319,0.22984357260704005,,,,,,,0.06878793487809903,,,"{""alpha"": 0.0002335721469090123}",0.2628148462671168,0.1443001927464897,0.06927490619616794
regresion,lasso,ninguno,rejilla,4,42,0.754919187234825,20,47.50622840000142,2.375271309998061,1.9324765000055777,0.14601019999827258,196807,True,,0.7540564663026114,0.23020233111436506,,,,,,,0.06888214185841231,,,"{""alpha"": 0.0002335721469090123}",0.26293857566303636,0.14434893249636155,0.06839835631608748
regresion,random_forest,ninguno,aleatoria,0,42,0.7462429963179726,20,1591.335569200004,79.56347428000008,84.89993810000306,1.2876027000020258,196806,True,,0.7432935116899436,0.22001275789878405,,,,,,,0.06946412086419594,,,"{""n_estimators"": 249, ""max_depth"": 16, ""min_samples_leaf"": 72, ""max_features"": 0.12372871768976328, ""max_samples"": 0.48782232451032315}",0.26356046908479264,0.14088588060491572,0.06396900598268251
regresion,random_forest,ninguno,aleatoria,1,42,0.7443721493987577,20,1571.2797468000208,78.56115367000021,83.81979769997997,0.9421517999726348,196806,True,,0.7537594022628886,0.22849979294893313,,,,,,,0.06913661453023003,,,"{""n_estimators"": 249, ""max_depth"": 16, ""min_samples_leaf"": 72, ""max_features"": 0.12372871768976328, ""max_samples"": 0.48782232451032315}",0.2629384234573373,0.1411119705792714,0.06838216309912248
regresion,random_forest,ninguno,aleatoria,2,42,0.7454510273661726,20,1606.270489699993,80.31069480499718,89.4112640999956,1.1724739000201225,196806,True,,0.7454237589280168,0.2250558102039803,,,,,,,0.06932354024721453,,,"{""n_estimators"": 249, ""max_depth"": 16, ""min_samples_leaf"": 72, ""max_features"": 0.12372871768976328, ""max_samples"": 0.48782232451032315}",0.263293638827858,0.14103350267176146,0.06586333377400277
regresion,random_forest,ninguno,aleatoria,3,42,0.7450145646684344,20,1607.399604700011,80.36819142500026,87.00290760002099,1.1225158000015654,196807,True,,0.7486287054551998,0.2219558148240539,,,,,,,0.06932751970463741,,,"{""n_estimators"": 249, ""max_depth"": 16, ""min_samples_leaf"": 72, ""max_features"": 0.12372871768976328, ""max_samples"": 0.48782232451032315}",0.2633011957903674,0.14078005182356862,0.06582702992282974
regresion,random_forest,ninguno,aleatoria,4,42,0.7457562121382679,20,1825.1512248000072,91.24684567500371,87.07691000000341,1.23418679999304,196807,True,,0.7464816395793793,0.22532500171555533,,,,,,,0.06933650145425493,,,"{""n_estimators"": 249, ""max_depth"": 16, ""min_samples_leaf"": 72, ""max_features"": 0.12372871768976328, ""max_samples"": 0.48782232451032315}",0.263318251274489,0.14071913482673368,0.0657060028364369
regresion,random_forest,ninguno,bayesiana,0,42,0.7478783097107738,20,2115.778276600002,105.26654390999974,95.77436650000163,0.9526401000039186,196806,True,,0.7435840764858765,0.22305677094878712,,,,,,,0.06922992939344685,,,"{""n_estimators"": 172, ""max_depth"": 16, ""min_samples_leaf"": 41, ""max_features"": 0.12999173795857155, ""max_samples"": 0.6808731477904317}",0.26311580985080857,0.1402648237693738,0.06712474267708624
regresion,random_forest,ninguno,bayesiana,1,42,0.7448089329014173,20,1751.7361748999974,87.10370323500247,59.27747840000666,0.8658054000115953,196806,True,,0.7525749809800596,0.22829663734991995,,,,,,,0.06900989606218938,,,"{""n_estimators"": 117, ""max_depth"": 15, ""min_samples_leaf"": 35, ""max_features"": 0.11444802006058827, ""max_samples"": 0.5491740467019959}",0.2626973468883715,0.14088309701268792,0.07008969804125942
regresion,random_forest,ninguno,bayesiana,2,42,0.7461442118717535,20,2077.9391748000053,103.62214960500133,85.19597139998223,0.9980493999901228,196806,True,,0.7463761530804065,0.22669956420371024,,,,,,,0.06921555482006678,,,"{""n_estimators"": 196, ""max_depth"": 16, ""min_samples_leaf"": 60, ""max_features"": 0.1169586064365678, ""max_samples"": 0.5822274218015773}",0.263088492374841,0.14083751791643784,0.0673184404600875
regresion,random_forest,ninguno,bayesiana,3,42,0.7459401921218012,20,2237.088701200002,111.25045230499526,87.26258559999405,1.0748953000002075,196807,True,,0.7492518769372296,0.22282706477350017,,,,,,,0.06908147251029612,,,"{""n_estimators"": 132, ""max_depth"": 16, ""min_samples_leaf"": 31, ""max_features"": 0.11237492971222082, ""max_samples"": 0.6916180345889867}",0.2628335452530672,0.14012717755671883,0.06914246136039193
regresion,random_forest,ninguno,bayesiana,4,42,0.7463210836670534,20,1979.4915884000075,98.04146391499962,84.19391559998621,0.9854340000019874,196807,True,,0.7459850701132696,0.22424694960878203,,,,,,,0.06920300037938204,,,"{""n_estimators"": 187, ""max_depth"": 16, ""min_samples_leaf"": 81, ""max_features"": 0.16964855606055224, ""max_samples"": 0.6802251680301226}",0.2630646315630097,0.1401890431232662,0.0675049002462077
regresion,random_forest,ninguno,genetica,0,42,0.745146421594948,20,2378.484028000006,118.91812096000213,67.45915160002187,0.9992701000010129,196806,True,,0.7398911939178939,0.2222818924959258,,,,,,,0.0692882415895847,,,"{""n_estimators"": 264, ""max_depth"": 11, ""min_samples_leaf"": 20, ""max_features"": 0.17999104399338145, ""max_samples"": 0.5766674597046076}",0.26322659742052035,0.14053402050892289,0.06633898418428175
regresion,random_forest,ninguno,genetica,1,42,0.7428954409341829,20,2537.86137530001,126.88599573000246,73.89341889999923,0.9762314000108745,196806,True,,0.751246805240041,0.22911728917640845,,,,,,,0.068906326688426,,,"{""n_estimators"": 298, ""max_depth"": 11, ""min_samples_leaf"": 20, ""max_features"": 0.1975002754880372, ""max_samples"": 0.5766674597046076}",0.26250014607315175,0.14060268795804387,0.07148529828304506
regresion,random_forest,ninguno,genetica,2,42,0.7436136128704334,20,2148.120444400003,107.39722548999707,62.038381799997296,1.039755800011335,196806,True,,0.7409000578669301,0.2216207300883698,,,,,,,0.06911125553221598,,,"{""n_estimators"": 182, ""max_depth"": 12, ""min_samples_leaf"": 26, ""max_features"": 0.2517367281579229, ""max_samples"": 0.5526657596488259}",0.2628901967213992,0.14005329318236776,0.06872387631485266
regresion,random_forest,ninguno,genetica,3,42,0.7436511711266949,20,2456.9618472,122.84224564500182,68.41922880001948,1.3833546999958344,196807,True,,0.7473680679969052,0.22329809937832085,,,,,,,0.06910647430481776,,,"{""n_estimators"": 263, ""max_depth"": 11, ""min_samples_leaf"": 20, ""max_features"": 0.1807449181496407, ""max_samples"": 0.6363605059345714}",0.26288110298159084,0.14016972818034046,0.06880556771779445
regresion,random_forest,ninguno,genetica,4,42,0.7452032250222271,20,2723.416570900008,136.13004468500003,67.63766710000345,1.1934332000091672,196807,True,,0.7440943978118113,0.22544150997933204,,,,,,,0.06915533777723322,,,"{""n_estimators"": 266, ""max_depth"": 11, ""min_samples_leaf"": 20, ""max_features"": 0.18202750678287205, ""max_samples"": 0.5766674597046076}",0.26297402490974886,0.1403119066862152,0.06814714325159221
regresion,random_forest,ninguno,rejilla,0,42,0.7452892104914149,16,1571.8174260000087,98.23799121249976,171.86953060000087,1.1218311999982689,196806,True,,0.742722354068575,0.22492638204633575,,,,,,,0.06896534215498086,,,"{""n_estimators"": 300, ""max_depth"": 16, ""min_samples_leaf"": 20, ""max_features"": 0.3, ""max_samples"": 0.5}",0.2626125323646624,0.13944249764676295,0.07069006320147342
regresion,random_forest,ninguno,rejilla,1,42,0.7427212767211825,16,1540.0141231000016,96.25028805625152,174.10672189999605,1.015549200004898,196806,True,,0.7514069996720355,0.22977249548242162,,,,,,,0.06862438576590363,,,"{""n_estimators"": 300, ""max_depth"": 16, ""min_samples_leaf"": 20, ""max_features"": 0.3, ""max_samples"": 0.5}",0.2619625655812365,0.13978589607686534,0.07528446019108537
regresion,random_forest,ninguno,rejilla,2,42,0.7436116961393836,16,1580.9079736999993,98.80597576874789,173.0569850000029,1.0899853000009898,196806,True,,0.7427139824003488,0.22331313519842333,,,,,,,0.06892472268030213,,,"{""n_estimators"": 300, ""max_depth"": 16, ""min_samples_leaf"": 20, ""max_features"": 0.3, ""max_samples"": 0.5}",0.2625351836998274,0.13960088921546474,0.07123741177203002
regresion,random_forest,ninguno,rejilla,3,42,0.7432868917492992,16,1572.3529619999754,98.27144021250388,176.52051299999584,1.1117192000092473,196807,True,,0.7493068979373335,0.22391812037519537,,,,,,,0.06878990316647296,,,"{""n_estimators"": 300, ""max_depth"": 16, ""min_samples_leaf"": 20, ""max_features"": 0.3, ""max_samples"": 0.5}",0.26227829335740493,0.13918467964939546,0.07307129367782017
regresion,random_forest,ninguno,rejilla,4,42,0.7452637987182887,16,1564.6334802999918,97.78868548124956,180.94518690000405,1.2239279999921564,196807,True,,0.7452922296710194,0.22642990363346457,,,,,,,0.06886293718063831,,,"{""n_estimators"": 300, ""max_depth"": 16, ""min_samples_leaf"": 20, ""max_features"": 0.3, ""max_samples"": 0.5}",0.26241748642313895,0.13918413679128894,0.07208717651597485
regresion,ridge,ninguno,aleatoria,0,42,0.7541849680301159,20,157.43793819998973,7.871176815000217,1.5474026999872876,0.14860380000027362,196806,True,,0.7520575322860287,0.22372793967026722,,,,,,,0.06901382445380426,,,"{""alpha"": 3180.1685396825515}",0.2631972984694786,0.14525890230130353,0.06654681854633449
regresion,ridge,ninguno,aleatoria,1,42,0.7521818384889297,20,109.66795419999107,5.483173839999654,1.4809300000051735,0.29287659999681637,196806,True,,0.7582941440180757,0.23387348229712712,,,,,,,0.06871449401241897,,,"{""alpha"": 10237.300214025769}",0.26255485504801673,0.14519512691563788,0.07109822511923625
regresion,ridge,ninguno,aleatoria,2,42,0.7541759657084887,20,115.87393000000156,5.793605030001345,1.4623658000055002,0.03222650001407601,196806,True,,0.753674218868805,0.22889352675277688,,,,,,,0.06888808526865856,,,"{""alpha"": 6214.671881262427}",0.2629620057005702,0.14513046526810083,0.06821504698623171
regresion,ridge,ninguno,aleatoria,3,42,0.7537186779228898,20,112.80285130000266,5.639947715000017,1.4921853999985615,0.29814169999735896,196807,True,,0.7565232100615784,0.22931631117140402,,,,,,,0.06880893949917079,,,"{""alpha"": 6214.671881262427}",0.2629317544240198,0.14458561380203208,0.06844669152164817
regresion,ridge,ninguno,aleatoria,4,42,0.7542356055680436,20,106.10126839998702,5.3049003849992005,1.3526771000033477,0.12420400000701193,196807,True,,0.7535227578701711,0.22886596796518638,,,,,,,0.06889830554277492,,,"{""alpha"": 5745.545826004829}",0.2630027297535973,0.14464974146545975,0.06794369996000371
regresion,ridge,ninguno,bayesiana,0,42,0.7541865100775572,20,73.11086339999747,3.580755219999992,0.9808298000134528,0.03660930000478402,196806,True,,0.7521100055017,0.2237134049588845,,,,,,,0.06901453865511875,,,"{""alpha"": 3950.082233857928}",0.26318967523033243,0.1452114841597947,0.06660089078660758
regresion,ridge,ninguno,bayesiana,1,42,0.7521339650912271,20,72.45754950000264,3.5449162499971862,1.2912759999890113,0.1489949999959208,196806,True,,0.7585096226314691,0.23454939719722057,,,,,,,0.06867067356473927,,,"{""alpha"": 4185.893092429459}",0.26250661620065907,0.14543027007575807,0.07143952548908328
regresion,ridge,ninguno,bayesiana,2,42,0.7541385056971445,20,72.2085575999954,3.534193634999974,1.3139038999943295,0.15252329999930225,196806,True,,0.7537080979636585,0.22906996254363218,,,,,,,0.06887529345753172,,,"{""alpha"": 4185.893092429459}",0.26295482996541547,0.14523732966882458,0.06826589958601126
regresion,ridge,ninguno,bayesiana,3,42,0.7536946391699458,20,70.17903240000305,3.4354786349998903,1.2151576000032946,0.025081400002818555,196807,True,,0.7566166085501961,0.22944852332468807,,,,,,,0.06879438493230605,,,"{""alpha"": 4185.893092429459}",0.2629327886206754,0.14468503727767237,0.06843936329906097
regresion,ridge,ninguno,bayesiana,4,42,0.754224681428572,20,71.55136259998835,3.4938274200016166,0.8393109000026016,0.04444470000453293,196807,True,,0.7534877257831507,0.2290126796682301,,,,,,,0.06888915707768493,,,"{""alpha"": 4185.893092429459}",0.2629988165962756,0.14472050541937165,0.06797143545768924
regresion,ridge,ninguno,genetica,0,42,0.7541843188568444,20,50.50054100000125,2.524516975001461,1.2547628000029363,0.02471959999820683,196806,True,,0.7520448300607012,0.22367894198077554,,,,,,,0.06901378576625222,,,"{""alpha"": 3035.256655344021}",0.26319902544162943,0.1452682759969564,0.06653456877822028
regresion,ridge,ninguno,genetica,1,42,0.7521818384889297,20,51.078774699999485,2.553633374999481,0.920152999999118,0.04238749999785796,196806,True,,0.7582941440180757,0.23387348229712712,,,,,,,0.06871449401241897,,,"{""alpha"": 10237.300214025769}",0.26255485504801673,0.14519512691563788,0.07109822511923625
regresion,ridge,ninguno,genetica,2,42,0.7541830419058838,20,44.79932469999767,2.2396972350019495,0.8314482999994652,0.040181000003940426,196806,True,,0.7536650651398169,0.22881372723902507,,,,,,,0.06889713197848683,,,"{""alpha"": 7809.878176431089}",0.2629671622642286,0.14505527849334474,0.0681785028815165
regresion,ridge,ninguno,genetica,3,42,0.7537204976757256,20,49.70311669999501,2.4848556849996384,1.2349304999952437,0.030162199996993877,196807,True,,0.756457813307092,0.22927965708385994,,,,,,,0.06881974789744467,,,"{""alpha"": 7809.878176431089}",0.2629322027539348,0.14451621399853135,0.06844351470055532
regresion,ridge,ninguno,genetica,4,42,0.7542300906824092,20,48.69722699999693,2.43462799500121,0.8329791999858571,0.026652100001228973,196807,True,,0.753550573130176,0.22878240234995847,,,,,,,0.06891012050943729,,,"{""alpha"": 7809.878176431089}",0.263009111199568,0.14456511397010954,0.0678984689535812
regresion,ridge,ninguno,rejilla,0,42,0.7541856093757353,20,145.23803300000145,7.261860810001235,1.513391500004218,0.15572789999714587,196806,True,,0.7520723162958752,0.22372421026191347,,,,,,,0.06901392187667636,,,"{""alpha"": 3359.8182862837853}",0.2631952993913559,0.1452475058401014,0.06656099831761486
regresion,ridge,ninguno,rejilla,1,42,0.7521814095336009,20,129.6060809999908,6.480267205002019,1.482285200007027,0.15152780000062194,196806,True,,0.7583903987207379,0.23406443657124287,,,,,,,0.06869792721500037,,,"{""alpha"": 7847.599703514601}",0.2625360059599371,0.1452806343305819,0.0712315939946726
regresion,ridge,ninguno,rejilla,2,42,0.754183017379241,20,124.94530209999357,6.247230429999763,1.780786800009082,0.1933800999977393,196806,True,,0.753663926837854,0.22880881162228703,,,,,,,0.06889733810803889,,,"{""alpha"": 7847.599703514601}",0.2629672795915813,0.14505357774636507,0.06817767138474029
regresion,ridge,ninguno,rejilla,3,42,0.7537201621342279,20,131.90942579999682,6.595418090000749,1.4485686999978498,0.16315429999667685,196807,True,,0.7564565386033616,0.229278136170067,,,,,,,0.06881999826301098,,,"{""alpha"": 7847.599703514601}",0.2629322228868098,0.14451464979039255,0.06844337204088269
regresion,ridge,ninguno,rejilla,4,42,0.7542300129279491,20,129.67123599999468,6.483510910000769,1.4384429999918211,0.15944910001417156,196807,True,,0.7535506955907965,0.22878014476885644,,,,,,,0.06891033221525804,,,"{""alpha"": 7847.599703514601}",0.26300923499109136,0.14456364901281743,0.06789759152165464
regresion,svr,ninguno,aleatoria,0,42,0.6549143098170128,20,6621.2214262,331.0603881400002,6.398858500000642,1.2367391000007046,196806,True,,0.651626497131479,0.13188023341587243,,,,,,,0.08963254403143257,,,"{""C"": 0.0005908094868664636, ""epsilon"": 0.20491468597273638, ""nucleo"": ""rbf_nystroem"", ""gamma"": 0.008610323423725237}",0.29938694699574425,0.2525557465420181,-0.20780106682796884
regresion,svr,ninguno,aleatoria,1,42,0.6532185659071933,20,6265.278471399997,313.26363070000025,6.618548299993563,1.2550919999994221,196806,True,,0.6492980239300574,0.13640385162537144,,,,,,,0.08963213593878447,,,"{""C"": 0.0005908094868664636, ""epsilon"": 0.20491468597273638, ""nucleo"": ""rbf_nystroem"", ""gamma"": 0.008610323423725237}",0.2993862654478065,0.2525544677853929,-0.20779556776798924
regresion,svr,ninguno,aleatoria,2,42,0.6495160030228847,20,8169.974286000004,408.4965214450014,8.794432599992433,1.4489004999995814,196806,True,,0.6442060040446735,0.13226667089382343,,,,,,,0.08962904762449711,,,"{""C"": 0.0005908094868664636, ""epsilon"": 0.20491468597273638, ""nucleo"": ""rbf_nystroem"", ""gamma"": 0.008610323423725237}",0.2993811076612837,0.25254398559645796,-0.2077539526455885
regresion,svr,ninguno,aleatoria,3,42,0.6437134993759746,20,7769.6109070999955,388.4788962950006,8.598123099989607,1.5383635999896796,196807,True,,0.64781344224402,0.1314316979677842,,,,,,,0.08963344470370631,,,"{""C"": 0.0005908094868664636, ""epsilon"": 0.20491468597273638, ""nucleo"": ""rbf_nystroem"", ""gamma"": 0.008610323423725237}",0.29938845118625784,0.252556579302313,-0.20779081112154807
regresion,svr,ninguno,aleatoria,4,42,0.651551580107918,20,8564.810851899994,428.23914696000213,8.200574200003757,1.4912023000069894,196807,True,,0.6379120780393885,0.13434472457257546,,,,,,,0.0896329243003016,,,"{""C"": 0.0005908094868664636, ""epsilon"": 0.20491468597273638, ""nucleo"": ""rbf_nystroem"", ""gamma"": 0.008610323423725237}",0.2993875820743098,0.25255481307629785,-0.20778379880095343
regresion,svr,ninguno,bayesiana,0,42,0.6266875191349561,20,4346.6379615000005,217.26299168499972,7.137303500003327,1.1150764000012714,196806,True,,0.6221631232912946,0.12254775906558206,,,,,,,0.08045205324328057,,,"{""C"": 0.003243947849958616, ""epsilon"": 0.0017202045855395191, ""nucleo"": ""rbf_nystroem"", ""gamma"": 0.00018379190935018886}",0.28364071154064,0.08217481079657593,-0.0840936937108352
regresion,svr,ninguno,bayesiana,1,42,0.6575022625462775,20,1523.1645282000027,76.09391777500022,5.728628900003969,0.9301716000045417,196806,True,,0.6484470137969991,0.13531030180780862,,,,,,,0.09364162793919001,,,"{""C"": 0.0002568400092920403, ""epsilon"": 0.2201232337285669, ""nucleo"": ""rbf_nystroem"", ""gamma"": 0.008717941746928599}",0.306009195840893,0.2653097451675135,-0.261823585915391
regresion,svr,ninguno,bayesiana,2,42,0.6458894659475679,20,7063.436264899996,353.0030321899998,45.88316830000258,1.3925737000026857,196806,True,,0.6178758216647642,0.11226433606012722,,,,,,,0.08056826828436559,,,"{""C"": 0.10923737274798294, ""epsilon"": 0.0009910218978167462, ""nucleo"": ""rbf_nystroem"", ""gamma"": 0.0009411059608145755}",0.28384550072947357,0.08155139752755601,-0.08565969467756807
regresion,svr,ninguno,bayesiana,3,42,0.6459954793492771,20,1874.5137843999983,93.55236082000047,8.479464599993662,1.4523237999965204,196807,True,,0.6482678156768164,0.13342699012797446,,,,,,,0.1043450993347548,,,"{""C"": 0.00019616406840476192, ""epsilon"": 0.25431691356918573, ""nucleo"": ""rbf_nystroem"", ""gamma"": 0.00672924487135306}",0.32302492060947063,0.2939850981122092,-0.4060270982408294
regresion,svr,ninguno,bayesiana,4,42,0.6402640841243002,20,5225.534621499988,261.04124050999815,40.31173789998866,1.17144879999978,196807,True,,0.6062321000146128,0.10989002336504056,,,,,,,0.08057105577632954,,,"{""C"": 0.10923737274798294, ""epsilon"": 0.0009910218978167462, ""nucleo"": ""rbf_nystroem"", ""gamma"": 0.0009411059608145755}",0.2838504109144983,0.08155662625686272,-0.08567712789229343
regresion,svr,ninguno,genetica,0,42,0.6589375736905595,20,1831.7874617999987,91.58769545000014,5.775472999997874,1.173807899998792,196806,True,,0.6493698482790989,0.13292996026346054,,,,,,,0.07964975799805914,,,"{""C"": 0.00012653015645566315, ""epsilon"": 0.1544786926135221, ""nucleo"": ""rbf_nystroem"", ""gamma"": 0.006129589915443121}",0.2822228870911414,0.2102627215680881,-0.07328274258186096
regresion,svr,ninguno,genetica,1,42,0.6519270330745891,20,1645.1449887999988,82.2562419599999,6.534391900000628,1.3747517999945558,196806,True,,0.6593293085870384,0.14083014200454363,,,,,,,0.0808359119623988,,,"{""C"": 0.00011945989194074073, ""epsilon"": 0.16212327634971452, ""nucleo"": ""rbf_nystroem"", ""gamma"": 0.006129589915443121}",0.2843165699750874,0.21667405705367224,-0.08926620081160008
regresion,svr,ninguno,genetica,2,42,0.6552752574617019,20,2012.2882383000033,100.61246716000024,8.819438399994397,1.8230679999978747,196806,True,,0.6447341455410067,0.13661177680845724,,,,,,,0.07965014113993721,,,"{""C"": 0.00012653015645566315, ""epsilon"": 0.1544786926135221, ""nucleo"": ""rbf_nystroem"", ""gamma"": 0.006129589915443121}",0.2822235658833918,0.21026498694316922,-0.07328790542950836
regresion,svr,ninguno,genetica,3,42,0.6542590232799932,20,2138.196902099997,106.90818937500225,7.4407404999947175,1.5151181999972323,196807,True,,0.6514248198554177,0.13845007730705233,,,,,,,0.08083684577721764,,,"{""C"": 0.0001282754192768117, ""epsilon"": 0.16212327634971452, ""nucleo"": ""rbf_nystroem"", ""gamma"": 0.0038929627665823473}",0.2843182121799756,0.2166742645345546,-0.0892585892745017
regresion,svr,ninguno,genetica,4,42,0.6631583255384533,20,2292.5630032000045,114.62611472999997,7.432346600005985,1.3224965999979759,196807,True,,0.6556917458669596,0.14021462453704014,,,,,,,0.07965067921776776,,,"{""C"": 0.00012653015645566315, ""epsilon"": 0.1544786926135221, ""nucleo"": ""rbf_nystroem"", ""gamma"": 0.006129589915443121}",0.28222451916473834,0.21026281723430648,-0.07327525765426812
regresion,svr,ninguno,rejilla,0,42,0.6489052624790808,12,4529.350965,377.4453803749998,6.885729899997386,1.3396050999999716,196806,True,,0.6608111161281747,0.13607447927444966,,,,,,,0.12228997695787162,,,"{""C"": 0.00010000000000000009, ""epsilon"": 0.3, ""nucleo"": ""rbf_nystroem"", ""gamma"": 0.010000000000000004}",0.34969983837267016,0.33228890369752434,-0.6478608994997235
regresion,svr,ninguno,rejilla,1,42,0.6510661134675058,12,3860.8654152000017,321.73853209999953,6.405956499998865,1.1974380999999994,196806,True,,0.6557977615361478,0.1401492029795714,,,,,,,0.12229065194885641,,,"{""C"": 0.00010000000000000009, ""epsilon"": 0.3, ""nucleo"": ""rbf_nystroem"", ""gamma"": 0.010000000000000004}",0.3497008034718485,0.3322901701077919,-0.6478699950223414
regresion,svr,ninguno,rejilla,2,42,0.6463164090479943,12,3974.595062200002,331.2157973000006,7.184606700000586,1.345801899995422,196806,True,,0.6555251451738557,0.1373176108156089,,,,,,,0.12229338021930129,,,"{""C"": 0.00010000000000000009, ""epsilon"": 0.3, ""nucleo"": ""rbf_nystroem"", ""gamma"": 0.010000000000000004}",0.3497047043139416,0.3322954040109647,-0.6479067585437781
regresion,svr,ninguno,rejilla,3,42,0.6493405864952794,12,9380.587410999993,781.7146960083337,8.891652899998007,1.6424317999917548,196807,True,,0.663269645238485,0.1376251991512138,,,,,,,0.12229205713324465,,,"{""C"": 0.00010000000000000009, ""epsilon"": 0.3, ""nucleo"": ""rbf_nystroem"", ""gamma"": 0.010000000000000004}",0.3497028125898398,0.33229226864864997,-0.6478583788331944
regresion,svr,ninguno,rejilla,4,42,0.6476500660276842,12,5283.390610400005,440.2818829666673,8.2003423999995,1.6512290999962715,196807,True,,0.6607933217191682,0.13923886154060233,,,,,,,0.12229055147199877,,,"{""C"": 0.00010000000000000009, ""epsilon"": 0.3, ""nucleo"": ""rbf_nystroem"", ""gamma"": 0.010000000000000004}",0.3497006598106426,0.3322893919723189,-0.6478380903814516
regresion,xgboost,ninguno,aleatoria,0,42,0.766849867329857,20,1129.7994944000093,56.48985252500133,75.09782070000074,1.1987959999969462,177125,True,,0.7681889214998022,0.25154508256678065,,,,,,,0.06745012804116683,,,"{""learning_rate"": 0.014938569990761468, ""max_depth"": 10, ""min_child_weight"": 65.63891315430028, ""subsample"": 0.8498535669053748, ""colsample_bytree"": 0.4126959691676157, ""reg_lambda"": 70.12645524834282, ""reg_alpha"": 1.3031776284459848}",0.25974506838794037,0.13564290144282357,0.09087352118253111
regresion,xgboost,ninguno,aleatoria,1,42,0.765497559563547,20,1150.8010429999995,57.53991877499793,48.96848009999667,0.9787504999985686,177125,True,,0.7726074673944674,0.25412884850642925,,,,,,,0.06727446886691496,,,"{""learning_rate"": 0.01904899955529972, ""max_depth"": 4, ""min_child_weight"": 8.941489120323661, ""subsample"": 0.6134546745254421, ""colsample_bytree"": 0.7358511957460083, ""reg_lambda"": 0.1533767723833326, ""reg_alpha"": 2.141473893047778}",0.2594779048302947,0.13808354434418058,0.09274274283683426
regresion,xgboost,ninguno,aleatoria,2,42,0.7652165145029568,20,1088.3784593000019,54.41880345000027,38.12249769999471,0.9042272999940906,177125,True,,0.7695209323990018,0.25122363514395357,,,,,,,0.06748133752625478,,,"{""learning_rate"": 0.01904899955529972, ""max_depth"": 4, ""min_child_weight"": 8.941489120323661, ""subsample"": 0.6134546745254421, ""colsample_bytree"": 0.7358511957460083, ""reg_lambda"": 0.1533767723833326, ""reg_alpha"": 2.141473893047778}",0.2598661892751074,0.13791972791320942,0.0900254598133935
regresion,xgboost,ninguno,aleatoria,3,42,0.7659265079380496,20,1224.8712260999891,61.24154266500045,86.13859369998681,1.4223666999896523,177126,True,,0.7703603055298963,0.25636807931835626,,,,,,,0.06715079865200214,,,"{""learning_rate"": 0.014938569990761468, ""max_depth"": 10, ""min_child_weight"": 65.63891315430028, ""subsample"": 0.8498535669053748, ""colsample_bytree"": 0.4126959691676157, ""reg_lambda"": 70.12645524834282, ""reg_alpha"": 1.3031776284459848}",0.25918850758226564,0.13572597222234262,0.09478213573138372
regresion,xgboost,ninguno,aleatoria,4,42,0.7679549655342089,20,1258.7471912000037,62.93420672000066,38.66280220000772,1.4509205000067595,177126,True,,0.7652250808390386,0.24989014997324321,,,,,,,0.0676126017990903,,,"{""learning_rate"": 0.01904899955529972, ""max_depth"": 4, ""min_child_weight"": 8.941489120323661, ""subsample"": 0.6134546745254421, ""colsample_bytree"": 0.7358511957460083, ""reg_lambda"": 0.1533767723833326, ""reg_alpha"": 2.141473893047778}",0.260132011159495,0.13778338467644005,0.08817975343803164
regresion,xgboost,ninguno,bayesiana,0,42,0.7682714519036166,20,1423.7544396000012,71.11694844999947,61.42813820000447,1.084518499992555,177125,True,,0.7677296792782732,0.2528952712012564,,,,,,,0.06746873197707448,,,"{""learning_rate"": 0.012800725986907256, ""max_depth"": 7, ""min_child_weight"": 1.5511303472547333, ""subsample"": 0.6355638643672092, ""colsample_bytree"": 0.652001208963541, ""reg_lambda"": 67.47435703712043, ""reg_alpha"": 3.009601246760445}",0.2597826116041949,0.13599201122570725,0.09061069425863577
regresion,xgboost,ninguno,bayesiana,1,42,0.7663604987048429,20,1660.957658600004,82.97548030999823,66.76348970000981,1.253325700003188,177125,True,,0.7729565615064906,0.25559755157588615,,,,,,,0.06718327765509943,,,"{""learning_rate"": 0.011062829790010631, ""max_depth"": 6, ""min_child_weight"": 3.9163370968971836, ""subsample"": 0.579131965612423, ""colsample_bytree"": 0.37169476418838504, ""reg_lambda"": 3.8410091586115938, ""reg_alpha"": 2.3680739299249334}",0.25926125453320314,0.13721616921500374,0.09425713379710987
regresion,xgboost,ninguno,bayesiana,2,42,0.7670097403377051,20,1448.5624444999994,72.35655491499855,57.171664000008604,1.0644234999926994,177125,True,,0.7709653206983484,0.2537360160225665,,,,,,,0.06736655207152474,,,"{""learning_rate"": 0.011794296130668612, ""max_depth"": 6, ""min_child_weight"": 11.114412285490097, ""subsample"": 0.5629916556297949, ""colsample_bytree"": 0.6248193681021285, ""reg_lambda"": 71.1517366642359, ""reg_alpha"": 2.5277086001826907}",0.25960923470816194,0.13686551257834995,0.0918241279156824
regresion,xgboost,ninguno,bayesiana,3,42,0.7672383592123948,20,1702.8696720000007,84.88371799000015,61.250225600000704,1.3777089000068372,177126,True,,0.7709969003658388,0.2561968827947356,,,,,,,0.06722065316653929,,,"{""learning_rate"": 0.011043711465899685, ""max_depth"": 5, ""min_child_weight"": 1.8053673807405934, ""subsample"": 0.6231112337968627, ""colsample_bytree"": 0.6111749762120748, ""reg_lambda"": 67.23866895392536, ""reg_alpha"": 2.0636818674936332}",0.25934590023827053,0.13682690208756168,0.0936824117950642
regresion,xgboost,ninguno,bayesiana,4,42,0.7688378731793946,20,1938.2376652999956,96.5615180350018,79.42462930000329,1.873457800000324,177126,True,,0.764936816888219,0.2512972956875136,,,,,,,0.06750428848795702,,,"{""learning_rate"": 0.010398579970764554, ""max_depth"": 7, ""min_child_weight"": 7.121930480786499, ""subsample"": 0.8407215382466687, ""colsample_bytree"": 0.5181072376578446, ""reg_lambda"": 28.08045571461077, ""reg_alpha"": 0.3574108855031719}",0.2598862647591855,0.13633119705057065,0.08990173067491325
regresion,xgboost,ninguno,genetica,0,42,0.7656472357500747,20,1351.261473999999,67.56285474999822,51.41412529999798,1.0930624000029638,177125,True,,0.7671824065161859,0.249984014768905,,,,,,,0.06755286962730073,,,"{""learning_rate"": 0.01300981542281645, ""max_depth"": 6, ""min_child_weight"": 74.49489845319131, ""subsample"": 0.9837548662171051, ""colsample_bytree"": 0.4606602865105216, ""reg_lambda"": 0.2880495187343095, ""reg_alpha"": 0.07554804756926677}",0.2599635691270187,0.13683814831233418,0.08934334114873455
regresion,xgboost,ninguno,genetica,1,42,0.7647199199114726,20,1450.3670437999972,72.51813831999971,53.47839010000462,1.1176795000064885,177125,True,,0.7716553877362629,0.25121390881420713,,,,,,,0.06735164306476724,,,"{""learning_rate"": 0.01300981542281645, ""max_depth"": 6, ""min_child_weight"": 74.49489845319131, ""subsample"": 0.9837548662171051, ""colsample_bytree"": 0.4606602865105216, ""reg_lambda"": 0.2880495187343095, ""reg_alpha"": 0.07554804756926677}",0.2595819044724176,0.13765034773131668,0.0920153333958561
regresion,xgboost,ninguno,genetica,2,42,0.7646740430868698,20,1401.3933334999892,70.06790652500058,38.18599310000718,1.0882962000032421,177125,True,,0.7686262938513436,0.25035422550360686,,,,,,,0.06749282667763191,,,"{""learning_rate"": 0.017945702327634976, ""max_depth"": 7, ""min_child_weight"": 86.5857825344593, ""subsample"": 0.8172306802133182, ""colsample_bytree"": 0.42720224762695036, ""reg_lambda"": 0.505901655247724, ""reg_alpha"": 0.07554804756926677}",0.2598409828493529,0.13697749349312455,0.09020198214838027
regresion,xgboost,ninguno,genetica,3,42,0.7653860011320271,20,1512.1239688999922,75.60109487500085,41.789178400009405,1.1295979999995325,177126,True,,0.7690195203787498,0.25480644907408545,,,,,,,0.0672912855987919,,,"{""learning_rate"": 0.01690068425265491, ""max_depth"": 7, ""min_child_weight"": 30.86912446280765, ""subsample"": 0.8172306802133182, ""colsample_bytree"": 0.3415261884251584, ""reg_lambda"": 0.505901655247724, ""reg_alpha"": 0.07554804756926677}",0.2594635183355573,0.13661694183021317,0.09286016226237992
regresion,xgboost,ninguno,genetica,4,42,0.767443416598613,20,1588.5908015999885,79.4232998200001,62.26476839999668,1.3621063000027789,177126,True,,0.7633342498954131,0.2504847251443974,,,,,,,0.06759792471000785,,,"{""learning_rate"": 0.012252224996942639, ""max_depth"": 6, ""min_child_weight"": 74.49489845319124, ""subsample"": 0.9837548662171051, ""colsample_bytree"": 0.4606602865105216, ""reg_lambda"": 0.2880495187343093, ""reg_alpha"": 0.07554804756926677}",0.26008703747467493,0.13714539597470382,0.08849501161261619
regresion,xgboost,ninguno,rejilla,0,42,0.7660915113593717,16,1230.9576911999902,76.93481294999765,63.27141230000416,1.318746499993722,177125,True,,0.7667480622148539,0.2520190686498861,,,,,,,0.06749122710621491,,,"{""learning_rate"": 0.010000000000000004, ""max_depth"": 10, ""min_child_weight"": 100.00000000000004, ""subsample"": 0.5, ""colsample_bytree"": 0.6000000000000001, ""reg_lambda"": 0.31622776601683805, ""reg_alpha"": 0.10000000000000006}",0.2598080531146387,0.13580341937174803,0.09043256555104429
regresion,xgboost,ninguno,rejilla,1,42,0.7644615776508586,16,1276.408074699997,79.77544251875133,78.46101349999662,1.4430720000091242,177125,True,,0.7726843681806249,0.2548657798723043,,,,,,,0.06718239753813318,,,"{""learning_rate"": 0.010000000000000004, ""max_depth"": 10, ""min_child_weight"": 100.00000000000004, ""subsample"": 0.5, ""colsample_bytree"": 0.6000000000000001, ""reg_lambda"": 0.31622776601683805, ""reg_alpha"": 0.10000000000000006}",0.2592292990019721,0.13654105115533033,0.094480396704398
regresion,xgboost,ninguno,rejilla,2,42,0.7648233237160506,16,1224.0980271000008,76.5060788937526,60.46002630000294,1.6129160999989836,177125,True,,0.7682278714655029,0.25265658579866596,,,,,,,0.06740975577644638,,,"{""learning_rate"": 0.010000000000000004, ""max_depth"": 10, ""min_child_weight"": 100.00000000000004, ""subsample"": 0.5, ""colsample_bytree"": 0.6000000000000001, ""reg_lambda"": 0.31622776601683805, ""reg_alpha"": 0.10000000000000006}",0.25965401821754575,0.13625690485034492,0.09151077380324513
regresion,xgboost,ninguno,rejilla,3,42,0.7655164095913385,16,1333.7451537000015,83.35822300000018,85.61943009999231,1.525814900000114,177126,True,,0.7704797853474621,0.2564575108275835,,,,,,,0.06714581779993896,,,"{""learning_rate"": 0.010000000000000004, ""max_depth"": 10, ""min_child_weight"": 100.00000000000004, ""subsample"": 0.5, ""colsample_bytree"": 0.6000000000000001, ""reg_lambda"": 0.31622776601683805, ""reg_alpha"": 0.10000000000000006}",0.25916850522966745,0.13593875879371062,0.09492184708203177
regresion,xgboost,ninguno,rejilla,4,42,0.7671451693810756,16,1347.273535500004,84.20348091875258,70.06187999999383,1.3250516999978572,177126,True,,0.76491505229614,0.2526402947362534,,,,,,,0.06746639035799606,,,"{""learning_rate"": 0.010000000000000004, ""max_depth"": 10, ""min_child_weight"": 100.00000000000004, ""subsample"": 0.5, ""colsample_bytree"": 0.6000000000000001, ""reg_lambda"": 0.31622776601683805, ""reg_alpha"": 0.10000000000000006}",0.2597829770005674,0.1359387057159901,0.09062499575880345
