tarea,modelo,balanceo,optimizador,m_auc_roc_media,m_auc_pr_media,m_exactitud_media,m_precision_media,m_recall_media,m_especificidad_media,m_f1_media,m_umbral_media,m_brier_media,m_ece_media,m_ece_cuantiles_media,m_rmse_media,m_mae_media,m_r2_media,m_auc_roc_sd,m_auc_pr_sd,m_exactitud_sd,m_precision_sd,m_recall_sd,m_especificidad_sd,m_f1_sd,m_umbral_sd,m_brier_sd,m_ece_sd,m_ece_cuantiles_sd,m_rmse_sd,m_mae_sd,m_r2_sd,pliegues,auc_interno_media,evaluaciones_total,t_total_h,t_por_evaluacion_s,t_inferencia_s,semilla,params_por_pliegue
clasificacion,xgboost,ninguno,genetica,0.7721339817775035,0.25755121685389964,0.7346631486094334,0.1829011550448656,0.6590634441087613,0.7413022226191291,0.286272585033461,0.08871630877256394,0.06707748019165391,0.003933355936604981,0.0043331970719662,,,,0.0038188790784998592,0.004398774554340172,0.009132064572862555,0.0025355883528453255,0.019665201055912872,0.011609229241172206,0.0020115115816953964,0.002619997095566097,0.0002615213911629818,0.0006796629877638643,0.0009977720335687954,,,,5,0.7699186905788035,100,2.092716895027776,73.06283507600013,1.2805452600005083,42,"[{""learning_rate"": 0.019051937566281756, ""max_depth"": 10, ""min_child_weight"": 100.00000000000004, ""subsample"": 0.8839461986049724, ""colsample_bytree"": 0.36779557353996317, ""reg_lambda"": 0.2360258612153151, ""reg_alpha"": 0.0010000000000000002},{""learning_rate"": 0.019299573261420486, ""max_depth"": 8, ""min_child_weight"": 100.00000000000004, ""subsample"": 0.8957333832080623, ""colsample_bytree"": 0.3669876959364976, ""reg_lambda"": 0.43831182284919545, ""reg_alpha"": 0.0010000000000000002},{""learning_rate"": 0.017945702327634976, ""max_depth"": 8, ""min_child_weight"": 74.49489845319124, ""subsample"": 0.8172306802133182, ""colsample_bytree"": 0.4606602865105216, ""reg_lambda"": 0.12499639178032891, ""reg_alpha"": 0.07554804756926677},{""learning_rate"": 0.01690068425265491, ""max_depth"": 8, ""min_child_weight"": 79.1899739253308, ""subsample"": 0.9028900816157973, ""colsample_bytree"": 0.4606602865105216, ""reg_lambda"": 0.07117025635786538, ""reg_alpha"": 0.07554804756926677},{""learning_rate"": 0.01690068425265491, ""max_depth"": 6, ""min_child_weight"": 30.86912446280765, ""subsample"": 0.983754866217105, ""colsample_bytree"": 0.3415261884251585, ""reg_lambda"": 0.2880495187343095, ""reg_alpha"": 0.07554804756926677}]"
clasificacion,xgboost,ninguno,rejilla,0.7720258422063196,0.2571984361061891,0.7263422762688124,0.18031459285448853,0.6735649546827794,0.7309771170775343,0.2844431097193453,0.08571840077638626,0.06709385186420178,0.003217788401716313,0.003928409179654549,,,,0.0034713940393501065,0.003625306705906985,0.007468782156212546,0.003432544569262265,0.009995630601253188,0.008777906092318669,0.003961685341048698,0.0021629786668271,0.00024399072551298438,0.00042729748948188074,0.0008654630921803755,,,,5,0.7693628514559387,80,1.951560566722215,82.79379321999996,1.5446968000018386,42,"[{""learning_rate"": 0.010000000000000004, ""max_depth"": 10, ""min_child_weight"": 100.00000000000004, ""subsample"": 1.0, ""colsample_bytree"": 0.6000000000000001, ""reg_lambda"": 0.31622776601683805, ""reg_alpha"": 0.10000000000000006},{""learning_rate"": 0.010000000000000004, ""max_depth"": 10, ""min_child_weight"": 100.00000000000004, ""subsample"": 1.0, ""colsample_bytree"": 0.6000000000000001, ""reg_lambda"": 0.31622776601683805, ""reg_alpha"": 0.10000000000000006},{""learning_rate"": 0.010000000000000004, ""max_depth"": 10, ""min_child_weight"": 100.00000000000004, ""subsample"": 1.0, ""colsample_bytree"": 0.6000000000000001, ""reg_lambda"": 0.31622776601683805, ""reg_alpha"": 0.10000000000000006},{""learning_rate"": 0.010000000000000004, ""max_depth"": 10, ""min_child_weight"": 100.00000000000004, ""subsample"": 1.0, ""colsample_bytree"": 0.6000000000000001, ""reg_lambda"": 0.31622776601683805, ""reg_alpha"": 0.10000000000000006},{""learning_rate"": 0.010000000000000004, ""max_depth"": 10, ""min_child_weight"": 100.00000000000004, ""subsample"": 1.0, ""colsample_bytree"": 0.6000000000000001, ""reg_lambda"": 0.31622776601683805, ""reg_alpha"": 0.10000000000000006}]"
clasificacion,xgboost,ninguno,aleatoria,0.7717136462060026,0.25695577906292594,0.7202693305102279,0.1774972898098647,0.6765357502517624,0.7241099688500459,0.28104714789710206,0.08413874953985215,0.0671054608368349,0.0034935187523749195,0.004099804102147558,,,,0.003486462886285443,0.0036840375216269736,0.016686439977010335,0.0062461306704256975,0.02482215768898034,0.020155866982233553,0.006299355281865389,0.0046901013763235066,0.00023766073903629085,0.0004956127795806137,0.0005587973712032275,,,,5,0.7699202091266817,100,1.7485828779166634,60.03921206400039,1.1047734199964907,42,"[{""learning_rate"": 0.014938569990761468, ""max_depth"": 10, ""min_child_weight"": 65.63891315430028, ""subsample"": 0.8498535669053748, ""colsample_bytree"": 0.4126959691676157, ""reg_lambda"": 70.12645524834282, ""reg_alpha"": 1.3031776284459848},{""learning_rate"": 0.01904899955529972, ""max_depth"": 4, ""min_child_weight"": 8.941489120323661, ""subsample"": 0.6134546745254421, ""colsample_bytree"": 0.7358511957460083, ""reg_lambda"": 0.1533767723833326, ""reg_alpha"": 2.141473893047778},{""learning_rate"": 0.03070753869949233, ""max_depth"": 4, ""min_child_weight"": 1.6099260787116187, ""subsample"": 0.793822286088856, ""colsample_bytree"": 0.3364743748295089, ""reg_lambda"": 42.22800768156594, ""reg_alpha"": 0.2109815889629021},{""learning_rate"": 0.014938569990761468, ""max_depth"": 10, ""min_child_weight"": 65.63891315430028, ""subsample"": 0.8498535669053748, ""colsample_bytree"": 0.4126959691676157, ""reg_lambda"": 70.12645524834282, ""reg_alpha"": 1.3031776284459848},{""learning_rate"": 0.01690068425265491, ""max_depth"": 8, ""min_child_weight"": 30.86912446280765, ""subsample"": 0.983754866217105, ""colsample_bytree"": 0.4606602865105216, ""reg_lambda"": 0.07117025635786538, ""reg_alpha"": 0.07554804756926677}]"
clasificacion,xgboost,smote,bayesiana,0.7713377409300088,0.25625624055237706,0.73295580972659,0.18183681116251935,0.6593655589123867,0.7394183960800225,0.28504386088428013,0.09179163575172425,0.06711291233785929,0.002964518016900448,0.0035539954725947696,,,,0.003939881946611058,0.00508616977263749,0.004849661989452009,0.0024239364224971404,0.010815529468283321,0.005895322655596446,0.0031578391620240166,0.002741204830086392,0.00029242953989401494,0.0003440512974786041,0.0009547997756523141,,,,5,0.7685661474184462,100,4.886163517083324,169.07951857799867,1.7377874399942812,42,"[{""learning_rate"": 0.010141118505822036, ""max_depth"": 8, ""min_child_weight"": 30.963380688405408, ""subsample"": 0.7036630265286649, ""colsample_bytree"": 0.7697525037312426, ""reg_lambda"": 0.00662548920931477, ""reg_alpha"": 9.469154907837591},{""learning_rate"": 0.01898176375948492, ""max_depth"": 7, ""min_child_weight"": 7.061310488530054, ""subsample"": 0.9218790327303328, ""colsample_bytree"": 0.4236160429382152, ""reg_lambda"": 0.01440830037724263, ""reg_alpha"": 9.15523512435294},{""learning_rate"": 0.01607123851203988, ""max_depth"": 5, ""min_child_weight"": 5.404103854647328, ""subsample"": 0.728034992108518, ""colsample_bytree"": 0.8281407691144109, ""reg_lambda"": 0.009962513222055111, ""reg_alpha"": 0.11400863701127326},{""learning_rate"": 0.012713869869959652, ""max_depth"": 6, ""min_child_weight"": 9.854990039053346, ""subsample"": 0.6610479111018208, ""colsample_bytree"": 0.42881664517243856, ""reg_lambda"": 0.0670369226132171, ""reg_alpha"": 3.48260349673374},{""learning_rate"": 0.01607123851203988, ""max_depth"": 5, ""min_child_weight"": 5.404103854647328, ""subsample"": 0.728034992108518, ""colsample_bytree"": 0.8281407691144109, ""reg_lambda"": 0.009962513222055111, ""reg_alpha"": 0.11400863701127326}]"
clasificacion,xgboost,adasyn,aleatoria,0.7712248273509893,0.25601391632904524,0.7250699922413102,0.17944403652917273,0.6724068479355488,0.7296948133356708,0.28318635639584,0.09052878022193908,0.06714995683217088,0.0033060556632437746,0.004065591434426879,,,,0.002714297242522821,0.003640101523900466,0.01245061560942628,0.004012509685414195,0.021852187649844715,0.015378481432939718,0.003645896473850727,0.0030651411994846154,0.0002174344234696279,0.0008769814306829147,0.0007775860886100986,,,,5,0.7686776949181058,100,3.1606563580833233,109.63340455600174,1.3832339199987473,42,"[{""learning_rate"": 0.03070753869949233, ""max_depth"": 4, ""min_child_weight"": 1.6099260787116187, ""subsample"": 0.793822286088856, ""colsample_bytree"": 0.3364743748295089, ""reg_lambda"": 42.22800768156594, ""reg_alpha"": 0.2109815889629021},{""learning_rate"": 0.01904899955529972, ""max_depth"": 4, ""min_child_weight"": 8.941489120323661, ""subsample"": 0.6134546745254421, ""colsample_bytree"": 0.7358511957460083, ""reg_lambda"": 0.1533767723833326, ""reg_alpha"": 2.141473893047778},{""learning_rate"": 0.03070753869949233, ""max_depth"": 4, ""min_child_weight"": 1.6099260787116187, ""subsample"": 0.793822286088856, ""colsample_bytree"": 0.3364743748295089, ""reg_lambda"": 42.22800768156594, ""reg_alpha"": 0.2109815889629021},{""learning_rate"": 0.014938569990761468, ""max_depth"": 10, ""min_child_weight"": 65.63891315430028, ""subsample"": 0.8498535669053748, ""colsample_bytree"": 0.4126959691676157, ""reg_lambda"": 70.12645524834282, ""reg_alpha"": 1.3031776284459848},{""learning_rate"": 0.03070753869949233, ""max_depth"": 4, ""min_child_weight"": 1.6099260787116187, ""subsample"": 0.793822286088856, ""colsample_bytree"": 0.3364743748295089, ""reg_lambda"": 42.22800768156594, ""reg_alpha"": 0.2109815889629021}]"
clasificacion,xgboost,smote,genetica,0.7709746565694738,0.2556227557278369,0.7308543173049513,0.18133109610636003,0.6632930513595167,0.7367874624041469,0.2847271317408324,0.09146329909563064,0.06716158101928542,0.0027509015308162616,0.0034133427942993977,,,,0.0035911758329812567,0.0039042613483092933,0.010346390679938791,0.004333149228742647,0.017504816360945644,0.012557695566610827,0.004606135784576979,0.0029302444997678424,0.0002375796246782865,0.000384990542837047,0.000827377640761088,,,,5,0.7687518087460514,100,4.415816871250015,154.2267030859983,1.4657123600016349,42,"[{""learning_rate"": 0.01300981542281645, ""max_depth"": 8, ""min_child_weight"": 30.86912446280765, ""subsample"": 0.983754866217105, ""colsample_bytree"": 0.35444749158302086, ""reg_lambda"": 0.2880495187343095, ""reg_alpha"": 0.07554804756926677},{""learning_rate"": 0.01690068425265491, ""max_depth"": 8, ""min_child_weight"": 30.86912446280765, ""subsample"": 0.8172306802133182, ""colsample_bytree"": 0.3415261884251584, ""reg_lambda"": 0.12499639178032891, ""reg_alpha"": 0.07554804756926677},{""learning_rate"": 0.01690068425265491, ""max_depth"": 6, ""min_child_weight"": 29.806296470603076, ""subsample"": 0.9028900816157973, ""colsample_bytree"": 0.4606602865105216, ""reg_lambda"": 0.2880495187343095, ""reg_alpha"": 0.07554804756926677},{""learning_rate"": 0.013711315857926414, ""max_depth"": 10, ""min_child_weight"": 52.09506921210732, ""subsample"": 0.9100317460615533, ""colsample_bytree"": 0.36812808027894905, ""reg_lambda"": 0.25852296414627207, ""reg_alpha"": 0.0010000000000000002},{""learning_rate"": 0.01690068425265491, ""max_depth"": 6, ""min_child_weight"": 30.86912446280765, ""subsample"": 0.983754866217105, ""colsample_bytree"": 0.4606602865105216, ""reg_lambda"": 0.2880495187343095, ""reg_alpha"": 0.07554804756926677}]"
clasificacion,xgboost,ninguno,bayesiana,0.7709647660798895,0.25647438871194295,0.7303665209369327,0.1809819991647863,0.6632930513595167,0.7362568253948034,0.28433991477301196,0.0871767058968544,0.06714833914919165,0.004089001008024197,0.0038935053919020384,,,,0.0038403518367081443,0.004739501357560061,0.007441518816305438,0.0037406285707328696,0.008358737059960054,0.00862246661838336,0.004282607056818927,0.0011520105235379976,0.0002762835540262397,0.00042480954769061086,0.0005410469071798175,,,,5,0.769868181506595,100,2.2731904602222173,79.29130031199966,1.0443829800002278,42,"[{""learning_rate"": 0.012713869869959652, ""max_depth"": 6, ""min_child_weight"": 9.854990039053346, ""subsample"": 0.6610479111018208, ""colsample_bytree"": 0.42881664517243856, ""reg_lambda"": 0.0670369226132171, ""reg_alpha"": 3.48260349673374},{""learning_rate"": 0.018614634806228023, ""max_depth"": 6, ""min_child_weight"": 24.748052562580913, ""subsample"": 0.6074713947263236, ""colsample_bytree"": 0.5955558291089318, ""reg_lambda"": 0.01683574379451546, ""reg_alpha"": 2.473611720952052},{""learning_rate"": 0.01094327499339462, ""max_depth"": 5, ""min_child_weight"": 9.84966197540991, ""subsample"": 0.6451646295892951, ""colsample_bytree"": 0.46842226181351326, ""reg_lambda"": 29.98508272018337, ""reg_alpha"": 2.2485194029956856},{""learning_rate"": 0.016335426221767996, ""max_depth"": 6, ""min_child_weight"": 3.9462533848084322, ""subsample"": 0.6617533813095462, ""colsample_bytree"": 0.6453823646818274, ""reg_lambda"": 35.966102301289794, ""reg_alpha"": 0.014760260847102425},{""learning_rate"": 0.020768387431920776, ""max_depth"": 3, ""min_child_weight"": 4.257861214410562, ""subsample"": 0.6269192725759855, ""colsample_bytree"": 0.610893290765544, ""reg_lambda"": 5.848825813579977, ""reg_alpha"": 0.006355191004797234}]"
clasificacion,xgboost,class_weight,bayesiana,0.7708519125866177,0.2549487713036121,0.7216960131308537,0.17832645352856738,0.6780966767371601,0.7255248376714547,0.28234605926933753,0.4967078328132629,0.18341262065233105,0.31322443627890856,0.31322443627890856,,,,0.003803957697531688,0.0032325161160595447,0.007860108516938913,0.002735113518066047,0.018313525303760538,0.009904924508904437,0.0033951234202252737,0.011362941157924654,0.0035664373252539306,0.0046084669746018665,0.004608466974601882,,,,5,0.7690497235078253,100,2.090415594722221,72.75586698800035,1.3514519999967889,42,"[{""learning_rate"": 0.01690574480859995, ""max_depth"": 5, ""min_child_weight"": 15.130424519936772, ""subsample"": 0.8754986180062628, ""colsample_bytree"": 0.5677370253945612, ""reg_lambda"": 54.514781529174364, ""reg_alpha"": 0.028141281019730124},{""learning_rate"": 0.011898305465307013, ""max_depth"": 5, ""min_child_weight"": 1.426490344710001, ""subsample"": 0.5673818166155608, ""colsample_bytree"": 0.4162004226196053, ""reg_lambda"": 24.824687757864485, ""reg_alpha"": 9.40056399794171},{""learning_rate"": 0.02562375760699532, ""max_depth"": 3, ""min_child_weight"": 23.444755260521305, ""subsample"": 0.7623406835714357, ""colsample_bytree"": 0.24509725444448277, ""reg_lambda"": 35.28677124575937, ""reg_alpha"": 0.0459788023822229},{""learning_rate"": 0.026647330952671855, ""max_depth"": 3, ""min_child_weight"": 1.219283627798484, ""subsample"": 0.9325357011905986, ""colsample_bytree"": 0.4530679681163252, ""reg_lambda"": 76.8710547027822, ""reg_alpha"": 0.1441721877689877},{""learning_rate"": 0.01860113088920627, ""max_depth"": 3, ""min_child_weight"": 11.982340219668204, ""subsample"": 0.8072777542069206, ""colsample_bytree"": 0.3238835913607798, ""reg_lambda"": 36.46790979391537, ""reg_alpha"": 6.906292601185965}]"
clasificacion,xgboost,class_weight,aleatoria,0.7708296642892163,0.2553044592014738,0.7236025580901004,0.17858178284140616,0.6725075528700907,0.7280896650301947,0.28216758406257203,0.4951412081718445,0.1812962756349568,0.3095968115915875,0.3095968115915874,,,,0.003395851602246785,0.0037112236589001086,0.01033130489862429,0.004998386645765126,0.010852679759358464,0.011882361968735967,0.005925526559249392,0.009500024651498106,0.003019651838096373,0.0057040745886714015,0.005704074588671381,,,,5,0.7685430796187745,100,1.5375762850555597,53.28295541400017,1.0690181999991182,42,"[{""learning_rate"": 0.03070753869949233, ""max_depth"": 4, ""min_child_weight"": 1.6099260787116187, ""subsample"": 0.793822286088856, ""colsample_bytree"": 0.3364743748295089, ""reg_lambda"": 42.22800768156594, ""reg_alpha"": 0.2109815889629021},{""learning_rate"": 0.01904899955529972, ""max_depth"": 4, ""min_child_weight"": 8.941489120323661, ""subsample"": 0.6134546745254421, ""colsample_bytree"": 0.7358511957460083, ""reg_lambda"": 0.1533767723833326, ""reg_alpha"": 2.141473893047778},{""learning_rate"": 0.010803102232883135, ""max_depth"": 4, ""min_child_weight"": 27.843171420276377, ""subsample"": 0.7309386151256937, ""colsample_bytree"": 0.32901742322688143, ""reg_lambda"": 0.3200544540995635, ""reg_alpha"": 0.004066758760176306},{""learning_rate"": 0.03070753869949233, ""max_depth"": 4, ""min_child_weight"": 1.6099260787116187, ""subsample"": 0.793822286088856, ""colsample_bytree"": 0.3364743748295089, ""reg_lambda"": 42.22800768156594, ""reg_alpha"": 0.2109815889629021},{""learning_rate"": 0.010803102232883135, ""max_depth"": 4, ""min_child_weight"": 27.843171420276377, ""subsample"": 0.7309386151256937, ""colsample_bytree"": 0.32901742322688143, ""reg_lambda"": 0.3200544540995635, ""reg_alpha"": 0.004066758760176306}]"
clasificacion,xgboost,smote,aleatoria,0.7707808826784832,0.2555871401229057,0.7277244139653356,0.18003740877243987,0.6661631419939578,0.7331306644609686,0.2833345994461661,0.09060207903385162,0.06715650592669722,0.0029142173337954533,0.003399781571977991,,,,0.0036501144490655533,0.0033075361542338,0.014246882493013554,0.0053005660949986926,0.020956851733793292,0.017257134484212767,0.005007662278883813,0.003373282220314742,0.0002330564288247131,0.001008465074434347,0.0006543656047102289,,,,5,0.7682999105399944,100,3.362674703833343,115.73576601200038,1.6187707400065847,42,"[{""learning_rate"": 0.03070753869949233, ""max_depth"": 4, ""min_child_weight"": 1.6099260787116187, ""subsample"": 0.793822286088856, ""colsample_bytree"": 0.3364743748295089, ""reg_lambda"": 42.22800768156594, ""reg_alpha"": 0.2109815889629021},{""learning_rate"": 0.014938569990761468, ""max_depth"": 10, ""min_child_weight"": 65.63891315430028, ""subsample"": 0.8498535669053748, ""colsample_bytree"": 0.4126959691676157, ""reg_lambda"": 70.12645524834282, ""reg_alpha"": 1.3031776284459848},{""learning_rate"": 0.03070753869949233, ""max_depth"": 4, ""min_child_weight"": 1.6099260787116187, ""subsample"": 0.793822286088856, ""colsample_bytree"": 0.3364743748295089, ""reg_lambda"": 42.22800768156594, ""reg_alpha"": 0.2109815889629021},{""learning_rate"": 0.014938569990761468, ""max_depth"": 10, ""min_child_weight"": 65.63891315430028, ""subsample"": 0.8498535669053748, ""colsample_bytree"": 0.4126959691676157, ""reg_lambda"": 70.12645524834282, ""reg_alpha"": 1.3031776284459848},{""learning_rate"": 0.01690068425265491, ""max_depth"": 8, ""min_child_weight"": 30.86912446280765, ""subsample"": 0.983754866217105, ""colsample_bytree"": 0.4606602865105216, ""reg_lambda"": 0.07117025635786538, ""reg_alpha"": 0.07554804756926677}]"
clasificacion,xgboost,adasyn,bayesiana,0.7707249852361395,0.2555748650929,0.7330737454759981,0.1819942022809457,0.659214501510574,0.7395599665518192,0.2851625342625817,0.09185381233692169,0.06716662054252362,0.0032378402377258907,0.0035950495925501464,,,,0.0026573095737186313,0.0023630278878993857,0.010757238853152669,0.004157826132919231,0.01740222354611773,0.013072503151531767,0.004249411744409668,0.00211311408360269,0.00017893696843776787,0.0007737321236710092,0.0007651315221137279,,,,5,0.7683830829700411,100,4.5027450316388995,155.812206616,1.58343420000092,42,"[{""learning_rate"": 0.014498616694788044, ""max_depth"": 7, ""min_child_weight"": 2.4374142952772457, ""subsample"": 0.8194660343923709, ""colsample_bytree"": 0.5041975952136808, ""reg_lambda"": 1.1092478139457953, ""reg_alpha"": 8.732331164527285},{""learning_rate"": 0.01464832500458362, ""max_depth"": 8, ""min_child_weight"": 26.04322385187978, ""subsample"": 0.5440670073460283, ""colsample_bytree"": 0.9433381970322342, ""reg_lambda"": 0.08953350024100085, ""reg_alpha"": 0.0035420470090141236},{""learning_rate"": 0.016705398319589507, ""max_depth"": 5, ""min_child_weight"": 59.17909662265491, ""subsample"": 0.7800335636755822, ""colsample_bytree"": 0.9096758194202781, ""reg_lambda"": 0.001508034447314777, ""reg_alpha"": 0.5621056090679583},{""learning_rate"": 0.010912917818211689, ""max_depth"": 7, ""min_child_weight"": 2.8974347282206416, ""subsample"": 0.7725624262700042, ""colsample_bytree"": 0.60655934839542, ""reg_lambda"": 27.851847131323957, ""reg_alpha"": 3.055315740891997},{""learning_rate"": 0.014304086824414789, ""max_depth"": 8, ""min_child_weight"": 22.715214369809484, ""subsample"": 0.7973134272927479, ""colsample_bytree"": 0.7649967687104495, ""reg_lambda"": 0.00843203261033182, ""reg_alpha"": 2.511827111197161}]"
clasificacion,xgboost,adasyn,genetica,0.7706247785822642,0.25639477960935264,0.7310453473645971,0.18160104314456768,0.6635448136958711,0.7369731517895712,0.2850645134196705,0.091714908182621,0.06713782136301993,0.0033322881785013032,0.003421711073447656,,,,0.0033688084694561368,0.003502731816582151,0.01286781386661856,0.006092797984345115,0.01136505493039015,0.014937503952209602,0.006585588907400214,0.003567383348626201,0.00021611333506163985,0.0009948396268074974,0.00024180057529687323,,,,5,0.7685737239269541,100,4.152548609027806,144.92154455899905,1.9873528400050418,42,"[{""learning_rate"": 0.01690068425265491, ""max_depth"": 8, ""min_child_weight"": 30.86912446280765, ""subsample"": 0.8172306802133182, ""colsample_bytree"": 0.4606602865105216, ""reg_lambda"": 0.12499639178032891, ""reg_alpha"": 0.07554804756926677},{""learning_rate"": 0.01690068425265491, ""max_depth"": 6, ""min_child_weight"": 30.86912446280765, ""subsample"": 0.983754866217105, ""colsample_bytree"": 0.4606602865105216, ""reg_lambda"": 0.2880495187343095, ""reg_alpha"": 0.07554804756926677},{""learning_rate"": 0.01690068425265491, ""max_depth"": 6, ""min_child_weight"": 30.86912446280765, ""subsample"": 0.983754866217105, ""colsample_bytree"": 0.3415261884251585, ""reg_lambda"": 0.2880495187343095, ""reg_alpha"": 0.07554804756926677},{""learning_rate"": 0.01690068425265491, ""max_depth"": 8, ""min_child_weight"": 30.86912446280765, ""subsample"": 0.983754866217105, ""colsample_bytree"": 0.4606602865105216, ""reg_lambda"": 0.07117025635786538, ""reg_alpha"": 0.07554804756926677},{""learning_rate"": 0.01690068425265491, ""max_depth"": 8, ""min_child_weight"": 30.86912446280765, ""subsample"": 0.983754866217105, ""colsample_bytree"": 0.4606602865105216, ""reg_lambda"": 0.07117025635786538, ""reg_alpha"": 0.07554804756926677}]"
clasificacion,xgboost,class_weight,rejilla,0.7705151079172496,0.2552149723170417,0.7301184787710261,0.181244968426155,0.6657099697885196,0.7357747310983098,0.2848749141123815,0.44151198863983154,0.15240443227640427,0.26133254953973994,0.26132951161884976,,,,0.0035485054452460587,0.0029403224756089008,0.0079965183810138,0.0030935598034893537,0.013459752299572808,0.009745660618243356,0.0031853445630862214,0.010766253812870058,0.004072234814724766,0.008075343309461618,0.008074296427435707,,,,5,0.768395401048106,80,1.7501590049999949,74.02240273000061,1.3451804400014225,42,"[{""learning_rate"": 0.010000000000000004, ""max_depth"": 10, ""min_child_weight"": 100.00000000000004, ""subsample"": 0.5, ""colsample_bytree"": 0.6000000000000001, ""reg_lambda"": 0.31622776601683805, ""reg_alpha"": 0.10000000000000006},{""learning_rate"": 0.010000000000000004, ""max_depth"": 10, ""min_child_weight"": 100.00000000000004, ""subsample"": 0.5, ""colsample_bytree"": 0.6000000000000001, ""reg_lambda"": 0.31622776601683805, ""reg_alpha"": 0.10000000000000006},{""learning_rate"": 0.010000000000000004, ""max_depth"": 10, ""min_child_weight"": 100.00000000000004, ""subsample"": 0.5, ""colsample_bytree"": 0.6000000000000001, ""reg_lambda"": 0.31622776601683805, ""reg_alpha"": 0.10000000000000006},{""learning_rate"": 0.010000000000000004, ""max_depth"": 10, ""min_child_weight"": 100.00000000000004, ""subsample"": 0.5, ""colsample_bytree"": 0.6000000000000001, ""reg_lambda"": 0.31622776601683805, ""reg_alpha"": 0.10000000000000006},{""learning_rate"": 0.010000000000000004, ""max_depth"": 10, ""min_child_weight"": 100.00000000000004, ""subsample"": 0.5, ""colsample_bytree"": 0.6000000000000001, ""reg_lambda"": 0.31622776601683805, ""reg_alpha"": 0.10000000000000006}]"
clasificacion,xgboost,adasyn,rejilla,0.7704725294380994,0.2542837034125329,0.7276552132639351,0.18018250813046838,0.6672708962739173,0.7329580832045275,0.2836384625970233,0.09180380254983903,0.06721868665856544,0.0031210151880222622,0.004062799275526042,,,,0.003749858632026361,0.004284804321419135,0.013563789843785798,0.0056396668912098305,0.016131071262615208,0.0160584733261928,0.005882772927009654,0.003705140896223769,0.00026953498235377947,0.000873271218665286,0.00022785836860550089,,,,5,0.7672703712606233,80,3.445987451416674,145.71414228499833,1.9755512400050066,42,"[{""learning_rate"": 0.010000000000000004, ""max_depth"": 10, ""min_child_weight"": 100.00000000000004, ""subsample"": 1.0, ""colsample_bytree"": 0.6000000000000001, ""reg_lambda"": 0.31622776601683805, ""reg_alpha"": 0.10000000000000006},{""learning_rate"": 0.010000000000000004, ""max_depth"": 10, ""min_child_weight"": 100.00000000000004, ""subsample"": 1.0, ""colsample_bytree"": 0.6000000000000001, ""reg_lambda"": 0.31622776601683805, ""reg_alpha"": 0.10000000000000006},{""learning_rate"": 0.010000000000000004, ""max_depth"": 10, ""min_child_weight"": 100.00000000000004, ""subsample"": 1.0, ""colsample_bytree"": 0.6000000000000001, ""reg_lambda"": 0.31622776601683805, ""reg_alpha"": 0.10000000000000006},{""learning_rate"": 0.010000000000000004, ""max_depth"": 10, ""min_child_weight"": 100.00000000000004, ""subsample"": 1.0, ""colsample_bytree"": 0.6000000000000001, ""reg_lambda"": 0.31622776601683805, ""reg_alpha"": 0.10000000000000006},{""learning_rate"": 0.010000000000000004, ""max_depth"": 10, ""min_child_weight"": 100.00000000000004, ""subsample"": 1.0, ""colsample_bytree"": 0.6000000000000001, ""reg_lambda"": 0.31622776601683805, ""reg_alpha"": 0.10000000000000006}]"
clasificacion,xgboost,smote,rejilla,0.7703338891198633,0.2548798757343135,0.7301063551960475,0.18055851444889903,0.6619335347432024,0.7360932011366023,0.2836959114267645,0.09200284332036972,0.06719836400535238,0.0032229084959496577,0.004217076805977419,,,,0.003334021303633131,0.004253483299468303,0.006639757649942936,0.00301450283337408,0.011786403749253284,0.007986024723605748,0.0035833832989953713,0.0022593298270419497,0.00025282511164815473,0.0007411931146569708,0.0006301864718372365,,,,5,0.7673481143110296,80,3.6928158754444382,155.90833346375112,2.104778920003446,42,"[{""learning_rate"": 0.010000000000000004, ""max_depth"": 10, ""min_child_weight"": 100.00000000000004, ""subsample"": 1.0, ""colsample_bytree"": 0.6000000000000001, ""reg_lambda"": 0.31622776601683805, ""reg_alpha"": 0.10000000000000006},{""learning_rate"": 0.010000000000000004, ""max_depth"": 10, ""min_child_weight"": 100.00000000000004, ""subsample"": 1.0, ""colsample_bytree"": 0.6000000000000001, ""reg_lambda"": 0.31622776601683805, ""reg_alpha"": 0.10000000000000006},{""learning_rate"": 0.010000000000000004, ""max_depth"": 10, ""min_child_weight"": 100.00000000000004, ""subsample"": 1.0, ""colsample_bytree"": 0.6000000000000001, ""reg_lambda"": 0.31622776601683805, ""reg_alpha"": 0.10000000000000006},{""learning_rate"": 0.010000000000000004, ""max_depth"": 10, ""min_child_weight"": 100.00000000000004, ""subsample"": 1.0, ""colsample_bytree"": 0.6000000000000001, ""reg_lambda"": 0.31622776601683805, ""reg_alpha"": 0.10000000000000006},{""learning_rate"": 0.010000000000000004, ""max_depth"": 10, ""min_child_weight"": 100.00000000000004, ""subsample"": 1.0, ""colsample_bytree"": 0.6000000000000001, ""reg_lambda"": 0.31622776601683805, ""reg_alpha"": 0.10000000000000006}]"
clasificacion,xgboost,class_weight,genetica,0.770154834256085,0.2543633953238057,0.7336184705063604,0.18221247799361898,0.6588116817724068,0.7401879099372981,0.2854227975529399,0.5057541728019714,0.1814672052808421,0.30866551574724493,0.30866551574724493,,,,0.003316280718119854,0.0017914838895696475,0.008140128442356556,0.0036761688179055346,0.01349854705095942,0.009816158119380058,0.003997296466196066,0.0034863714244876315,0.003529067452243911,0.004667258421876015,0.00466725842187599,,,,5,0.7679908091549331,100,1.7820485020000019,62.41390835699931,1.1791895200003637,42,"[{""learning_rate"": 0.014323918122813063, ""max_depth"": 4, ""min_child_weight"": 15.461441913425602, ""subsample"": 0.8612339456026674, ""colsample_bytree"": 0.49464227469482286, ""reg_lambda"": 0.10613903785618083, ""reg_alpha"": 2.783553593559497},{""learning_rate"": 0.03478110573538209, ""max_depth"": 3, ""min_child_weight"": 3.9729917491702604, ""subsample"": 0.5319086280520877, ""colsample_bytree"": 0.8621049375940657, ""reg_lambda"": 5.827611872226707, ""reg_alpha"": 1.0773354740351788},{""learning_rate"": 0.03478110573538209, ""max_depth"": 3, ""min_child_weight"": 3.9729917491702604, ""subsample"": 0.5319086280520877, ""colsample_bytree"": 0.8621049375940657, ""reg_lambda"": 5.827611872226707, ""reg_alpha"": 1.0773354740351788},{""learning_rate"": 0.03066954897320171, ""max_depth"": 5, ""min_child_weight"": 62.12483836327153, ""subsample"": 0.5465539762416451, ""colsample_bytree"": 0.2942520921376419, ""reg_lambda"": 0.0859188806733543, ""reg_alpha"": 1.6467431786365005},{""learning_rate"": 0.020321061173364262, ""max_depth"": 4, ""min_child_weight"": 30.91339572132795, ""subsample"": 0.5681628745750512, ""colsample_bytree"": 0.5080050662366511, ""reg_lambda"": 0.17107840664689167, ""reg_alpha"": 3.2055567595150847}]"
clasificacion,svm,class_weight,genetica,0.7578326836045374,0.23468438784157625,0.7177449642275555,0.17252694831670237,0.6575025176233635,0.7230353706402244,0.2733109201916424,0.031537656123428806,,,,,,,0.003078891327164155,0.0039781837364792514,0.005466409526930475,0.0019988773448631455,0.014888714567870385,0.0069930636013293464,0.0029625596154631267,0.00726217433976202,,,,,,,5,0.7562590758215666,100,11.758962762083332,419.77157556400016,1.071997760000886,42,"[{""C"": 5.161683364970637, ""nucleo"": ""rbf_nystroem"", ""gamma"": 0.00010000000000000009},{""C"": 2.1702032886039815, ""nucleo"": ""rbf_nystroem"", ""gamma"": 0.00010000000000000009},{""C"": 2.1702032886039815, ""nucleo"": ""rbf_nystroem"", ""gamma"": 0.00010000000000000009},{""C"": 5.161683364970637, ""nucleo"": ""rbf_nystroem"", ""gamma"": 0.00010000000000000009},{""C"": 4.90891605955866, ""nucleo"": ""rbf_nystroem"", ""gamma"": 0.00010000000000000009}]"
clasificacion,svm,class_weight,rejilla,0.7577535527143783,0.23464234443367094,0.7199887913173475,0.17343885375893237,0.6555387713997985,0.7256487003345888,0.2742874547916797,0.03458287363211573,,,,,,,0.003187514870192183,0.00413760729116386,0.004267023595911187,0.0015512911321623843,0.01550066990413874,0.005807921277962625,0.0028376238821888364,0.006962060037586102,,,,,,,5,0.7561717268123067,60,5.1523139049166495,298.6733350383335,1.4827964200041606,42,"[{""C"": 9.999999999999993, ""nucleo"": ""rbf_nystroem"", ""gamma"": 0.00010000000000000009},{""C"": 9.999999999999993, ""nucleo"": ""rbf_nystroem"", ""gamma"": 0.00010000000000000009},{""C"": 9.999999999999993, ""nucleo"": ""rbf_nystroem"", ""gamma"": 0.00010000000000000009},{""C"": 9.999999999999993, ""nucleo"": ""rbf_nystroem"", ""gamma"": 0.00010000000000000009},{""C"": 9.999999999999993, ""nucleo"": ""rbf_nystroem"", ""gamma"": 0.00010000000000000009}]"
clasificacion,logistica,class_weight,bayesiana,0.7575552156068728,0.23302447224107095,0.7237203700781346,0.17479346259634587,0.649496475327291,0.7302386054015235,0.2753460283715451,0.5262253880500793,0.19992943946652475,0.3358076295142638,0.3358076295142638,,,,0.0027652648622119606,0.0039158514558075876,0.014195163226645107,0.0061543713638727545,0.014481696979493062,0.016601707287136225,0.006612258978795596,0.012818720736395117,0.0014723912490983712,0.0027912360610451797,0.002791236061045147,,,,5,0.7564214505512916,100,5.265652437555549,177.0483898390009,0.03967695999599528,42,"[{""C"": 0.017844289102311058, ""penalizacion"": ""l1""},{""C"": 0.01273301802465415, ""penalizacion"": ""l1""},{""C"": 0.017844289102311058, ""penalizacion"": ""l1""},{""C"": 0.014091327932864077, ""penalizacion"": ""l1""},{""C"": 0.01273301802465415, ""penalizacion"": ""l1""}]"
clasificacion,logistica,class_weight,rejilla,0.7575366453421114,0.23292121259477955,0.722728545847865,0.1745766224980912,0.6519637462235649,0.7289430111976849,0.2753332816048675,0.5252066254615784,0.199916781886287,0.33572930683665303,0.3357293068366531,,,,0.0027564557125761306,0.003807173662053942,0.011854174214186603,0.0053924860742219525,0.010867562641025938,0.013733279632684078,0.005965096298688328,0.010839081839469149,0.0014136197492464666,0.0026806745523640534,0.0026806745523640808,,,,5,0.7563881622964037,100,3.7731625994444484,124.27205238199954,0.13858587999711744,42,"[{""C"": 0.016681005372000585, ""penalizacion"": ""l1""},{""C"": 0.016681005372000585, ""penalizacion"": ""l1""},{""C"": 0.016681005372000585, ""penalizacion"": ""l1""},{""C"": 0.016681005372000585, ""penalizacion"": ""l1""},{""C"": 0.016681005372000585, ""penalizacion"": ""l1""}]"
clasificacion,logistica,class_weight,aleatoria,0.7575352927239833,0.23291856441313383,0.7227082244450458,0.17449922552484987,0.6516112789526687,0.7289518588938957,0.27520922331561287,0.5252199649810791,0.19991629066617359,0.33572645542776625,0.33572645542776625,,,,0.002755353857267207,0.003803522835730653,0.011631532392265938,0.005396348579858646,0.010061677913919162,0.013419576382587518,0.006026399341891344,0.010660146116796226,0.0014181039178608314,0.0026848757912934975,0.0026848757912934984,,,,5,0.7563935093120034,100,4.945590993888881,166.65727385700058,0.044237640002393164,42,"[{""C"": 0.01648431838721491, ""penalizacion"": ""l1""},{""C"": 0.01648431838721491, ""penalizacion"": ""l1""},{""C"": 0.01648431838721491, ""penalizacion"": ""l1""},{""C"": 0.01648431838721491, ""penalizacion"": ""l1""},{""C"": 0.01648431838721491, ""penalizacion"": ""l1""}]"
clasificacion,svm,ninguno,genetica,0.7573689913077704,0.2344472645869967,0.7071558796755603,0.16901378390066016,0.6702920443101712,0.7103932093093241,0.26991158185396485,-0.7825946929828499,,,,,,,0.0029685190978368473,0.0033606327642581265,0.009793096701524302,0.0036889056809369003,0.013922935221949064,0.011629364745561527,0.004279364360447203,0.006641292257735731,,,,,,,5,0.7558254685632428,100,8.315364375666661,296.980396241001,1.362972619998618,42,"[{""C"": 5.161683364970637, ""nucleo"": ""rbf_nystroem"", ""gamma"": 0.00010000000000000009},{""C"": 2.1702032886039815, ""nucleo"": ""rbf_nystroem"", ""gamma"": 0.00010000000000000009},{""C"": 5.161683364970637, ""nucleo"": ""rbf_nystroem"", ""gamma"": 0.00010000000000000009},{""C"": 4.90891605955866, ""nucleo"": ""rbf_nystroem"", ""gamma"": 0.00010000000000000009},{""C"": 4.2044486946485256, ""nucleo"": ""rbf_nystroem"", ""gamma"": 0.00010000000000000009}]"
clasificacion,svm,ninguno,rejilla,0.7572993445012479,0.23442334890205338,0.7179970812656202,0.17271624919662626,0.6561430010070494,0.7234290395948899,0.2733176638801228,-0.7761060368977819,,,,,,,0.0030586252281456774,0.003612845961399627,0.015442325264776258,0.006470076781192118,0.016609064914431974,0.018144129293323312,0.006775667520631474,0.008288593287957618,,,,,,,5,0.7557622597661571,60,3.07259002697224,179.66120522166747,1.2615182000008645,42,"[{""C"": 9.999999999999993, ""nucleo"": ""rbf_nystroem"", ""gamma"": 0.00010000000000000009},{""C"": 9.999999999999993, ""nucleo"": ""rbf_nystroem"", ""gamma"": 0.00010000000000000009},{""C"": 9.999999999999993, ""nucleo"": ""rbf_nystroem"", ""gamma"": 0.00010000000000000009},{""C"": 9.999999999999993, ""nucleo"": ""rbf_nystroem"", ""gamma"": 0.00010000000000000009},{""C"": 9.999999999999993, ""nucleo"": ""rbf_nystroem"", ""gamma"": 0.00010000000000000009}]"
clasificacion,svm,class_weight,bayesiana,0.7571427802737022,0.23264438121438052,0.7242488840208461,0.17499505074222055,0.6489929506545821,0.73085776991783,0.27552640522490135,0.04292225558070048,,,,,,,0.0028658331173386687,0.004054466405007991,0.01451560286651043,0.005483106860605567,0.02135933025677041,0.01753637175345201,0.00536079782996152,0.019106082072012417,,,,,,,5,0.7556166772436018,100,6.923044288944445,246.74299778299988,0.25020083999843334,42,"[{""C"": 0.00013578122267812658, ""nucleo"": ""lineal""},{""C"": 0.00013097320469009218, ""nucleo"": ""lineal""},{""C"": 0.00013097320469009218, ""nucleo"": ""lineal""},{""C"": 0.00013097320469009218, ""nucleo"": ""lineal""},{""C"": 0.00013097320469009218, ""nucleo"": ""lineal""}]"
clasificacion,logistica,class_weight,genetica,0.7571336721711713,0.2323969167942992,0.7232489066589329,0.17435628122106955,0.6484390735146022,0.729818614699724,0.2747044203530348,0.5246446056145283,0.19912355684393485,0.334079343959219,0.334079343959219,,,,0.0027357578373268577,0.0038513999333292213,0.014426928858613866,0.006466197973262352,0.012406290040555622,0.016739623482363377,0.006931452448387315,0.013063376709558282,0.0005711314735676043,0.001965546399147447,0.0019655463991474047,,,,5,0.7556832863640505,100,5.154447914444447,165.07051637000026,0.10097001999965868,42,"[{""C"": 0.28442513816885445, ""penalizacion"": ""l1""},{""C"": 0.0006741666553637619, ""penalizacion"": ""l2""},{""C"": 0.0006741666553637619, ""penalizacion"": ""l2""},{""C"": 0.1786516029049276, ""penalizacion"": ""l1""},{""C"": 0.008835889998829614, ""penalizacion"": ""l1""}]"
clasificacion,svm,class_weight,aleatoria,0.7570575329797663,0.23343036472608278,0.7170987210797851,0.17249806716260885,0.6570996978851964,0.7223677686069389,0.2730736437413824,0.03201752964674537,,,,,,,0.0029521250096582042,0.004141703378694095,0.018146014663011835,0.007702739875011963,0.01862445809953905,0.021298007333033935,0.007973230311481554,0.025571158309438263,,,,,,,5,0.7559233272358614,100,14.479902381111106,518.574896637,0.7861550599998737,42,"[{""C"": 0.00016558417513094634, ""nucleo"": ""lineal""},{""C"": 0.6392908815231854, ""nucleo"": ""rbf_nystroem"", ""gamma"": 0.0001803961503006787},{""C"": 0.6392908815231854, ""nucleo"": ""rbf_nystroem"", ""gamma"": 0.0001803961503006787},{""C"": 0.00016558417513094634, ""nucleo"": ""lineal""},{""C"": 0.6392908815231854, ""nucleo"": ""rbf_nystroem"", ""gamma"": 0.0001803961503006787}]"
clasificacion,svm,ninguno,aleatoria,0.7569826904326104,0.2338584778608736,0.7173953588349549,0.1720530011190255,0.6558912386706949,0.7227965588064692,0.27258533667108614,-0.7764118740128738,,,,,,,0.002806377599722847,0.0030960266401631304,0.0044413862800593736,0.0016767867903004308,0.010594080138624807,0.005547403532734291,0.002308553851963416,0.003002596655596245,,,,,,,5,0.7553567507826209,100,9.566430641666658,342.6850956099987,1.4832407200010493,42,"[{""C"": 0.6392908815231854, ""nucleo"": ""rbf_nystroem"", ""gamma"": 0.0001803961503006787},{""C"": 0.6392908815231854, ""nucleo"": ""rbf_nystroem"", ""gamma"": 0.0001803961503006787},{""C"": 0.6392908815231854, ""nucleo"": ""rbf_nystroem"", ""gamma"": 0.0001803961503006787},{""C"": 0.6392908815231854, ""nucleo"": ""rbf_nystroem"", ""gamma"": 0.0001803961503006787},{""C"": 0.6392908815231854, ""nucleo"": ""rbf_nystroem"", ""gamma"": 0.0001803961503006787}]"
clasificacion,logistica,ninguno,bayesiana,0.756909465176407,0.23439007965000594,0.6662832399122639,0.15761548059079816,0.7203927492447131,0.6615314212514048,0.25856327913016497,0.10426532030105591,0.06874178048722862,0.023207291628465004,0.022886467743717963,,,,0.0022491431716274227,0.0038329363702564764,0.015334116967956944,0.0035088155196383243,0.02143501633821466,0.018511741854241908,0.0035321558733322315,0.004355125715491056,0.00012550273867857948,0.005963386872164758,0.005900543775582303,,,,5,0.756303803769949,100,6.259792118305556,210.3715817780002,0.15116712000053667,42,"[{""C"": 0.0561328589731617, ""penalizacion"": ""l1""},{""C"": 0.03689717149292666, ""penalizacion"": ""l1""},{""C"": 0.0561328589731617, ""penalizacion"": ""l1""},{""C"": 0.0561328589731617, ""penalizacion"": ""l1""},{""C"": 0.03689717149292666, ""penalizacion"": ""l1""}]"
clasificacion,logistica,ninguno,aleatoria,0.7567569914746792,0.23428229781189222,0.667201905638312,0.15777777156289688,0.7191339375629406,0.6626413091563567,0.25872297939658184,0.10448261052370071,0.06874552236892512,0.023123341833915463,0.02282738991682091,,,,0.0021370790796843603,0.0036787829763465763,0.012833722524187813,0.0029686305615234626,0.018444576814770845,0.015515276308605941,0.0030465830455703126,0.004739287925873602,0.00012637764321786084,0.005904452441639625,0.005851547242677052,,,,5,0.756232315001687,100,4.132886216138891,134.6712573699994,0.10089405999860901,42,"[{""C"": 0.059282148520287944, ""penalizacion"": ""l1""},{""C"": 0.059282148520287944, ""penalizacion"": ""l1""},{""C"": 0.059282148520287944, ""penalizacion"": ""l1""},{""C"": 0.059282148520287944, ""penalizacion"": ""l1""},{""C"": 0.059282148520287944, ""penalizacion"": ""l1""}]"
clasificacion,logistica,ninguno,rejilla,0.7567544181635222,0.2342858994965608,0.6674051500698326,0.15781856187236643,0.7188318227593152,0.6628889333929123,0.2587591766619403,0.10451840013265609,0.06874569124334869,0.02311235764065885,0.02282774627652926,,,,0.002134293784239614,0.003677000521629232,0.012721388687544207,0.0029598775769834515,0.01816653240083289,0.01537084561435333,0.0030364677945676744,0.004757830392850082,0.00012638957325337394,0.005909362051179903,0.005843010203042992,,,,5,0.7562313009570392,100,5.035962953,167.56741626500005,0.14090028000155144,42,"[{""C"": 0.05994842503189412, ""penalizacion"": ""l1""},{""C"": 0.05994842503189412, ""penalizacion"": ""l1""},{""C"": 0.05994842503189412, ""penalizacion"": ""l1""},{""C"": 0.05994842503189412, ""penalizacion"": ""l1""},{""C"": 0.05994842503189412, ""penalizacion"": ""l1""}]"
clasificacion,logistica,ninguno,genetica,0.75664737074575,0.2340429938354492,0.6721732562805813,0.15912908851479446,0.7144008056394763,0.6684648880453188,0.26027364313779267,0.10550177246332168,0.06875149234152578,0.023045937792147565,0.022753558558032877,,,,0.001970293402776029,0.0035812606053779025,0.004355872121978154,0.000827468299360533,0.009647130636826106,0.005522819547574166,0.0010696588487661169,0.006099252217502,0.00013834490522533912,0.005916330039934085,0.005805137041544842,,,,5,0.7557611465512898,100,8.048727891805548,267.03539136699993,0.18676520000117308,42,"[{""C"": 0.0342591848688409, ""penalizacion"": ""l1""},{""C"": 3.581385516931618, ""penalizacion"": ""l1""},{""C"": 3.299820608094614, ""penalizacion"": ""l1""},{""C"": 3.045816681159066, ""penalizacion"": ""l1""},{""C"": 3.3483706910992073, ""penalizacion"": ""l1""}]"
clasificacion,svm,ninguno,bayesiana,0.7563245535759848,0.23206959111956688,0.7233301148573876,0.1739209189197112,0.647079556898288,0.7300263225781423,0.27413362822041687,-0.7647001403818722,,,,,,,0.002750144000993669,0.003962052928605154,0.005988355755499244,0.00250966087819107,0.010978974172411459,0.007223839751199179,0.0030932828940187203,0.006077346185444942,,,,,,,5,0.7548508021294824,100,5.002360244583328,177.41148178200064,0.21178323999920395,42,"[{""C"": 0.0004021387658960527, ""nucleo"": ""lineal""},{""C"": 0.0002956042864655411, ""nucleo"": ""lineal""},{""C"": 0.0002577462784484732, ""nucleo"": ""lineal""},{""C"": 0.0002577462784484732, ""nucleo"": ""lineal""},{""C"": 0.0004021387658960527, ""nucleo"": ""lineal""}]"
clasificacion,random_forest,class_weight,aleatoria,0.7496769072019313,0.22411167717304342,0.6993390919555775,0.1647214007978314,0.6688821752265861,0.7020137843057508,0.2643056729380642,0.38517397046089175,0.14272174564794768,0.26636805518503237,0.2663648864962931,,,,0.00346256869026909,0.0021723702492475964,0.008746448144610867,0.0029417656827066653,0.01619753644750941,0.010666330088941526,0.0035912079409267357,0.004262642812570956,0.00036152999631441766,0.0008861357195146781,0.0008867192336657257,,,,5,0.74726095758951,100,2.981596822277774,100.80861489600008,1.0904091600023094,42,"[{""n_estimators"": 249, ""max_depth"": 16, ""min_samples_leaf"": 72, ""max_features"": 0.12372871768976328, ""max_samples"": 0.48782232451032315},{""n_estimators"": 249, ""max_depth"": 16, ""min_samples_leaf"": 72, ""max_features"": 0.12372871768976328, ""max_samples"": 0.48782232451032315},{""n_estimators"": 249, ""max_depth"": 16, ""min_samples_leaf"": 72, ""max_features"": 0.12372871768976328, ""max_samples"": 0.48782232451032315},{""n_estimators"": 249, ""max_depth"": 16, ""min_samples_leaf"": 72, ""max_features"": 0.12372871768976328, ""max_samples"": 0.48782232451032315},{""n_estimators"": 249, ""max_depth"": 16, ""min_samples_leaf"": 72, ""max_features"": 0.12372871768976328, ""max_samples"": 0.48782232451032315}]"
clasificacion,random_forest,class_weight,bayesiana,0.7489196689895878,0.22394791918172446,0.7077656098306472,0.16709574621228174,0.6571500503524673,0.7122105991810648,0.26640225059937156,0.41018245816230775,0.15198884840991594,0.2815016739915568,0.2814953124821417,,,,0.004284512291343234,0.0035205100218088014,0.00872000592673164,0.0034076096327513837,0.016689963120902932,0.010531864791939561,0.004390512919845179,0.018476849151316307,0.006171549728452275,0.010510862875622756,0.010506614166705702,,,,5,0.7469804240182849,100,3.9143512044166546,135.38137462500023,0.8451722999991034,42,"[{""n_estimators"": 255, ""max_depth"": 14, ""min_samples_leaf"": 87, ""max_features"": 0.14606812463022179, ""max_samples"": 0.4809890535285848},{""n_estimators"": 187, ""max_depth"": 16, ""min_samples_leaf"": 81, ""max_features"": 0.16964855606055224, ""max_samples"": 0.6802251680301226},{""n_estimators"": 214, ""max_depth"": 16, ""min_samples_leaf"": 114, ""max_features"": 0.13191630853069744, ""max_samples"": 0.5714369821035179},{""n_estimators"": 187, ""max_depth"": 16, ""min_samples_leaf"": 81, ""max_features"": 0.16964855606055224, ""max_samples"": 0.6802251680301226},{""n_estimators"": 214, ""max_depth"": 16, ""min_samples_leaf"": 114, ""max_features"": 0.13191630853069744, ""max_samples"": 0.5714369821035179}]"
clasificacion,random_forest,ninguno,aleatoria,0.747586664916752,0.22408557537236687,0.7134605429956263,0.1676564396503823,0.64269889224572,0.7196747322162604,0.2658753785778239,0.09491153657436371,0.06917803889225316,0.016460317634944824,0.01685510800747982,,,,0.0036925571058272063,0.0027938746159195333,0.01007092525814259,0.001784882473175152,0.021256704215642824,0.012810361700972186,0.0009054937113415657,0.0024685625244273367,0.00018848998672390077,0.0006485212972950019,0.0006842482332395727,,,,5,0.7452822754735371,100,2.071476870416666,70.79237457499998,0.8384775200001059,42,"[{""n_estimators"": 249, ""max_depth"": 16, ""min_samples_leaf"": 72, ""max_features"": 0.12372871768976328, ""max_samples"": 0.48782232451032315},{""n_estimators"": 249, ""max_depth"": 16, ""min_samples_leaf"": 72, ""max_features"": 0.12372871768976328, ""max_samples"": 0.48782232451032315},{""n_estimators"": 249, ""max_depth"": 16, ""min_samples_leaf"": 72, ""max_features"": 0.12372871768976328, ""max_samples"": 0.48782232451032315},{""n_estimators"": 249, ""max_depth"": 16, ""min_samples_leaf"": 72, ""max_features"": 0.12372871768976328, ""max_samples"": 0.48782232451032315},{""n_estimators"": 249, ""max_depth"": 16, ""min_samples_leaf"": 72, ""max_features"": 0.12372871768976328, ""max_samples"": 0.48782232451032315}]"
clasificacion,random_forest,class_weight,genetica,0.746878718278216,0.22268548659839218,0.7108508347358927,0.16680445626295898,0.6446626384692851,0.7166633850475812,0.26486357220548196,0.42204002737998964,0.15632583895816266,0.2865768422127186,0.28657239081399044,,,,0.004138441303357572,0.002079226806418967,0.017917804860215013,0.00507675455557537,0.02788351699925922,0.02180930262110508,0.004820572284212729,0.03781687038559425,0.013985689591673634,0.02284004041380378,0.022843649500255015,,,,5,0.7449805419926667,100,3.249469770999996,112.40103115099969,0.8891295399924275,42,"[{""n_estimators"": 213, ""max_depth"": 16, ""min_samples_leaf"": 82, ""max_features"": 0.2702755523903293, ""max_samples"": 0.5131322388766191},{""n_estimators"": 213, ""max_depth"": 14, ""min_samples_leaf"": 82, ""max_features"": 0.2702755523903293, ""max_samples"": 0.5804868922485578},{""n_estimators"": 168, ""max_depth"": 14, ""min_samples_leaf"": 194, ""max_features"": 0.24551602317164983, ""max_samples"": 0.4795959914970501},{""n_estimators"": 213, ""max_depth"": 14, ""min_samples_leaf"": 82, ""max_features"": 0.2702755523903293, ""max_samples"": 0.5728252851065829},{""n_estimators"": 188, ""max_depth"": 14, ""min_samples_leaf"": 194, ""max_features"": 0.2702755523903293, ""max_samples"": 0.539289037727014}]"
clasificacion,random_forest,ninguno,bayesiana,0.7467260412295242,0.224822496147122,0.7064039274602993,0.1651300571115779,0.649546827794562,0.7113970526394907,0.2632458007216461,0.09243832230567932,0.06957960811574804,0.01864816932450334,0.01887366610867659,,,,0.004283288900782698,0.0019675680487584056,0.011589985914943477,0.0033137079128286676,0.021077485061380772,0.01427955315646183,0.0035541051524192882,0.0022954506155796212,0.00033790266644147574,0.0009309723316321986,0.0012477856111358656,,,,5,0.745408645073722,100,2.3217611813888883,80.15389172800008,0.8506941399997231,42,"[{""n_estimators"": 231, ""max_depth"": 14, ""min_samples_leaf"": 40, ""max_features"": 0.21701805031477372, ""max_samples"": 0.4346499761730522},{""n_estimators"": 248, ""max_depth"": 16, ""min_samples_leaf"": 67, ""max_features"": 0.17636567044713877, ""max_samples"": 0.5195609452813293},{""n_estimators"": 243, ""max_depth"": 13, ""min_samples_leaf"": 52, ""max_features"": 0.15582840626262012, ""max_samples"": 0.4694519886388535},{""n_estimators"": 117, ""max_depth"": 15, ""min_samples_leaf"": 35, ""max_features"": 0.11444802006058827, ""max_samples"": 0.5491740467019959},{""n_estimators"": 117, ""max_depth"": 15, ""min_samples_leaf"": 35, ""max_features"": 0.11444802006058827, ""max_samples"": 0.5491740467019959}]"
clasificacion,random_forest,ninguno,rejilla,0.7464737509208548,0.2257444060395895,0.7215415756247747,0.17019961634237984,0.6312185297079557,0.7294736175086053,0.26796538523710595,0.09593108743429184,0.07102174521693838,0.023896140456874822,0.0240603620459225,,,,0.004355237987953486,0.003272022249812181,0.014060668122214877,0.0033206258706216583,0.03019122768632765,0.017850384118880465,0.00287848543823941,0.004765482908532895,0.00034425409302583996,0.0006620227706980521,0.0007263057973194626,,,,5,0.7441113439407874,80,2.840630318027777,117.8007252825001,0.9756139600008282,42,"[{""n_estimators"": 300, ""max_depth"": 16, ""min_samples_leaf"": 20, ""max_features"": 0.3, ""max_samples"": 0.5},{""n_estimators"": 300, ""max_depth"": 16, ""min_samples_leaf"": 20, ""max_features"": 0.3, ""max_samples"": 0.5},{""n_estimators"": 300, ""max_depth"": 16, ""min_samples_leaf"": 20, ""max_features"": 0.3, ""max_samples"": 0.5},{""n_estimators"": 300, ""max_depth"": 16, ""min_samples_leaf"": 20, ""max_features"": 0.3, ""max_samples"": 0.5},{""n_estimators"": 300, ""max_depth"": 16, ""min_samples_leaf"": 20, ""max_features"": 0.3, ""max_samples"": 0.5}]"
clasificacion,random_forest,ninguno,genetica,0.7451399661866083,0.22438538398060998,0.720106743177215,0.1692814570099064,0.6303121852970796,0.7279923926765157,0.26677809068181463,0.09313517361879349,0.06987222198862864,0.01837262859870161,0.019299588091502857,,,,0.004568368993800909,0.0028952550358074917,0.013846957981056476,0.004689658092754811,0.020161903791233515,0.0166608837681642,0.004800487966208718,0.0033533328032813395,0.00027035999681429383,0.0004172569975698326,0.0005861590717302421,,,,5,0.7442216336419972,100,3.0531560489166685,106.81288630500005,0.8002993200003402,42,"[{""n_estimators"": 252, ""max_depth"": 11, ""min_samples_leaf"": 20, ""max_features"": 0.1975002754880372, ""max_samples"": 0.5766674597046076},{""n_estimators"": 266, ""max_depth"": 11, ""min_samples_leaf"": 20, ""max_features"": 0.173494620425617, ""max_samples"": 0.5766674597046076},{""n_estimators"": 265, ""max_depth"": 11, ""min_samples_leaf"": 20, ""max_features"": 0.173494620425617, ""max_samples"": 0.5766674597046076},{""n_estimators"": 263, ""max_depth"": 11, ""min_samples_leaf"": 20, ""max_features"": 0.17274074626935773, ""max_samples"": 0.5766674597046076},{""n_estimators"": 292, ""max_depth"": 11, ""min_samples_leaf"": 20, ""max_features"": 0.20399669905580164, ""max_samples"": 0.5766674597046076}]"
clasificacion,random_forest,class_weight,rejilla,0.7441259328521366,0.2142001608382595,0.6971154163239143,0.16207225220257188,0.6586102719033232,0.7004968583805524,0.2599969676210438,0.2927892804145813,0.10980893625935309,0.19602031681096105,0.19601876140084984,,,,0.003752572878030658,0.0007261033286399916,0.01706583948638399,0.004582949398529795,0.026086271595143255,0.02072213575130976,0.004562135148551501,0.009357118363413465,0.0003294671791143652,0.0010273693176155853,0.001025597805538004,,,,5,0.742790877003235,80,3.27676755599999,129.51398965375037,1.0765238800027874,42,"[{""n_estimators"": 300, ""max_depth"": 16, ""min_samples_leaf"": 20, ""max_features"": 0.3, ""max_samples"": 0.5},{""n_estimators"": 300, ""max_depth"": 16, ""min_samples_leaf"": 20, ""max_features"": 0.3, ""max_samples"": 0.5},{""n_estimators"": 300, ""max_depth"": 16, ""min_samples_leaf"": 20, ""max_features"": 0.3, ""max_samples"": 0.5},{""n_estimators"": 300, ""max_depth"": 16, ""min_samples_leaf"": 20, ""max_features"": 0.3, ""max_samples"": 0.5},{""n_estimators"": 300, ""max_depth"": 16, ""min_samples_leaf"": 20, ""max_features"": 0.3, ""max_samples"": 0.5}]"
clasificacion,logistica,smote,bayesiana,0.7441183327812583,0.22373030970498536,0.7110948500305481,0.1662547915038534,0.6415407854984894,0.7172030103401822,0.26400150780637405,0.3588673174381256,0.12611506145622703,0.2092681695398452,0.20926809004211083,,,,0.0037320463774596006,0.004428080373106062,0.01177931467298972,0.0038005099760602423,0.016967735541111015,0.014186919062860145,0.003836911924501165,0.009382108030103566,0.0010904295693032887,0.004259024296618608,0.0042588991616240805,,,,5,0.7431793999551491,100,6.952490121194439,239.80049430400018,0.1663325600005919,42,"[{""C"": 0.0021034580869798442, ""penalizacion"": ""l1""},{""C"": 0.0019974448210398443, ""penalizacion"": ""l1""},{""C"": 0.0019974448210398443, ""penalizacion"": ""l1""},{""C"": 0.0019974448210398443, ""penalizacion"": ""l1""},{""C"": 0.003960734017244049, ""penalizacion"": ""l1""}]"
clasificacion,logistica,smote,rejilla,0.7440430565533023,0.22387244188810057,0.7114485656556994,0.16656179044656827,0.6410372608257805,0.7176320195348341,0.2642429726224135,0.35815008282661437,0.12660598344582302,0.2067166493253721,0.20671517432883424,,,,0.00391306297379988,0.00441057945219622,0.018333317713914513,0.006349288228511088,0.02442055730008077,0.02190991264961265,0.006526439426460186,0.014695769713231542,0.001173980645013478,0.004054841589328415,0.004052613396734092,,,,5,0.742866856870098,100,5.348543588333325,176.9075032840004,0.20059298000414855,42,"[{""C"": 0.004641588833612781, ""penalizacion"": ""l1""},{""C"": 0.004641588833612781, ""penalizacion"": ""l1""},{""C"": 0.004641588833612781, ""penalizacion"": ""l1""},{""C"": 0.004641588833612781, ""penalizacion"": ""l1""},{""C"": 0.004641588833612781, ""penalizacion"": ""l1""}]"
clasificacion,logistica,adasyn,rejilla,0.7437416162164782,0.2233272341760162,0.7103753737747374,0.16556597733208567,0.6397280966767371,0.7165795386591085,0.2629714693248431,0.3513124406337738,0.12383906001121892,0.2026040534084788,0.20260232445656473,,,,0.0037331439705288,0.004278709901687839,0.012227361834777125,0.004086796931498384,0.01883596224651977,0.014762266819755376,0.0043493230318865156,0.009178562808304251,0.0011560063636051072,0.004128681735057838,0.004126102031497752,,,,5,0.7424327900097928,100,6.739738288527764,230.61230048500062,0.19586113999466762,42,"[{""C"": 0.004641588833612781, ""penalizacion"": ""l1""},{""C"": 0.004641588833612781, ""penalizacion"": ""l1""},{""C"": 0.004641588833612781, ""penalizacion"": ""l1""},{""C"": 0.004641588833612781, ""penalizacion"": ""l1""},{""C"": 0.004641588833612781, ""penalizacion"": ""l1""}]"
clasificacion,logistica,smote,aleatoria,0.7436261217982703,0.2237783375877369,0.7122167948049496,0.166433026206924,0.638318227593152,0.7187064883028962,0.26385040489998496,0.35923264622688295,0.12638108822563174,0.20726374971622855,0.2072622647079711,,,,0.003795310362895641,0.004309877919988104,0.0179480558024675,0.00495601051818372,0.028731587283128492,0.021950039188279556,0.004520130440519833,0.013150688891714639,0.001116074892508746,0.004105133011926703,0.004103159688162549,,,,5,0.7428864072617454,100,4.882034954166678,164.14135274999904,0.17316126000368967,42,"[{""C"": 0.004257226831781381, ""penalizacion"": ""l1""},{""C"": 0.004257226831781381, ""penalizacion"": ""l1""},{""C"": 0.004257226831781381, ""penalizacion"": ""l1""},{""C"": 0.004257226831781381, ""penalizacion"": ""l1""},{""C"": 0.004257226831781381, ""penalizacion"": ""l1""}]"
clasificacion,logistica,adasyn,bayesiana,0.7436247192622712,0.22321592662202688,0.7115623462285064,0.16648520352657273,0.6401812688821752,0.7178309587117108,0.2640837418157866,0.3527378022670746,0.12332860843420608,0.20469533296912784,0.2046951137477945,,,,0.0035373928240345722,0.004218831251815633,0.018499252755634472,0.006304667502939674,0.021504247205388058,0.021920020264106038,0.006450395595635412,0.015424528663654655,0.001169519834939963,0.00443496821537233,0.00443461665228345,,,,5,0.7426907454759127,100,8.760561739861128,300.9455567880001,0.14860340000886935,42,"[{""C"": 0.0021034580869798442, ""penalizacion"": ""l1""},{""C"": 0.0019974448210398443, ""penalizacion"": ""l1""},{""C"": 0.0019974448210398443, ""penalizacion"": ""l1""},{""C"": 0.003960734017244049, ""penalizacion"": ""l1""},{""C"": 0.003960734017244049, ""penalizacion"": ""l1""}]"
clasificacion,logistica,adasyn,aleatoria,0.7433086717014116,0.2232310536637255,0.7138142685349063,0.1666300990628908,0.6347432024169184,0.7207581955245834,0.2638092926138525,0.3543050765991211,0.12363918194022891,0.2032142317949724,0.20321250387567896,,,,0.0036281423584542632,0.00417019536461577,0.01686150510393153,0.004440517878588109,0.02790896501100908,0.02071691238568603,0.003903254995811865,0.010815162938568532,0.0010453531304435682,0.003996683327518617,0.00399436774759225,,,,5,0.7424677990219911,100,5.263858194277784,177.83093257599953,0.142085859994404,42,"[{""C"": 0.004257226831781381, ""penalizacion"": ""l1""},{""C"": 0.004257226831781381, ""penalizacion"": ""l1""},{""C"": 0.004257226831781381, ""penalizacion"": ""l1""},{""C"": 0.004257226831781381, ""penalizacion"": ""l1""},{""C"": 0.004257226831781381, ""penalizacion"": ""l1""}]"
clasificacion,svm,smote,genetica,0.7429196511140785,0.2230583604526542,0.7239846190355695,0.1696666133095448,0.6207955689828801,0.7330465416889208,0.26645676306546606,-0.22640720349185567,,,,,,,0.004162877732279342,0.00414176049762658,0.008414870901352423,0.00414813942154229,0.014778470588825256,0.009872805491923133,0.005328630049762021,0.012599439297956804,,,,,,,5,0.7413547304150068,100,18.24298839380555,653.6390631129987,0.23493540001218208,42,"[{""C"": 0.00010000000000000009, ""nucleo"": ""lineal""},{""C"": 0.00010000000000000009, ""nucleo"": ""lineal""},{""C"": 0.00010000000000000009, ""nucleo"": ""lineal""},{""C"": 0.00010000000000000009, ""nucleo"": ""lineal""},{""C"": 0.00010000000000000009, ""nucleo"": ""lineal""}]"
clasificacion,svm,smote,rejilla,0.7429196511140785,0.2230583604526542,0.7239846190355695,0.1696666133095448,0.6207955689828801,0.7330465416889208,0.26645676306546606,-0.22640720349185567,,,,,,,0.004162877732279342,0.00414176049762658,0.008414870901352423,0.00414813942154229,0.014778470588825256,0.009872805491923133,0.005328630049762021,0.012599439297956804,,,,,,,5,0.7413547304150068,60,2.870290878777778,168.1345565333317,0.22108019999577663,42,"[{""C"": 0.00010000000000000009, ""nucleo"": ""lineal""},{""C"": 0.00010000000000000009, ""nucleo"": ""lineal""},{""C"": 0.00010000000000000009, ""nucleo"": ""lineal""},{""C"": 0.00010000000000000009, ""nucleo"": ""lineal""},{""C"": 0.00010000000000000009, ""nucleo"": ""lineal""}]"
clasificacion,svm,smote,bayesiana,0.7428810798791681,0.22304054339751547,0.7230171657166311,0.16939549320873645,0.6221047331319235,0.7318791575924433,0.2662371338133842,-0.22999376241210207,,,,,,,0.0041959795484661855,0.004114189700159249,0.009838293506740725,0.004881842475089242,0.010811133209256732,0.011177606063422302,0.005993547305726366,0.014709079406675951,,,,,,,5,0.7412631190186255,100,5.822016438416665,205.9222637839995,0.2511896400043042,42,"[{""C"": 0.00013097320469009218, ""nucleo"": ""lineal""},{""C"": 0.00013097320469009218, ""nucleo"": ""lineal""},{""C"": 0.00013097320469009218, ""nucleo"": ""lineal""},{""C"": 0.00013097320469009218, ""nucleo"": ""lineal""},{""C"": 0.00013097320469009218, ""nucleo"": ""lineal""}]"
clasificacion,svm,smote,aleatoria,0.7428451537528487,0.2230337888761448,0.7216432446021755,0.16890876610571354,0.6235649546827795,0.7302563503611441,0.2657562218790964,-0.23316402773152411,,,,,,,0.004224094269899872,0.00412344378768844,0.011023820032774101,0.005139312359250748,0.010152610816417681,0.012589512352845942,0.0060402506780648894,0.01566785684158007,,,,,,,5,0.7411845368079086,100,12.605013211722213,450.60669704099826,0.23978403999935835,42,"[{""C"": 0.00016558417513094634, ""nucleo"": ""lineal""},{""C"": 0.00016558417513094634, ""nucleo"": ""lineal""},{""C"": 0.00016558417513094634, ""nucleo"": ""lineal""},{""C"": 0.00016558417513094634, ""nucleo"": ""lineal""},{""C"": 0.00016558417513094634, ""nucleo"": ""lineal""}]"
clasificacion,svm,adasyn,genetica,0.742616917593017,0.22235979347453014,0.7217408566354678,0.16886005217013605,0.6221047331319235,0.7304907821947013,0.2654711199954076,-0.24187073468151493,,,,,,,0.004035669563188433,0.004067787075747293,0.01646778308815681,0.006408106259272033,0.019529845591686492,0.019400053452463824,0.006806874397022859,0.02232453802735492,,,,,,,5,0.7410246717235113,100,18.380945937444455,658.9732394280004,0.23532269999705022,42,"[{""C"": 0.00010000000000000009, ""nucleo"": ""lineal""},{""C"": 0.00010000000000000009, ""nucleo"": ""lineal""},{""C"": 0.00010000000000000009, ""nucleo"": ""lineal""},{""C"": 0.00010000000000000009, ""nucleo"": ""lineal""},{""C"": 0.00010000000000000009, ""nucleo"": ""lineal""}]"
clasificacion,svm,adasyn,rejilla,0.742616917593017,0.22235979347453014,0.7217408566354678,0.16886005217013605,0.6221047331319235,0.7304907821947013,0.2654711199954076,-0.24187073468151493,,,,,,,0.004035669563188433,0.004067787075747293,0.01646778308815681,0.006408106259272033,0.019529845591686492,0.019400053452463824,0.006806874397022859,0.02232453802735492,,,,,,,5,0.7410246717235113,60,4.426449753722198,258.8347203266661,0.3039155199949164,42,"[{""C"": 0.00010000000000000009, ""nucleo"": ""lineal""},{""C"": 0.00010000000000000009, ""nucleo"": ""lineal""},{""C"": 0.00010000000000000009, ""nucleo"": ""lineal""},{""C"": 0.00010000000000000009, ""nucleo"": ""lineal""},{""C"": 0.00010000000000000009, ""nucleo"": ""lineal""}]"
clasificacion,svm,adasyn,bayesiana,0.7425737128345676,0.2222734538507239,0.7142328509000684,0.16644157408342114,0.6318227593152065,0.721469983440987,0.2633267197926653,-0.25569323712187325,,,,,,,0.004068920316691576,0.004067467365116135,0.01708295603650627,0.006612243892580201,0.01924426242198318,0.020082846446127702,0.007090806786317495,0.02682787078177801,,,,,,,5,0.7409325251217094,100,8.77821230069444,311.47039541900244,0.3214941599930171,42,"[{""C"": 0.00013097320469009218, ""nucleo"": ""lineal""},{""C"": 0.00013097320469009218, ""nucleo"": ""lineal""},{""C"": 0.00013097320469009218, ""nucleo"": ""lineal""},{""C"": 0.00013097320469009218, ""nucleo"": ""lineal""},{""C"": 0.00013097320469009218, ""nucleo"": ""lineal""}]"
clasificacion,svm,adasyn,aleatoria,0.7425384601284618,0.22223638685802696,0.7216716580821286,0.1690495120961471,0.623766364551863,0.7302695634904669,0.2658948505077773,-0.24578948294579583,,,,,,,0.004093192970829625,0.004073015893068277,0.014423814463618893,0.005838529574629864,0.016757426685852936,0.016941932400145434,0.006332526666656973,0.02221814618385412,,,,,,,5,0.7408544927117138,100,18.529487148111116,662.7887082389977,0.3349348799907602,42,"[{""C"": 0.00016558417513094634, ""nucleo"": ""lineal""},{""C"": 0.00016558417513094634, ""nucleo"": ""lineal""},{""C"": 0.00016558417513094634, ""nucleo"": ""lineal""},{""C"": 0.00016558417513094634, ""nucleo"": ""lineal""},{""C"": 0.00016558417513094634, ""nucleo"": ""lineal""}]"
clasificacion,logistica,smote,genetica,0.742009486762116,0.22216615924041855,0.7219969018165849,0.1684517219254938,0.6200402819738168,0.7309505981370251,0.26487409591598043,0.3550510476516098,0.12275637807825768,0.19485660070260605,0.19485660070260608,,,,0.003983250538401392,0.00409584312390181,0.010242491948111512,0.004940505355034075,0.012014102911494566,0.01179227185805525,0.005899427474352236,0.007672204008211483,0.0008487164652610515,0.0019136951791311088,0.0019136951791311298,,,,5,0.7404293970668526,100,1.8021169851944392,64.58067915699881,0.22310813999793028,42,"[{""C"": 0.0003445871220438976, ""penalizacion"": ""l2""},{""C"": 0.00029572411409066154, ""penalizacion"": ""l2""},{""C"": 0.0003163037061658329, ""penalizacion"": ""l2""},{""C"": 0.00029572411409066154, ""penalizacion"": ""l2""},{""C"": 0.0003163037061658329, ""penalizacion"": ""l2""}]"
clasificacion,logistica,adasyn,genetica,0.7416721387345839,0.2215222019507656,0.7129116918701073,0.16555801645167648,0.6309164149043303,0.7201123816483516,0.26212979443766415,0.341098264199197,0.12007544395466448,0.1909796289599974,0.19097962895999748,,,,0.0038631010812454716,0.0040507149180041046,0.018463664915415512,0.005869435100565956,0.024156724087557493,0.02204163549679465,0.006173881337472798,0.01630647648067051,0.0006836637594666353,0.001905601650658145,0.0019056016506581329,,,,5,0.7400824809965206,100,1.976836246861098,70.89198352300124,0.20126559998316224,42,"[{""C"": 0.00029572411409066154, ""penalizacion"": ""l2""},{""C"": 0.00029572411409066154, ""penalizacion"": ""l2""},{""C"": 0.00029572411409066154, ""penalizacion"": ""l2""},{""C"": 0.00029572411409066154, ""penalizacion"": ""l2""},{""C"": 0.0003445871220438976, ""penalizacion"": ""l2""}]"
clasificacion,random_forest,adasyn,bayesiana,0.7321759943633037,0.19924634150917128,0.6986195951279497,0.15853143192833632,0.6328298086606244,0.704397169806769,0.2533371032840465,0.18098689913749694,0.07797617582552131,0.08952423301895591,0.08942945562523315,,,,0.0036727535066946155,0.0030883677256670736,0.021152601534592655,0.004459373040951006,0.03495718000435299,0.026030084017613135,0.0035719361756990204,0.004363698133050103,7.893792339637962e-05,0.000589328252880361,0.0005472923513617191,,,,5,0.7313198743611389,100,5.056632355916696,173.3912669840011,1.2440138200006914,42,"[{""n_estimators"": 246, ""max_depth"": 16, ""min_samples_leaf"": 23, ""max_features"": 0.17379318205938574, ""max_samples"": 0.37516230966713954},{""n_estimators"": 246, ""max_depth"": 16, ""min_samples_leaf"": 23, ""max_features"": 0.17379318205938574, ""max_samples"": 0.37516230966713954},{""n_estimators"": 246, ""max_depth"": 16, ""min_samples_leaf"": 23, ""max_features"": 0.17379318205938574, ""max_samples"": 0.37516230966713954},{""n_estimators"": 246, ""max_depth"": 16, ""min_samples_leaf"": 23, ""max_features"": 0.17379318205938574, ""max_samples"": 0.37516230966713954},{""n_estimators"": 246, ""max_depth"": 16, ""min_samples_leaf"": 23, ""max_features"": 0.17379318205938574, ""max_samples"": 0.37516230966713954}]"
clasificacion,random_forest,smote,bayesiana,0.7316799801897735,0.19848182165904893,0.6920913343309497,0.15687881493131942,0.6425981873111782,0.6964377556447252,0.25213848759394875,0.18221824169158934,0.07847671107850253,0.09233272891674757,0.09225546769893471,,,,0.0032291898204349144,0.0031847530998143497,0.011658760171314836,0.003957153278157298,0.011844340997242318,0.013566195396368103,0.00455365144523576,0.0020725191715338875,0.00013420861344564573,0.0007084432807851217,0.0006573549939607469,,,,5,0.7314786341904714,100,5.627784388500004,193.88820278200043,1.1169047999981558,42,"[{""n_estimators"": 246, ""max_depth"": 16, ""min_samples_leaf"": 23, ""max_features"": 0.17379318205938574, ""max_samples"": 0.37516230966713954},{""n_estimators"": 246, ""max_depth"": 16, ""min_samples_leaf"": 23, ""max_features"": 0.17379318205938574, ""max_samples"": 0.37516230966713954},{""n_estimators"": 246, ""max_depth"": 16, ""min_samples_leaf"": 23, ""max_features"": 0.17379318205938574, ""max_samples"": 0.37516230966713954},{""n_estimators"": 246, ""max_depth"": 16, ""min_samples_leaf"": 23, ""max_features"": 0.17379318205938574, ""max_samples"": 0.37516230966713954},{""n_estimators"": 246, ""max_depth"": 16, ""min_samples_leaf"": 23, ""max_features"": 0.17379318205938574, ""max_samples"": 0.37516230966713954}]"
clasificacion,random_forest,adasyn,rejilla,0.7311807600684088,0.19606371671666106,0.6990097496376718,0.15830401798684388,0.63202416918429,0.70489231601698,0.25316748448324417,0.17473312020301818,0.0771594733367701,0.08425080868302977,0.08420395601140798,,,,0.003963612545478691,0.003245571755629852,0.005876898956650623,0.0010190270511195262,0.017499384075115684,0.007854862135257757,0.002177652049112402,0.0017189603339801758,9.770582151827456e-05,0.0005100170109979646,0.0004923314664200848,,,,5,0.7304293642597413,80,2.5074565339166455,98.09882742624904,1.435948240000289,42,"[{""n_estimators"": 300, ""max_depth"": 16, ""min_samples_leaf"": 20, ""max_features"": 0.3, ""max_samples"": 0.5},{""n_estimators"": 300, ""max_depth"": 16, ""min_samples_leaf"": 20, ""max_features"": 0.3, ""max_samples"": 0.5},{""n_estimators"": 300, ""max_depth"": 16, ""min_samples_leaf"": 20, ""max_features"": 0.3, ""max_samples"": 0.5},{""n_estimators"": 300, ""max_depth"": 16, ""min_samples_leaf"": 20, ""max_features"": 0.3, ""max_samples"": 0.5},{""n_estimators"": 300, ""max_depth"": 16, ""min_samples_leaf"": 20, ""max_features"": 0.3, ""max_samples"": 0.5}]"
clasificacion,random_forest,smote,rejilla,0.7309481948458977,0.19629736155563732,0.6958350191517546,0.15754938428483647,0.6355991943605236,0.7011248252297945,0.25236014201088486,0.17626767456531525,0.07752647404200189,0.08652902279598121,0.08648351495085602,,,,0.0040350901069476156,0.0027814329859165887,0.01698150839704555,0.003931975149461689,0.029787112697062888,0.020941124088610777,0.0038091475090460797,0.004172655780558478,0.00013991821262809964,0.0006455032633957216,0.0005983867208718092,,,,5,0.7304931515161874,80,3.5333895246666502,143.86904399000105,1.3711956600018311,42,"[{""n_estimators"": 300, ""max_depth"": 16, ""min_samples_leaf"": 20, ""max_features"": 0.3, ""max_samples"": 0.5},{""n_estimators"": 300, ""max_depth"": 16, ""min_samples_leaf"": 20, ""max_features"": 0.3, ""max_samples"": 0.5},{""n_estimators"": 300, ""max_depth"": 16, ""min_samples_leaf"": 20, ""max_features"": 0.3, ""max_samples"": 0.5},{""n_estimators"": 300, ""max_depth"": 16, ""min_samples_leaf"": 20, ""max_features"": 0.3, ""max_samples"": 0.5},{""n_estimators"": 300, ""max_depth"": 16, ""min_samples_leaf"": 20, ""max_features"": 0.3, ""max_samples"": 0.5}]"
clasificacion,random_forest,adasyn,aleatoria,0.7255053780054306,0.1923864523977818,0.6953351741430474,0.15537595356870998,0.6251258811681772,0.701500871529704,0.24883433411485134,0.1929795742034912,0.08015025941603197,0.10008704128393697,0.10001471483741202,,,,0.003970311919797528,0.003657740475579135,0.010117715916657043,0.001552605535861355,0.022846651755670928,0.01294574994384189,0.0019732697635300176,0.0021472105187723724,9.649536052769395e-05,0.0006091497065149108,0.000575471134527704,,,,5,0.7233352720245734,100,3.2873922484999922,111.3871933600011,1.0690107999980683,42,"[{""n_estimators"": 249, ""max_depth"": 16, ""min_samples_leaf"": 72, ""max_features"": 0.12372871768976328, ""max_samples"": 0.48782232451032315},{""n_estimators"": 249, ""max_depth"": 16, ""min_samples_leaf"": 72, ""max_features"": 0.12372871768976328, ""max_samples"": 0.48782232451032315},{""n_estimators"": 249, ""max_depth"": 16, ""min_samples_leaf"": 72, ""max_features"": 0.12372871768976328, ""max_samples"": 0.48782232451032315},{""n_estimators"": 249, ""max_depth"": 16, ""min_samples_leaf"": 72, ""max_features"": 0.12372871768976328, ""max_samples"": 0.48782232451032315},{""n_estimators"": 249, ""max_depth"": 16, ""min_samples_leaf"": 72, ""max_features"": 0.12372871768976328, ""max_samples"": 0.48782232451032315}]"
clasificacion,random_forest,smote,aleatoria,0.7252398084418787,0.1922325267074258,0.6929368907103317,0.15481097290690377,0.6278952668680765,0.6986487728229518,0.24830606172489347,0.19552426040172577,0.08073338810726491,0.1030040269803286,0.1029367324525555,,,,0.0033813593286368157,0.0036396851526399425,0.013381242570455204,0.003988343134324253,0.018675437551010268,0.01593703847224429,0.004573157700924511,0.002883344103326107,0.00010325684972263298,0.0006233172395548316,0.0006221393982970448,,,,5,0.7235340912924013,100,3.3990892113333455,114.95703316200058,1.1923827999984495,42,"[{""n_estimators"": 249, ""max_depth"": 16, ""min_samples_leaf"": 72, ""max_features"": 0.12372871768976328, ""max_samples"": 0.48782232451032315},{""n_estimators"": 249, ""max_depth"": 16, ""min_samples_leaf"": 72, ""max_features"": 0.12372871768976328, ""max_samples"": 0.48782232451032315},{""n_estimators"": 249, ""max_depth"": 16, ""min_samples_leaf"": 72, ""max_features"": 0.12372871768976328, ""max_samples"": 0.48782232451032315},{""n_estimators"": 249, ""max_depth"": 16, ""min_samples_leaf"": 72, ""max_features"": 0.12372871768976328, ""max_samples"": 0.48782232451032315},{""n_estimators"": 249, ""max_depth"": 16, ""min_samples_leaf"": 72, ""max_features"": 0.12372871768976328, ""max_samples"": 0.48782232451032315}]"
clasificacion,random_forest,smote,genetica,0.716578735588965,0.17878254797767032,0.6730919007738706,0.1484147517650563,0.6413897280966767,0.675875933143468,0.24085477262765345,0.18098260164260865,0.07962254790581394,0.09473845658633498,0.09471814461314466,,,,0.004303254700458886,0.00635967809951511,0.022915804365203362,0.005982896876975504,0.026941275710933688,0.02724696270465176,0.005915796327923348,0.00524149235329697,0.0010510064140994344,0.0044813691028215705,0.004502465402941782,,,,5,0.7192377609611968,100,4.079737566888895,142.10637841699995,1.0737920399973517,42,"[{""n_estimators"": 170, ""max_depth"": 14, ""min_samples_leaf"": 20, ""max_features"": 0.23422749666326717, ""max_samples"": 0.5862020070283949},{""n_estimators"": 177, ""max_depth"": 12, ""min_samples_leaf"": 26, ""max_features"": 0.2517367281579229, ""max_samples"": 0.5526657596488259},{""n_estimators"": 170, ""max_depth"": 14, ""min_samples_leaf"": 20, ""max_features"": 0.23422749666326717, ""max_samples"": 0.5862020070283949},{""n_estimators"": 177, ""max_depth"": 12, ""min_samples_leaf"": 26, ""max_features"": 0.2517367281579229, ""max_samples"": 0.5526657596488259},{""n_estimators"": 170, ""max_depth"": 14, ""min_samples_leaf"": 20, ""max_features"": 0.2517367281579229, ""max_samples"": 0.5862020070283949}]"
clasificacion,random_forest,adasyn,genetica,0.7098607526526306,0.17133614544981007,0.6702220639512346,0.14589958848132384,0.6352467270896274,0.6732935385631125,0.23726028360544812,0.18330679535865785,0.080385321303222,0.09725591711849556,0.09722987650634593,,,,0.0037020642367232514,0.002182043177520917,0.010377396332675417,0.0025437190750046803,0.017683862492868824,0.01259563406828766,0.003269382859935413,0.00242824154252033,0.00011779778718671075,0.0006788127551714539,0.0006719313205993589,,,,5,0.7132232939496965,100,3.70873818938888,130.40602068499982,1.0050784799968824,42,"[{""n_estimators"": 145, ""max_depth"": 12, ""min_samples_leaf"": 26, ""max_features"": 0.22773107309550272, ""max_samples"": 0.5526657596488259},{""n_estimators"": 176, ""max_depth"": 12, ""min_samples_leaf"": 26, ""max_features"": 0.2517367281579229, ""max_samples"": 0.5526657596488259},{""n_estimators"": 149, ""max_depth"": 12, ""min_samples_leaf"": 26, ""max_features"": 0.22773107309550272, ""max_samples"": 0.5526657596488259},{""n_estimators"": 145, ""max_depth"": 12, ""min_samples_leaf"": 26, ""max_features"": 0.22569461030601215, ""max_samples"": 0.5526657596488258},{""n_estimators"": 178, ""max_depth"": 12, ""min_samples_leaf"": 26, ""max_features"": 0.2517367281579229, ""max_samples"": 0.5526657596488259}]"
clasificacion,arbol,ninguno,genetica,0.6964776781941473,0.17079895938964934,0.6875182765414708,0.14583221525619805,0.5901812688821753,0.6960662752953358,0.23376568519452076,0.09290604076589362,0.07113503924208157,0.0073865418197768444,0.008488704330191253,,,,0.0059706724130321135,0.0031898913299438433,0.015648369694742485,0.0042649157091686095,0.02543447615672169,0.018942923090067763,0.004979629507152656,0.003484309860193805,0.000190794064646186,0.0012938960317086334,0.0014022297375391487,,,,5,0.6943459686869928,100,0.7925291368888914,26.448079183999944,0.027517979999538512,42,"[{""max_depth"": 12, ""min_samples_leaf"": 782, ""max_features"": 1.0},{""max_depth"": 14, ""min_samples_leaf"": 782, ""max_features"": 1.0},{""max_depth"": 9, ""min_samples_leaf"": 782, ""max_features"": 1.0},{""max_depth"": 10, ""min_samples_leaf"": 782, ""max_features"": 1.0},{""max_depth"": 9, ""min_samples_leaf"": 1018, ""max_features"": 1.0}]"
clasificacion,arbol,ninguno,rejilla,0.6962615159002266,0.16599824696971227,0.684136287062825,0.1442736836616191,0.5900302114803625,0.6924005524210602,0.23173355832126555,0.09174229687829537,0.071169360659694,0.003942973897958453,0.005470322384545404,,,,0.0058994732694675565,0.002835722004798073,0.016465373759629854,0.002443088661732533,0.02975251407733991,0.020462726304243683,0.0021015826485986273,0.005268302667222298,0.00015829033640459334,0.0016864271698440135,0.0007058913035605977,,,,5,0.6901322916671957,90,0.4266609592222267,15.031017139999957,0.1303195999993477,42,"[{""max_depth"": 12, ""min_samples_leaf"": 2000, ""max_features"": 1.0},{""max_depth"": 12, ""min_samples_leaf"": 2000, ""max_features"": 1.0},{""max_depth"": 12, ""min_samples_leaf"": 2000, ""max_features"": 1.0},{""max_depth"": 12, ""min_samples_leaf"": 2000, ""max_features"": 1.0},{""max_depth"": 12, ""min_samples_leaf"": 2000, ""max_features"": 1.0}]"
clasificacion,arbol,class_weight,genetica,0.6944286567583671,0.16901707910977648,0.6853028483082919,0.14403571294908163,0.58539778449144,0.6940763572539179,0.23107531839462983,0.5367393465817686,0.2166169986202251,0.35054795765278846,0.35054795765278846,,,,0.00537269694928715,0.0010290629734101215,0.016973343478352894,0.004226511421559261,0.025022440638208306,0.020410132167938945,0.004846497997188603,0.012816078813903025,0.0006356503099034063,0.003359454261712464,0.0033594542617124542,,,,5,0.6925527370777727,100,0.786874806472216,26.33834465399959,0.03517781999835279,42,"[{""max_depth"": 14, ""min_samples_leaf"": 782, ""max_features"": 1.0},{""max_depth"": 10, ""min_samples_leaf"": 1018, ""max_features"": 1.0},{""max_depth"": 10, ""min_samples_leaf"": 782, ""max_features"": 1.0},{""max_depth"": 12, ""min_samples_leaf"": 1018, ""max_features"": 1.0},{""max_depth"": 12, ""min_samples_leaf"": 782, ""max_features"": 1.0}]"
clasificacion,arbol,ninguno,bayesiana,0.6943578953575542,0.16902860580015347,0.7092816391580313,0.14911789403914522,0.5511077542799597,0.7231722079821894,0.2344646071161533,0.09769712140398666,0.07128168993457303,0.008512242262186645,0.009984570006501558,,,,0.008071833226743824,0.003542743153192665,0.02175663692285123,0.006307360989863169,0.0382264444194029,0.02654477107405791,0.007659267308606624,0.00585549285413072,0.00035112184896359536,0.003981045841351748,0.0041866619995377325,,,,5,0.6925796915627817,100,0.49499742013889164,15.696228131000172,0.04700684000126785,42,"[{""max_depth"": 19, ""min_samples_leaf"": 1291, ""max_features"": 1.0},{""max_depth"": 20, ""min_samples_leaf"": 871, ""max_features"": 1.0},{""max_depth"": 15, ""min_samples_leaf"": 355, ""max_features"": 1.0},{""max_depth"": 8, ""min_samples_leaf"": 653, ""max_features"": 1.0},{""max_depth"": 13, ""min_samples_leaf"": 1003, ""max_features"": 1.0}]"
clasificacion,arbol,class_weight,aleatoria,0.6940897512294779,0.16547466519011841,0.6968918067021727,0.14794160652828592,0.5731621349446123,0.7077575336069402,0.23450644542610166,0.5446783541915734,0.2191488058863063,0.36001481617108944,0.36001481617108944,,,,0.0051824762650223705,0.0026919890990832504,0.034563988673746784,0.009750338783686748,0.046146600925173156,0.04159777627760989,0.0077328393204484725,0.019239099279427005,0.00046735503678545795,0.001244635107727306,0.001244635107727277,,,,5,0.6900723247957183,100,0.5032626103888914,16.33931637399961,0.03433205999899656,42,"[{""max_depth"": 9, ""min_samples_leaf"": 1712, ""max_features"": 1.0},{""max_depth"": 9, ""min_samples_leaf"": 1712, ""max_features"": 1.0},{""max_depth"": 9, ""min_samples_leaf"": 1712, ""max_features"": 1.0},{""max_depth"": 9, ""min_samples_leaf"": 1712, ""max_features"": 1.0},{""max_depth"": 9, ""min_samples_leaf"": 1712, ""max_features"": 1.0}]"
clasificacion,arbol,class_weight,bayesiana,0.6933831546762569,0.1681481304006585,0.701660214302436,0.14737705819906538,0.5600704934541793,0.7140944482062777,0.233025079802312,0.546880367880825,0.21712525532295865,0.3532398061051327,0.35323980610513284,,,,0.004139230904914318,0.0024579100088502324,0.025900763156819575,0.007574456145140443,0.02849567085444052,0.030653385185066166,0.006882462080911364,0.016508081355219976,0.0012980621018456333,0.004819179582947834,0.004819179582947899,,,,5,0.6925726977688973,100,0.4837975050555542,15.356002955999866,0.05103434000047855,42,"[{""max_depth"": 7, ""min_samples_leaf"": 1229, ""max_features"": 1.0},{""max_depth"": 10, ""min_samples_leaf"": 699, ""max_features"": 1.0},{""max_depth"": 8, ""min_samples_leaf"": 837, ""max_features"": 1.0},{""max_depth"": 19, ""min_samples_leaf"": 1015, ""max_features"": 1.0},{""max_depth"": 13, ""min_samples_leaf"": 770, ""max_features"": 1.0}]"
clasificacion,arbol,class_weight,rejilla,0.6933518192014414,0.164566981891267,0.6877538893641442,0.14559407400368438,0.5855991943605237,0.696724933528748,0.23286539242828014,0.5398891071718532,0.21973068684614314,0.3615206072841496,0.3615206072841496,,,,0.00466967123559264,0.0021639288829114404,0.030320649402472668,0.007111742709983036,0.03622229247215046,0.03610393044267686,0.006750305393918914,0.02015008967716593,0.0006577532598117784,0.001511473389687951,0.0015114733896879951,,,,5,0.6895162921851945,90,0.4179206610833353,14.719964023332835,0.1726042000009329,42,"[{""max_depth"": 12, ""min_samples_leaf"": 2000, ""max_features"": 1.0},{""max_depth"": 12, ""min_samples_leaf"": 2000, ""max_features"": 1.0},{""max_depth"": 12, ""min_samples_leaf"": 2000, ""max_features"": 1.0},{""max_depth"": 12, ""min_samples_leaf"": 2000, ""max_features"": 1.0},{""max_depth"": 12, ""min_samples_leaf"": 2000, ""max_features"": 1.0}]"
clasificacion,arbol,ninguno,aleatoria,0.6922317380274826,0.1643715595899034,0.6842623176983703,0.1441977163328401,0.5895770392749244,0.692577459906576,0.23168910335672854,0.09266720324359243,0.07129260170685163,0.006140802267099428,0.007115600649857161,,,,0.007575013734382567,0.0048067732343134925,0.009704541463007033,0.004136809981870577,0.01857965104879825,0.011324646514779862,0.006055696409282879,0.0028944433495370235,0.00026789459524916503,0.0021016890157646035,0.0016814640674549463,,,,5,0.6913136696895315,100,0.5029745181388898,16.54704607600019,0.03457227999897441,42,"[{""max_depth"": 9, ""min_samples_leaf"": 1712, ""max_features"": 1.0},{""max_depth"": 9, ""min_samples_leaf"": 1712, ""max_features"": 1.0},{""max_depth"": 9, ""min_samples_leaf"": 1712, ""max_features"": 1.0},{""max_depth"": 14, ""min_samples_leaf"": 782, ""max_features"": 0.3},{""max_depth"": 9, ""min_samples_leaf"": 1712, ""max_features"": 1.0}]"
clasificacion,knn,ninguno,rejilla,0.6887033422006781,0.17518555122376872,0.7058185045182663,0.14754138436112146,0.5532225579053374,0.7192192649891174,0.23293157575295567,0.09115498363971711,0.07136413872212413,0.007003287746791471,0.009180028751047068,,,,0.0013476638552284948,0.0019551549396974208,0.006811943030273655,0.0016872353814607675,0.009356959852719744,0.008207767721365283,0.0014356739601955612,0.0015362629953434453,5.6224426043779577e-05,0.0009128856726933423,0.00036203461864792814,,,,5,0.687195506818062,90,1.6016588846666653,63.74047082111033,23.328225819999354,42,"[{""n_vecinos"": 300, ""ponderacion"": ""distance"", ""n_componentes"": 45},{""n_vecinos"": 300, ""ponderacion"": ""distance"", ""n_componentes"": 45},{""n_vecinos"": 300, ""ponderacion"": ""distance"", ""n_componentes"": 45},{""n_vecinos"": 300, ""ponderacion"": ""distance"", ""n_componentes"": 45},{""n_vecinos"": 300, ""ponderacion"": ""distance"", ""n_componentes"": 45}]"
clasificacion,knn,class_weight,rejilla,0.6887033388607445,0.1751856195979336,0.7058185045182663,0.14754138436112146,0.5532225579053374,0.7192192649891174,0.23293157575295567,0.5331380486488342,0.22271848919999285,0.3797237238264842,0.3797210500295901,,,,0.0013476715708317097,0.001955249948314903,0.006811943030273655,0.0016872353814607675,0.009356959852719744,0.008207767721365283,0.0014356739601955612,0.0046026945874589,0.0006713848286847391,0.0007930833894128145,0.0007966617979844813,,,,5,0.6871955091141853,90,1.6326337388333356,64.95162709222092,23.715404579997994,42,"[{""n_vecinos"": 300, ""ponderacion"": ""distance"", ""n_componentes"": 45},{""n_vecinos"": 300, ""ponderacion"": ""distance"", ""n_componentes"": 45},{""n_vecinos"": 300, ""ponderacion"": ""distance"", ""n_componentes"": 45},{""n_vecinos"": 300, ""ponderacion"": ""distance"", ""n_componentes"": 45},{""n_vecinos"": 300, ""ponderacion"": ""distance"", ""n_componentes"": 45}]"
clasificacion,knn,class_weight,genetica,0.6879574048217088,0.17310401473605225,0.7086029472320472,0.14792983647632524,0.547583081570997,0.7227434809392879,0.23284714539431808,0.5395683884620667,0.2227679383892311,0.3799221854618158,0.37991495047272233,,,,0.0013096322396910199,0.0015812510667691689,0.012720719066118867,0.003035826972675392,0.017813853255665323,0.01538936520251817,0.0022459181420354177,0.006922376599677131,0.0006626663189585057,0.0006782180741640513,0.0006843670629971325,,,,5,0.6870769601143736,100,2.1895661206111336,78.5150488519977,24.14990439999965,42,"[{""n_vecinos"": 300, ""ponderacion"": ""uniform"", ""n_componentes"": 49},{""n_vecinos"": 300, ""ponderacion"": ""uniform"", ""n_componentes"": 49},{""n_vecinos"": 300, ""ponderacion"": ""uniform"", ""n_componentes"": 49},{""n_vecinos"": 300, ""ponderacion"": ""uniform"", ""n_componentes"": 45},{""n_vecinos"": 300, ""ponderacion"": ""uniform"", ""n_componentes"": 48}]"
clasificacion,knn,ninguno,genetica,0.6878669858701342,0.17251924192067264,0.7086435130379523,0.14800305005337291,0.547583081570997,0.7227875912495356,0.23291316723207958,0.09333333373069763,0.07139505065853369,0.006927916328854538,0.009170066678475362,,,,0.0014663701828725262,0.001560683551879932,0.014933760996805458,0.0037356510756740885,0.019294754037773,0.01792098564922149,0.0030591381640137196,0.002357020356123237,4.072164956046887e-05,0.0005768145008795945,0.0004973811972867323,,,,5,0.6870468380303327,100,2.1460432542777803,76.94087192599946,24.876870259997666,42,"[{""n_vecinos"": 300, ""ponderacion"": ""uniform"", ""n_componentes"": 49},{""n_vecinos"": 300, ""ponderacion"": ""uniform"", ""n_componentes"": 49},{""n_vecinos"": 300, ""ponderacion"": ""uniform"", ""n_componentes"": 49},{""n_vecinos"": 300, ""ponderacion"": ""uniform"", ""n_componentes"": 49},{""n_vecinos"": 300, ""ponderacion"": ""uniform"", ""n_componentes"": 48}]"
clasificacion,knn,ninguno,bayesiana,0.6857932621299035,0.17215291852031422,0.7022210909356764,0.14548986199621433,0.5507049345417926,0.7155270342218543,0.23004036236083855,0.09187310785055161,0.0714218727703848,0.00617720337427104,0.00820109467362448,,,,0.001686546292113975,0.003271345417167483,0.01611448814518783,0.003748817693888658,0.022459542912251346,0.019465281966706806,0.0029408295156028988,0.0037063030434208895,6.951768643949622e-05,0.001156635394716994,0.00013745076174288568,,,,5,0.6852105147520163,100,2.77673468975,99.5038530320004,23.6018053999971,42,"[{""n_vecinos"": 262, ""ponderacion"": ""uniform"", ""n_componentes"": 62},{""n_vecinos"": 246, ""ponderacion"": ""distance"", ""n_componentes"": 51},{""n_vecinos"": 247, ""ponderacion"": ""uniform"", ""n_componentes"": 43},{""n_vecinos"": 236, ""ponderacion"": ""uniform"", ""n_componentes"": 53},{""n_vecinos"": 294, ""ponderacion"": ""distance"", ""n_componentes"": 52}]"
clasificacion,knn,class_weight,bayesiana,0.6857182877106421,0.17214396451479522,0.6996683491772113,0.14499463816657782,0.5544813695871097,0.7124184779538906,0.2297389406086225,0.5295340538024902,0.22142660044578197,0.37726432240916274,0.37726197032083403,,,,0.0014993736072451466,0.002587936129898733,0.016513821702627173,0.003797615798047407,0.023429187527098296,0.019981891335912688,0.0029440993885583534,0.01238102925479196,0.001099504361135085,0.0012052721635856017,0.0012096326612321751,,,,5,0.6852601974678365,100,2.0911167016388936,74.75058259199926,25.728060820000245,42,"[{""n_vecinos"": 262, ""ponderacion"": ""uniform"", ""n_componentes"": 62},{""n_vecinos"": 262, ""ponderacion"": ""uniform"", ""n_componentes"": 62},{""n_vecinos"": 247, ""ponderacion"": ""uniform"", ""n_componentes"": 43},{""n_vecinos"": 236, ""ponderacion"": ""uniform"", ""n_componentes"": 53},{""n_vecinos"": 294, ""ponderacion"": ""distance"", ""n_componentes"": 52}]"
clasificacion,knn,ninguno,aleatoria,0.6801361313387541,0.1699019760121564,0.7089851574677719,0.14575537846781111,0.534944612286002,0.7242691740995427,0.2289191382095331,0.09201376587152481,0.07151383185326085,0.004482798403656993,0.007380493984244278,,,,0.0014062454333366693,0.001120236512197705,0.017582669799279946,0.0030452941393156706,0.028953982193594362,0.021664196782519102,0.0012888877107980177,0.0036583440061623246,3.1610909184292594e-05,0.0003061379447011188,0.0007381282710759375,,,,5,0.678171169292715,100,2.054259477305552,73.68937135999971,24.400880700003473,42,"[{""n_vecinos"": 148, ""ponderacion"": ""distance"", ""n_componentes"": 63},{""n_vecinos"": 148, ""ponderacion"": ""distance"", ""n_componentes"": 63},{""n_vecinos"": 148, ""ponderacion"": ""distance"", ""n_componentes"": 63},{""n_vecinos"": 148, ""ponderacion"": ""distance"", ""n_componentes"": 63},{""n_vecinos"": 148, ""ponderacion"": ""distance"", ""n_componentes"": 63}]"
clasificacion,knn,class_weight,aleatoria,0.6801361296689473,0.1699019475248029,0.7089851574677719,0.14575537846781111,0.534944612286002,0.7242691740995427,0.2289191382095331,0.5355661630630493,0.21869184547916562,0.3694008512053393,0.3693998642322791,,,,0.0014062318026193895,0.0011203320278271478,0.017582669799279946,0.0030452941393156706,0.028953982193594362,0.021664196782519102,0.0012888877107980177,0.010962741232407388,0.0007049768245764895,0.0006530233729579967,0.0006530244185546742,,,,5,0.6781711689796227,100,1.8032523007499952,64.63341758500027,27.00521935999859,42,"[{""n_vecinos"": 148, ""ponderacion"": ""distance"", ""n_componentes"": 63},{""n_vecinos"": 148, ""ponderacion"": ""distance"", ""n_componentes"": 63},{""n_vecinos"": 148, ""ponderacion"": ""distance"", ""n_componentes"": 63},{""n_vecinos"": 148, ""ponderacion"": ""distance"", ""n_componentes"": 63},{""n_vecinos"": 148, ""ponderacion"": ""distance"", ""n_componentes"": 63}]"
clasificacion,knn,smote,genetica,0.6660442088754249,0.1505946868998516,0.7043714030058883,0.13925279608293578,0.5130916414904331,0.7211693251362743,0.21891357262813377,0.5062125205993653,0.20038248707663087,0.34031909032307495,0.34031909032307495,,,,0.004216823927104461,0.002184957638220695,0.01665698180264442,0.0030026143388905127,0.02801640871278048,0.020480218378230695,0.0028716463652132267,0.01568311118892982,0.008906616648580005,0.0130210284852441,0.013021028485244076,,,,5,0.6638025883512058,100,2.856963699750025,102.42357599400057,33.882365879998545,42,"[{""n_vecinos"": 300, ""ponderacion"": ""uniform"", ""n_componentes"": 49},{""n_vecinos"": 300, ""ponderacion"": ""uniform"", ""n_componentes"": 49},{""n_vecinos"": 300, ""ponderacion"": ""uniform"", ""n_componentes"": 49},{""n_vecinos"": 300, ""ponderacion"": ""distance"", ""n_componentes"": 35},{""n_vecinos"": 300, ""ponderacion"": ""uniform"", ""n_componentes"": 49}]"
clasificacion,knn,smote,rejilla,0.6651860288133283,0.15018735913906917,0.6895507538211525,0.1366164394651569,0.5341389728096677,0.7031988024955687,0.2174247400011243,0.49463577270507814,0.1992361597039755,0.3384389075849133,0.3384389075849133,,,,0.0048881339026944325,0.0031116544365003876,0.018757941323494693,0.0030303531329210964,0.0315972263839916,0.023069369414017805,0.0030339565562741344,0.011572728307467006,0.0016431254333865593,0.002158778497573112,0.0021587784975731156,,,,5,0.6629545890249467,90,2.214299337249997,88.14417424888816,30.141047099998104,42,"[{""n_vecinos"": 300, ""ponderacion"": ""distance"", ""n_componentes"": 45},{""n_vecinos"": 300, ""ponderacion"": ""distance"", ""n_componentes"": 45},{""n_vecinos"": 300, ""ponderacion"": ""distance"", ""n_componentes"": 45},{""n_vecinos"": 300, ""ponderacion"": ""distance"", ""n_componentes"": 45},{""n_vecinos"": 300, ""ponderacion"": ""distance"", ""n_componentes"": 45}]"
clasificacion,knn,adasyn,genetica,0.664981159096849,0.14826709148372855,0.6819289908937661,0.13471564239404515,0.5406344410876133,0.694337271854683,0.21546465523822317,0.47574138045310976,0.18997967165075394,0.32534568649431506,0.325345686494315,,,,0.004551369340048558,0.002927959484319343,0.02398826274927807,0.0040073342777989214,0.0340943282129223,0.029026860396093635,0.0031932877550856355,0.020460427514712644,0.012822609535895245,0.021394885587131898,0.021394885587131915,,,,5,0.6623519043153594,100,2.6189304742499937,93.83853569800019,28.62800058001303,42,"[{""n_vecinos"": 300, ""ponderacion"": ""uniform"", ""n_componentes"": 49},{""n_vecinos"": 300, ""ponderacion"": ""distance"", ""n_componentes"": 35},{""n_vecinos"": 300, ""ponderacion"": ""uniform"", ""n_componentes"": 46},{""n_vecinos"": 163, ""ponderacion"": ""distance"", ""n_componentes"": 29},{""n_vecinos"": 300, ""ponderacion"": ""uniform"", ""n_componentes"": 49}]"
clasificacion,knn,adasyn,rejilla,0.6648963460011797,0.14880294334682023,0.6813518879712108,0.13463064565653385,0.5416918429003021,0.6936166521778745,0.21552223960608025,0.4845936059951782,0.19617466488508373,0.33543105539262885,0.3354310553926289,,,,0.004402236307689959,0.003338186230484883,0.01909094019634352,0.004418266717615251,0.02189073152666681,0.02259316452130221,0.0042781848124843255,0.010243089630020054,0.0007472637331308223,0.0007710799323160592,0.0007710799323160686,,,,5,0.6622453730614395,90,2.0593506035555684,81.98294210777708,28.058552360002068,42,"[{""n_vecinos"": 300, ""ponderacion"": ""distance"", ""n_componentes"": 45},{""n_vecinos"": 300, ""ponderacion"": ""distance"", ""n_componentes"": 45},{""n_vecinos"": 300, ""ponderacion"": ""distance"", ""n_componentes"": 45},{""n_vecinos"": 300, ""ponderacion"": ""distance"", ""n_componentes"": 45},{""n_vecinos"": 300, ""ponderacion"": ""distance"", ""n_componentes"": 45}]"
clasificacion,knn,smote,bayesiana,0.6645217475404006,0.14875207495917364,0.6991683329019296,0.13798437867422594,0.5191842900302115,0.7149742817359628,0.21796395919207887,0.5160640358924866,0.20715686108752487,0.34827541999541306,0.34827541999541306,,,,0.004993787139762831,0.0023989534719030398,0.011333041897988137,0.003122974995421585,0.017507350850829436,0.013612419704448802,0.0037375235604430743,0.009771677879271648,0.006141911543985143,0.00783644149951408,0.007836441499514008,,,,5,0.6621347513894105,100,2.652531116361117,94.87383768899993,30.5252187200007,42,"[{""n_vecinos"": 295, ""ponderacion"": ""uniform"", ""n_componentes"": 43},{""n_vecinos"": 236, ""ponderacion"": ""uniform"", ""n_componentes"": 53},{""n_vecinos"": 236, ""ponderacion"": ""uniform"", ""n_componentes"": 53},{""n_vecinos"": 216, ""ponderacion"": ""uniform"", ""n_componentes"": 54},{""n_vecinos"": 236, ""ponderacion"": ""uniform"", ""n_componentes"": 53}]"
clasificacion,knn,adasyn,bayesiana,0.6630565403610905,0.14749440509500306,0.6905791202907855,0.135024774694213,0.5232628398791541,0.7052725872607204,0.2145344960133447,0.49438302516937255,0.19693296601163218,0.3346484371645194,0.3346484371645194,,,,0.004950496944707092,0.004153822676792988,0.017144409520009896,0.003374895972647279,0.026428210884614695,0.02080964238421932,0.0035764000126196384,0.018276377037924306,0.011073309254931631,0.015330121820407836,0.015330121820407843,,,,5,0.6610147262318422,100,2.461879358249995,88.08803828199962,28.489144499995746,42,"[{""n_vecinos"": 195, ""ponderacion"": ""uniform"", ""n_componentes"": 45},{""n_vecinos"": 236, ""ponderacion"": ""uniform"", ""n_componentes"": 53},{""n_vecinos"": 252, ""ponderacion"": ""distance"", ""n_componentes"": 34},{""n_vecinos"": 238, ""ponderacion"": ""uniform"", ""n_componentes"": 44},{""n_vecinos"": 239, ""ponderacion"": ""uniform"", ""n_componentes"": 52}]"
clasificacion,knn,smote,aleatoria,0.6616548024363518,0.14529613666112098,0.6887377169407694,0.13444573140374944,0.5248741188318228,0.7031279804508921,0.214031036858526,0.46666666865348816,0.179133669307563,0.3021161927500148,0.3021156507666588,,,,0.0038951104651653344,0.0030887437945064642,0.008900187276748454,0.002570151559505139,0.012237566105870575,0.01048842316581086,0.0032811812518864295,0.005237820672115614,0.0013052799683156804,0.001850520944942399,0.0018505784595456223,,,,5,0.6586758625603065,100,2.3546063755555506,84.38248999900097,25.215915019999375,42,"[{""n_vecinos"": 135, ""ponderacion"": ""uniform"", ""n_componentes"": 30},{""n_vecinos"": 135, ""ponderacion"": ""uniform"", ""n_componentes"": 30},{""n_vecinos"": 135, ""ponderacion"": ""uniform"", ""n_componentes"": 30},{""n_vecinos"": 135, ""ponderacion"": ""uniform"", ""n_componentes"": 30},{""n_vecinos"": 135, ""ponderacion"": ""uniform"", ""n_componentes"": 30}]"
clasificacion,knn,adasyn,aleatoria,0.6596915350961838,0.14298274201928668,0.688863585893398,0.13404764804321784,0.5206445115810675,0.7036363054746723,0.2128825857870825,0.45925925970077514,0.1747222206647999,0.29681326434265276,0.29681326434265276,,,,0.0029136525011925003,0.0029830967827838015,0.027592237285250808,0.004633852803988767,0.038431089768133704,0.0333807733009362,0.002793647960996832,0.018144367383575204,0.0008386432712368043,0.0014712579686675497,0.0014712579686675434,,,,5,0.6573954390326453,100,2.259720751722226,81.04062120400019,22.771787619998214,42,"[{""n_vecinos"": 135, ""ponderacion"": ""uniform"", ""n_componentes"": 30},{""n_vecinos"": 135, ""ponderacion"": ""uniform"", ""n_componentes"": 30},{""n_vecinos"": 135, ""ponderacion"": ""uniform"", ""n_componentes"": 30},{""n_vecinos"": 135, ""ponderacion"": ""uniform"", ""n_componentes"": 30},{""n_vecinos"": 135, ""ponderacion"": ""uniform"", ""n_componentes"": 30}]"
clasificacion,arbol,smote,rejilla,0.6541823986687942,0.1318676352525644,0.6291708042215923,0.12548890189948672,0.5991440080563948,0.6318077560905855,0.20724607058933966,0.1228668186246025,0.07977182271640278,0.04877694210271979,0.0499381707392436,,,,0.005879732535401585,0.0026182806530128714,0.0325509211265462,0.005783296346628928,0.034894023677212546,0.038463916244550124,0.005468449681330442,0.010757554506021392,0.0006422559810453126,0.005648672128088901,0.006317461729184155,,,,5,0.6497560549453236,90,0.6979053871944436,23.271938871111505,0.13664410000055796,42,"[{""max_depth"": 12, ""min_samples_leaf"": 141, ""max_features"": 1.0},{""max_depth"": 12, ""min_samples_leaf"": 10, ""max_features"": 1.0},{""max_depth"": 12, ""min_samples_leaf"": 10, ""max_features"": 1.0},{""max_depth"": 12, ""min_samples_leaf"": 10, ""max_features"": 1.0},{""max_depth"": 12, ""min_samples_leaf"": 10, ""max_features"": 1.0}]"
clasificacion,arbol,smote,genetica,0.6538822027959539,0.13076554690980752,0.6408896720712799,0.1254074116407963,0.5750251762336355,0.64667377856583,0.20564093778588682,0.15743888786983837,0.08299593426347282,0.06633458934142722,0.06781810703117716,,,,0.005805290081322273,0.0037557226104260487,0.03270897969077344,0.005166156570202471,0.04333567770794104,0.03917244388083194,0.00564992113547463,0.011959613993865524,0.001252898222576651,0.00393042292165314,0.003449200393205865,,,,5,0.6509388126188712,100,1.1156427282777783,38.02818186199998,0.029773400000703987,42,"[{""max_depth"": 11, ""min_samples_leaf"": 190, ""max_features"": 0.3},{""max_depth"": 15, ""min_samples_leaf"": 288, ""max_features"": 0.3},{""max_depth"": 11, ""min_samples_leaf"": 190, ""max_features"": 0.3},{""max_depth"": 11, ""min_samples_leaf"": 293, ""max_features"": 1.0},{""max_depth"": 12, ""min_samples_leaf"": 562, ""max_features"": 1.0}]"
clasificacion,arbol,smote,aleatoria,0.6537389811180147,0.13295521863483079,0.6621247845435718,0.12792210576118979,0.5470292044310171,0.6722323020864462,0.20731494311810134,0.16255417083519558,0.08445234243069864,0.06917172812509809,0.06975604893392538,,,,0.007860264084609382,0.00437199134350473,0.012485075572418998,0.00460089863239958,0.01766951947492173,0.014215535137247427,0.006554280399362636,0.03137895820670408,0.004865260339036315,0.018093805737750105,0.018445811405698835,,,,5,0.6491488554328726,100,0.8130857925555514,25.286049573999918,0.05760510000109207,42,"[{""max_depth"": 9, ""min_samples_leaf"": 1712, ""max_features"": 1.0},{""max_depth"": 17, ""min_samples_leaf"": 284, ""max_features"": 1.0},{""max_depth"": 17, ""min_samples_leaf"": 284, ""max_features"": 1.0},{""max_depth"": 17, ""min_samples_leaf"": 284, ""max_features"": 1.0},{""max_depth"": 17, ""min_samples_leaf"": 284, ""max_features"": 1.0}]"
clasificacion,arbol,adasyn,bayesiana,0.653322623226555,0.13001669654315945,0.6243617669519113,0.12378821467507688,0.600453172205438,0.6264613754906633,0.20511784017216,0.1528278276707229,0.0846080245918517,0.07060761579562812,0.0724846341517902,,,,0.0033323260967149477,0.0017760414171871157,0.023369668764708966,0.0019895997116392257,0.040027044533246806,0.028869840706866923,0.0022557944046455412,0.008980067684676537,0.0008009243952524067,0.0029887870251767597,0.0026302640354108173,,,,5,0.6510672525440515,100,0.9069544659166665,29.338414474999958,0.061781860000337474,42,"[{""max_depth"": 13, ""min_samples_leaf"": 267, ""max_features"": 0.3},{""max_depth"": 12, ""min_samples_leaf"": 506, ""max_features"": 1.0},{""max_depth"": 20, ""min_samples_leaf"": 616, ""max_features"": 1.0},{""max_depth"": 13, ""min_samples_leaf"": 875, ""max_features"": 1.0},{""max_depth"": 13, ""min_samples_leaf"": 516, ""max_features"": 1.0}]"
clasificacion,arbol,smote,bayesiana,0.6524637415757423,0.13278580952207059,0.6689824700283639,0.12857501344807704,0.532527693856999,0.6809657738634768,0.20654891330799305,0.16303170587335666,0.08344527049013828,0.06681531458441434,0.0674393061538235,,,,0.004408988822599499,0.0019896770292060786,0.04142262072448944,0.006219653768592965,0.05476493460386189,0.049847319865996845,0.004179675668077129,0.014560361182348481,0.0014665991499034203,0.005939927190960211,0.006457901132505217,,,,5,0.6511833618024665,100,1.0016663213888892,32.105001223999714,0.039724619998014535,42,"[{""max_depth"": 12, ""min_samples_leaf"": 655, ""max_features"": 1.0},{""max_depth"": 17, ""min_samples_leaf"": 296, ""max_features"": 1.0},{""max_depth"": 14, ""min_samples_leaf"": 352, ""max_features"": 1.0},{""max_depth"": 20, ""min_samples_leaf"": 446, ""max_features"": 1.0},{""max_depth"": 9, ""min_samples_leaf"": 39, ""max_features"": 1.0}]"
clasificacion,arbol,adasyn,genetica,0.6521079318328153,0.12899650451440853,0.629012008794979,0.1242695108343218,0.5945115810674724,0.6320417712468175,0.20551066452619593,0.1512572334103794,0.08313938114860207,0.0661748753038263,0.06822959657012882,,,,0.00400524727483702,0.0021975327437669576,0.01461910579190883,0.0008588829009533638,0.028335065237045928,0.018355377354317692,0.0018850390733109376,0.011346656539745644,0.0007343448123138494,0.002200608860371226,0.0025276970209961386,,,,5,0.649641512444913,100,1.3720553927222157,45.86226574099972,0.03746042000129819,42,"[{""max_depth"": 17, ""min_samples_leaf"": 782, ""max_features"": 1.0},{""max_depth"": 12, ""min_samples_leaf"": 381, ""max_features"": 1.0},{""max_depth"": 10, ""min_samples_leaf"": 68, ""max_features"": 1.0},{""max_depth"": 11, ""min_samples_leaf"": 99, ""max_features"": 1.0},{""max_depth"": 16, ""min_samples_leaf"": 381, ""max_features"": 1.0}]"
clasificacion,arbol,adasyn,rejilla,0.6515308185004554,0.13108871655233323,0.6389831054661854,0.12614135992328718,0.5824773413897282,0.6439453198119944,0.20690662187365172,0.1308895718082473,0.08080891522019132,0.05447938176869741,0.05580105503919991,,,,0.002435832553139011,0.002092367744384205,0.042942093499660765,0.004919093820942657,0.06002818754905248,0.05193037631131028,0.0036869462574978117,0.02378908574669367,0.0010245958202227097,0.006610872687710914,0.006395774225321451,,,,5,0.6490210773924188,90,0.6807719440833332,22.907408871110967,0.13477180000045336,42,"[{""max_depth"": 12, ""min_samples_leaf"": 141, ""max_features"": 1.0},{""max_depth"": 12, ""min_samples_leaf"": 10, ""max_features"": 1.0},{""max_depth"": 12, ""min_samples_leaf"": 141, ""max_features"": 1.0},{""max_depth"": 12, ""min_samples_leaf"": 10, ""max_features"": 1.0},{""max_depth"": 12, ""min_samples_leaf"": 10, ""max_features"": 1.0}]"
clasificacion,arbol,adasyn,aleatoria,0.6500451691864081,0.12981838516059518,0.6565356295145137,0.12715729467938144,0.5529707955689829,0.6656305593262013,0.20651839659368668,0.1594281128752508,0.08468382007146949,0.06737483586298595,0.06904423132176198,,,,0.002240944811136924,0.002044404197331997,0.030141870510342655,0.004221453811425547,0.037686055124045374,0.036075810531138335,0.003322917543052542,0.013713159864210688,0.001639376410633734,0.00629913596804705,0.006210629625383154,,,,5,0.6483357624783364,100,0.7496950852222249,24.68995782300015,0.03748156000074232,42,"[{""max_depth"": 14, ""min_samples_leaf"": 782, ""max_features"": 0.3},{""max_depth"": 15, ""min_samples_leaf"": 626, ""max_features"": 0.3},{""max_depth"": 15, ""min_samples_leaf"": 626, ""max_features"": 0.3},{""max_depth"": 17, ""min_samples_leaf"": 284, ""max_features"": 1.0},{""max_depth"": 17, ""min_samples_leaf"": 284, ""max_features"": 1.0}]"
clasificacion,naive_bayes,ninguno,genetica,0.6463581996278445,0.1270524331674768,0.6715879675097576,0.13242600471346871,0.552416918429003,0.6820534126461969,0.2136132902853985,0.7386265223557641,0.3424060085080526,0.34897884524364053,0.34790620218023804,,,,0.0018942501425543764,0.000608021369556796,0.008890528310332078,0.0018676670409048478,0.009770844053040772,0.010503485630149122,0.0018345237885611294,0.33929445609384334,0.0287187024100201,0.03096382151697658,0.03133120963141387,,,,5,0.6448608604834757,100,0.05370406652778102,1.8934159740001633,0.5815522399992915,42,"[{""var_smoothing"": 0.0999999999999999},{""var_smoothing"": 0.0999999999999999},{""var_smoothing"": 0.0999999999999999},{""var_smoothing"": 0.0999999999999999},{""var_smoothing"": 0.0999999999999999}]"
clasificacion,naive_bayes,ninguno,rejilla,0.6463581996278445,0.1270524331674768,0.6715879675097576,0.13242600471346871,0.552416918429003,0.6820534126461969,0.2136132902853985,0.7386265223557641,0.3424060085080526,0.34897884524364053,0.34790620218023804,,,,0.0018942501425543764,0.000608021369556796,0.008890528310332078,0.0018676670409048478,0.009770844053040772,0.010503485630149122,0.0018345237885611294,0.33929445609384334,0.0287187024100201,0.03096382151697658,0.03133120963141387,,,,5,0.6448608604834757,100,0.0575537285833343,1.9982418269998743,0.7900213600019924,42,"[{""var_smoothing"": 0.0999999999999999},{""var_smoothing"": 0.0999999999999999},{""var_smoothing"": 0.0999999999999999},{""var_smoothing"": 0.0999999999999999},{""var_smoothing"": 0.0999999999999999}]"
clasificacion,naive_bayes,class_weight,genetica,0.646308859108297,0.12698162904863353,0.6715310587582891,0.1324751542276809,0.5528197381671702,0.6819561311025442,0.2137073899740606,0.9399294967653761,0.37764822720038066,0.38592264358889866,0.3849992801438523,,,,0.0019421862655602106,0.0006642850529969286,0.008903748385306368,0.0019054870189658337,0.009722069193270653,0.01050786841233646,0.0019077005964243563,0.09903269465322612,0.03287683995617945,0.03421131232219338,0.03335779353864835,,,,5,0.6447902008401336,100,0.0771511169166681,2.688856608999704,0.5278906799983816,42,"[{""var_smoothing"": 0.0999999999999999},{""var_smoothing"": 0.0999999999999999},{""var_smoothing"": 0.0999999999999999},{""var_smoothing"": 0.0999999999999999},{""var_smoothing"": 0.0999999999999999}]"
clasificacion,naive_bayes,class_weight,rejilla,0.646308859108297,0.12698162904863353,0.6715310587582891,0.1324751542276809,0.5528197381671702,0.6819561311025442,0.2137073899740606,0.9399294967653761,0.37764822720038066,0.38592264358889866,0.3849992801438523,,,,0.0019421862655602106,0.0006642850529969286,0.008903748385306368,0.0019054870189658337,0.009722069193270653,0.01050786841233646,0.0019077005964243563,0.09903269465322612,0.03287683995617945,0.03421131232219338,0.03335779353864835,,,,5,0.6447902008401336,100,0.07901521913888954,2.723716725000704,0.6648172799992608,42,"[{""var_smoothing"": 0.0999999999999999},{""var_smoothing"": 0.0999999999999999},{""var_smoothing"": 0.0999999999999999},{""var_smoothing"": 0.0999999999999999},{""var_smoothing"": 0.0999999999999999}]"
clasificacion,naive_bayes,ninguno,bayesiana,0.646257477497927,0.1270160202179754,0.6718603142449504,0.1324023644011147,0.5516616314199396,0.6824160040422589,0.2135250405389392,0.7584867695564338,0.3449731824501427,0.351612221012291,0.3505261706602016,,,,0.0018922673621605875,0.0005777589765872533,0.009065382522383232,0.001916944552425947,0.009762731832014324,0.010698202268239624,0.001870580485434017,0.3225686426007406,0.029267558973654607,0.03154968559210869,0.032247548840954286,,,,5,0.6447680823736781,100,0.055323257166665925,1.8670502679998755,0.615102940001816,42,"[{""var_smoothing"": 0.09436054908842889},{""var_smoothing"": 0.09435212320413973},{""var_smoothing"": 0.09436054908842889},{""var_smoothing"": 0.09436054908842889},{""var_smoothing"": 0.09436054908842889}]"
clasificacion,naive_bayes,class_weight,bayesiana,0.6462542715046187,0.12703689719539987,0.6717261734389864,0.1324986028585439,0.5525176233635448,0.6821949115535164,0.21371582983685164,0.9479752139617983,0.38017431650307854,0.3885005280428435,0.38751186072254706,,,,0.0019873099402142533,0.000652295824008859,0.0088243032445286,0.0019183340989989803,0.009447966611053902,0.010397826923396714,0.0019340948002165624,0.08724039513390297,0.03332864770414241,0.03460010032533038,0.03373806227152047,,,,5,0.6446668476763943,100,0.07848773405555524,2.6484902829998465,0.5408528400032082,42,"[{""var_smoothing"": 0.09436054908842889},{""var_smoothing"": 0.09436054908842889},{""var_smoothing"": 0.09436054908842889},{""var_smoothing"": 0.09436054908842889},{""var_smoothing"": 0.09436054908842889}]"
clasificacion,naive_bayes,ninguno,aleatoria,0.6454607912830892,0.12670607945164222,0.6764210997475193,0.13277102668548527,0.5437059415911379,0.6880759582819572,0.21341243994796283,0.904558601346195,0.36746512897440964,0.3746951094319937,0.3733333966563953,,,,0.0020734942985670595,0.000618418046678731,0.005861971100494403,0.0015335500767771888,0.008430467747620877,0.00697013924868904,0.0019414232175445608,0.19565518300681242,0.03437067642111769,0.03591778727532361,0.0359043882454927,,,,5,0.6438932912414614,100,0.05335709697222127,1.8797796719995676,0.6005874399997992,42,"[{""var_smoothing"": 0.053931918307009316},{""var_smoothing"": 0.053931918307009316},{""var_smoothing"": 0.053931918307009316},{""var_smoothing"": 0.053931918307009316},{""var_smoothing"": 0.053931918307009316}]"
clasificacion,naive_bayes,class_weight,aleatoria,0.6453611963217478,0.12653956843118336,0.67510001631279,0.13259583384659002,0.5456193353474321,0.6864708302139768,0.2133321587494052,0.9885726230989604,0.4022582608000743,0.41070697070361073,0.4098328675231473,,,,0.0021848918851076066,0.0007823784169529297,0.00635307447983845,0.0017787216483318245,0.005300180208233963,0.007328640276778127,0.002001414670499694,0.023043269644561517,0.03732199324112023,0.03811449377145356,0.03868806428883261,,,,5,0.6438097368400568,100,0.07789053558332953,2.709483242999995,0.607597980000719,42,"[{""var_smoothing"": 0.053931918307009316},{""var_smoothing"": 0.053931918307009316},{""var_smoothing"": 0.053931918307009316},{""var_smoothing"": 0.053931918307009316},{""var_smoothing"": 0.053931918307009316}]"
clasificacion,naive_bayes,adasyn,genetica,0.6000245695779045,0.1070868111977648,0.6454097319026173,0.1170014395369782,0.5165659617321249,0.656724583234319,0.19057063106671548,1.0,0.6347650043167293,0.6387667499266338,0.6361705987665361,,,,0.007398325862772619,0.003060430940146371,0.028588204327299895,0.0048694851646321445,0.03622684184638295,0.03389833081751503,0.006014019994360395,0.0,0.018095504618764514,0.01836646474370641,0.02034850451516743,,,,5,0.5874765196520948,100,0.06322727252777541,2.2194418799997946,0.5833364999998594,42,"[{""var_smoothing"": 0.0999999999999999},{""var_smoothing"": 0.0999999999999999},{""var_smoothing"": 0.0999999999999999},{""var_smoothing"": 0.0999999999999999},{""var_smoothing"": 0.0999999999999999}]"
clasificacion,naive_bayes,adasyn,rejilla,0.6000245695779045,0.1070868111977648,0.6454097319026173,0.1170014395369782,0.5165659617321249,0.656724583234319,0.19057063106671548,1.0,0.6347650043167293,0.6387667499266338,0.6361705987665361,,,,0.007398325862772619,0.003060430940146371,0.028588204327299895,0.0048694851646321445,0.03622684184638295,0.03389833081751503,0.006014019994360395,0.0,0.018095504618764514,0.01836646474370641,0.02034850451516743,,,,5,0.5874765196520948,100,0.0632821114444414,2.2110869260003527,0.6500222200003918,42,"[{""var_smoothing"": 0.0999999999999999},{""var_smoothing"": 0.0999999999999999},{""var_smoothing"": 0.0999999999999999},{""var_smoothing"": 0.0999999999999999},{""var_smoothing"": 0.0999999999999999}]"
clasificacion,naive_bayes,adasyn,bayesiana,0.5995918928006486,0.10687691878648749,0.6435927200357497,0.11663644321678479,0.51797583081571,0.6546241916373126,0.19018888983570234,1.0,0.6311965301402254,0.6352317186359142,0.6327525121930087,,,,0.007274637019114548,0.0029778740144109387,0.02819636935901801,0.0047118275876218895,0.03613232495975763,0.033469493425295226,0.005865121442237843,0.0,0.017685613092622014,0.017777971462984616,0.019474838412422264,,,,5,0.5871527548698612,100,0.06216713941666361,2.101786726000646,0.6025764599980903,42,"[{""var_smoothing"": 0.09436054908842889},{""var_smoothing"": 0.09436054908842889},{""var_smoothing"": 0.09436054908842889},{""var_smoothing"": 0.09436054908842889},{""var_smoothing"": 0.09436054908842889}]"
clasificacion,naive_bayes,smote,genetica,0.5990405291055587,0.10656169365007431,0.6368002451460011,0.11606473751940154,0.527190332326284,0.6464260022058773,0.1900209910985745,1.0,0.6152234079471639,0.6190842942910157,0.6165798323353839,,,,0.005182571521469003,0.002359929584440037,0.029522095381882097,0.0042122761013781455,0.03564593734038496,0.03509500893115742,0.00420754244481653,0.0,0.010814574545207114,0.010633806817563169,0.009334765161081688,,,,5,0.5880203532777142,100,0.06358693255555409,2.232286620000232,0.5477500000008149,42,"[{""var_smoothing"": 0.0999999999999999},{""var_smoothing"": 0.0999999999999999},{""var_smoothing"": 0.0999999999999999},{""var_smoothing"": 0.0999999999999999},{""var_smoothing"": 0.0999999999999999}]"
clasificacion,naive_bayes,smote,rejilla,0.5990405291055587,0.10656169365007431,0.6368002451460011,0.11606473751940154,0.527190332326284,0.6464260022058773,0.1900209910985745,1.0,0.6152234079471639,0.6190842942910157,0.6165798323353839,,,,0.005182571521469003,0.002359929584440037,0.029522095381882097,0.0042122761013781455,0.03564593734038496,0.03509500893115742,0.00420754244481653,0.0,0.010814574545207114,0.010633806817563169,0.009334765161081688,,,,5,0.5880203532777142,100,0.06446182241666773,2.2520950870006344,0.6671557599998778,42,"[{""var_smoothing"": 0.0999999999999999},{""var_smoothing"": 0.0999999999999999},{""var_smoothing"": 0.0999999999999999},{""var_smoothing"": 0.0999999999999999},{""var_smoothing"": 0.0999999999999999}]"
clasificacion,naive_bayes,smote,bayesiana,0.5987386498446469,0.10643045245637381,0.6355645138503151,0.11585223858812413,0.5282477341389729,0.644988891790194,0.18981237802447748,1.0,0.6123668709940425,0.616242635452019,0.6141620651971132,,,,0.005230631273882161,0.0023779783227045256,0.02923834973364492,0.004240223289137767,0.03477347368440469,0.034703835191173725,0.0042966695648193765,0.0,0.010953462289818635,0.010692099005663444,0.008888129087286862,,,,5,0.5877308997746125,100,0.06413002388888951,2.173011649999462,0.5684914800003753,42,"[{""var_smoothing"": 0.09436054908842889},{""var_smoothing"": 0.09436054908842889},{""var_smoothing"": 0.09436054908842889},{""var_smoothing"": 0.09436054908842889},{""var_smoothing"": 0.09436054908842889}]"
clasificacion,naive_bayes,adasyn,aleatoria,0.5967089735760936,0.10559295330982565,0.6314914857201916,0.11452042468330789,0.528147029204431,0.6405670240264583,0.18805426026523064,1.0,0.6044387895347492,0.6082580392443223,0.606743915309335,,,,0.006970235205532143,0.0027748275878102086,0.02709150789930216,0.004410054481108136,0.03312440417648608,0.03201861570653346,0.005488126172244446,0.0,0.016534126939229666,0.01625533124634536,0.01563718798723162,,,,5,0.585273682989907,100,0.06213043752777796,2.1841015059996427,0.5138397600007011,42,"[{""var_smoothing"": 0.053931918307009316},{""var_smoothing"": 0.053931918307009316},{""var_smoothing"": 0.053931918307009316},{""var_smoothing"": 0.053931918307009316},{""var_smoothing"": 0.053931918307009316}]"
clasificacion,naive_bayes,smote,aleatoria,0.596359256366488,0.10535518114311304,0.625841257592495,0.11403998106069975,0.5356495468277946,0.6337617372280763,0.1878756578842649,1.0,0.5919493752154056,0.595371696432095,0.5944010497140821,,,,0.0053477600032697204,0.002259526140276567,0.02735512178710545,0.0038186055388462494,0.032789857625800875,0.03244723784980539,0.004220637849800032,0.0,0.013268099693863796,0.013011616204106752,0.013854239136239349,,,,5,0.5858801859061294,100,0.06221410869444096,2.1891511780001744,0.5220407599990722,42,"[{""var_smoothing"": 0.053931918307009316},{""var_smoothing"": 0.053931918307009316},{""var_smoothing"": 0.053931918307009316},{""var_smoothing"": 0.053931918307009316},{""var_smoothing"": 0.053931918307009316}]"
regresion,xgboost,ninguno,bayesiana,0.769517055747434,0.25394460345639164,,,,,,,0.06734870067163899,,,0.2595770531686032,0.13664635843143866,0.09205521968828109,0.0031737562122517173,0.0019973635764458913,,,,,,,0.0001437834250812191,,,0.000270213889818631,0.0004829093710472139,0.0018890309652032763,5,0.7675435846675909,100,2.36122778522223,81.57884393999964,1.3306868799991207,42,"[{""learning_rate"": 0.012800725986907256, ""max_depth"": 7, ""min_child_weight"": 1.5511303472547333, ""subsample"": 0.6355638643672092, ""colsample_bytree"": 0.652001208963541, ""reg_lambda"": 67.47435703712043, ""reg_alpha"": 3.009601246760445},{""learning_rate"": 0.011062829790010631, ""max_depth"": 6, ""min_child_weight"": 3.9163370968971836, ""subsample"": 0.579131965612423, ""colsample_bytree"": 0.37169476418838504, ""reg_lambda"": 3.8410091586115938, ""reg_alpha"": 2.3680739299249334},{""learning_rate"": 0.011794296130668612, ""max_depth"": 6, ""min_child_weight"": 11.114412285490097, ""subsample"": 0.5629916556297949, ""colsample_bytree"": 0.6248193681021285, ""reg_lambda"": 71.1517366642359, ""reg_alpha"": 2.5277086001826907},{""learning_rate"": 0.011043711465899685, ""max_depth"": 5, ""min_child_weight"": 1.8053673807405934, ""subsample"": 0.6231112337968627, ""colsample_bytree"": 0.6111749762120748, ""reg_lambda"": 67.23866895392536, ""reg_alpha"": 2.0636818674936332},{""learning_rate"": 0.010398579970764554, ""max_depth"": 7, ""min_child_weight"": 7.121930480786499, ""subsample"": 0.8407215382466687, ""colsample_bytree"": 0.5181072376578446, ""reg_lambda"": 28.08045571461077, ""reg_alpha"": 0.3574108855031719}]"
regresion,xgboost,ninguno,aleatoria,0.7691805415324413,0.2526311591017526,,,,,,,0.0673938669770858,,,0.25968193624702063,0.13703110611979924,0.09132072260043485,0.0027331533748464107,0.002592366835167649,,,,,,,0.00018165864005885738,,,0.0003624923925505811,0.001234269485375006,0.0025370703818908876,5,0.7662890829737239,100,1.7054410023333306,58.52486482700012,1.1910121999972034,42,"[{""learning_rate"": 0.014938569990761468, ""max_depth"": 10, ""min_child_weight"": 65.63891315430028, ""subsample"": 0.8498535669053748, ""colsample_bytree"": 0.4126959691676157, ""reg_lambda"": 70.12645524834282, ""reg_alpha"": 1.3031776284459848},{""learning_rate"": 0.01904899955529972, ""max_depth"": 4, ""min_child_weight"": 8.941489120323661, ""subsample"": 0.6134546745254421, ""colsample_bytree"": 0.7358511957460083, ""reg_lambda"": 0.1533767723833326, ""reg_alpha"": 2.141473893047778},{""learning_rate"": 0.01904899955529972, ""max_depth"": 4, ""min_child_weight"": 8.941489120323661, ""subsample"": 0.6134546745254421, ""colsample_bytree"": 0.7358511957460083, ""reg_lambda"": 0.1533767723833326, ""reg_alpha"": 2.141473893047778},{""learning_rate"": 0.014938569990761468, ""max_depth"": 10, ""min_child_weight"": 65.63891315430028, ""subsample"": 0.8498535669053748, ""colsample_bytree"": 0.4126959691676157, ""reg_lambda"": 70.12645524834282, ""reg_alpha"": 1.3031776284459848},{""learning_rate"": 0.01904899955529972, ""max_depth"": 4, ""min_child_weight"": 8.941489120323661, ""subsample"": 0.6134546745254421, ""colsample_bytree"": 0.7358511957460083, ""reg_lambda"": 0.1533767723833326, ""reg_alpha"": 2.141473893047778}]"
regresion,xgboost,ninguno,rejilla,0.7686110279009167,0.25372784797693865,,,,,,,0.0673391177157459,,,0.2595285705128783,0.1360957679774248,0.09239411577990453,0.0030562248404225334,0.0018705781039003578,,,,,,,0.00016298113332196637,,,0.0003073193606353203,0.00029959570479183193,0.0021505668804288644,5,0.765607598339739,80,1.8806545123333287,80.15560765625087,1.44512023999996,42,"[{""learning_rate"": 0.010000000000000004, ""max_depth"": 10, ""min_child_weight"": 100.00000000000004, ""subsample"": 0.5, ""colsample_bytree"": 0.6000000000000001, ""reg_lambda"": 0.31622776601683805, ""reg_alpha"": 0.10000000000000006},{""learning_rate"": 0.010000000000000004, ""max_depth"": 10, ""min_child_weight"": 100.00000000000004, ""subsample"": 0.5, ""colsample_bytree"": 0.6000000000000001, ""reg_lambda"": 0.31622776601683805, ""reg_alpha"": 0.10000000000000006},{""learning_rate"": 0.010000000000000004, ""max_depth"": 10, ""min_child_weight"": 100.00000000000004, ""subsample"": 0.5, ""colsample_bytree"": 0.6000000000000001, ""reg_lambda"": 0.31622776601683805, ""reg_alpha"": 0.10000000000000006},{""learning_rate"": 0.010000000000000004, ""max_depth"": 10, ""min_child_weight"": 100.00000000000004, ""subsample"": 0.5, ""colsample_bytree"": 0.6000000000000001, ""reg_lambda"": 0.31622776601683805, ""reg_alpha"": 0.10000000000000006},{""learning_rate"": 0.010000000000000004, ""max_depth"": 10, ""min_child_weight"": 100.00000000000004, ""subsample"": 0.5, ""colsample_bytree"": 0.6000000000000001, ""reg_lambda"": 0.31622776601683805, ""reg_alpha"": 0.10000000000000006}]"
regresion,xgboost,ninguno,genetica,0.767963571675591,0.25136866466104035,,,,,,,0.06745730993569993,,,0.25978740245180426,0.13704566546833846,0.0905831661135934,0.0030505972088457406,0.001972942107596728,,,,,,,0.0001312394533176161,,,0.00026020042451799143,0.0003895836107911913,0.0018219955381906545,5,0.7655741232958114,100,2.0974636325277727,73.0346588579999,1.158148480003001,42,"[{""learning_rate"": 0.01300981542281645, ""max_depth"": 6, ""min_child_weight"": 74.49489845319131, ""subsample"": 0.9837548662171051, ""colsample_bytree"": 0.4606602865105216, ""reg_lambda"": 0.2880495187343095, ""reg_alpha"": 0.07554804756926677},{""learning_rate"": 0.01300981542281645, ""max_depth"": 6, ""min_child_weight"": 74.49489845319131, ""subsample"": 0.9837548662171051, ""colsample_bytree"": 0.4606602865105216, ""reg_lambda"": 0.2880495187343095, ""reg_alpha"": 0.07554804756926677},{""learning_rate"": 0.017945702327634976, ""max_depth"": 7, ""min_child_weight"": 86.5857825344593, ""subsample"": 0.8172306802133182, ""colsample_bytree"": 0.42720224762695036, ""reg_lambda"": 0.505901655247724, ""reg_alpha"": 0.07554804756926677},{""learning_rate"": 0.01690068425265491, ""max_depth"": 7, ""min_child_weight"": 30.86912446280765, ""subsample"": 0.8172306802133182, ""colsample_bytree"": 0.3415261884251584, ""reg_lambda"": 0.505901655247724, ""reg_alpha"": 0.07554804756926677},{""learning_rate"": 0.012252224996942639, ""max_depth"": 6, ""min_child_weight"": 74.49489845319124, ""subsample"": 0.9837548662171051, ""colsample_bytree"": 0.4606602865105216, ""reg_lambda"": 0.2880495187343093, ""reg_alpha"": 0.07554804756926677}]"
regresion,lasso,ninguno,aleatoria,0.7553762034329484,0.23016496288267568,,,,,,,0.06882699557398801,,,0.2628359381599913,0.14480393958640553,0.06911458978500344,0.0025803792324962114,0.003734979076269644,,,,,,,0.00012112145620136738,,,0.0002297639136296266,0.00034258585116892794,0.0016254769737577203,5,0.7543490899830805,100,0.06624973138889295,2.2954448429997134,0.02917602000234183,42,"[{""alpha"": 0.0001786198373141631},{""alpha"": 0.0001786198373141631},{""alpha"": 0.0001786198373141631},{""alpha"": 0.0001786198373141631},{""alpha"": 0.0001786198373141631}]"
regresion,lasso,ninguno,rejilla,0.7553409062971164,0.23009561122716268,,,,,,,0.06883976791786825,,,0.2628379943382139,0.14468681988469634,0.06910009643695543,0.002478924690470713,0.0035987464589449015,,,,,,,0.00011408868492952844,,,0.00021484305181266358,0.00035023886794406184,0.0015198048677303976,5,0.7543749741183324,100,0.06799090272221898,2.3444343339990885,0.1699029999988852,42,"[{""alpha"": 0.0002335721469090123},{""alpha"": 0.0002335721469090123},{""alpha"": 0.0002335721469090123},{""alpha"": 0.0002335721469090123},{""alpha"": 0.0002335721469090123}]"
regresion,lasso,ninguno,bayesiana,0.7553200039392188,0.2300571286129557,,,,,,,0.06883768818125617,,,0.2628419531513194,0.14472487538974213,0.069072074559653,0.0024630849133617087,0.003588237771054832,,,,,,,0.0001092155864955405,,,0.00021034810208469818,0.000316377347064343,0.0014882009822812007,5,0.7543764685731875,100,0.0691589624166631,2.323332343999646,0.05570861999876797,42,"[{""alpha"": 0.0002042469853149196},{""alpha"": 0.00027136587239537553},{""alpha"": 0.00020416456211714575},{""alpha"": 0.0002042469853149196},{""alpha"": 0.0002042469853149196}]"
regresion,lasso,ninguno,genetica,0.7552942772653519,0.23002870497325384,,,,,,,0.06884002916238648,,,0.26285129517481454,0.14474423262027086,0.06900587031884471,0.002496563215117915,0.003553269651510275,,,,,,,0.00011133842229731819,,,0.0002164776970133144,0.0003775678452623812,0.0015318783090595915,5,0.7543678433135572,100,0.06587653413889105,2.2840858280008254,0.02427596000197809,42,"[{""alpha"": 0.00015955219310995254},{""alpha"": 0.0002884456630191365},{""alpha"": 0.00015955219310995254},{""alpha"": 0.00017845872975582117},{""alpha"": 0.0002884456630191365}]"
regresion,ridge,ninguno,bayesiana,0.7548864120860349,0.22915879353853108,,,,,,,0.06884880953747614,,,0.2629165453226716,0.14505692532028427,0.06854342292369046,0.002606454273891413,0.0038348418528720844,,,,,,,0.0001269743329258321,,,0.0002505693280278302,0.00033440227879406615,0.001773122841385486,5,0.7536756602928893,100,0.10142995658333044,3.517834231999732,0.08153074000147172,42,"[{""alpha"": 3950.082233857928},{""alpha"": 4185.893092429459},{""alpha"": 4185.893092429459},{""alpha"": 4185.893092429459},{""alpha"": 4185.893092429459}]"
regresion,ridge,ninguno,rejilla,0.7548267752097251,0.22893114787887336,,,,,,,0.06886790353559694,,,0.2629280085641551,0.14493200334405168,0.06846224545191301,0.002545740593883052,0.0036613187897005252,,,,,,,0.00011744659163774375,,,0.00024148919984274362,0.0003693692688798756,0.0017091082969833255,5,0.7537000422701509,100,0.18584265363888536,6.613657489000907,0.1646478400012711,42,"[{""alpha"": 3359.8182862837853},{""alpha"": 7847.599703514601},{""alpha"": 7847.599703514601},{""alpha"": 7847.599703514601},{""alpha"": 7847.599703514601}]"
regresion,ridge,ninguno,aleatoria,0.7548143726209318,0.22893544557135231,,,,,,,0.06886472975536549,,,0.2629297286791365,0.1449639699505068,0.06845009642669087,0.0025296898154693287,0.0035935347273036385,,,,,,,0.00011133886759445077,,,0.00023371932881131215,0.00032016879952589337,0.0016542936163547065,5,0.7536994111436935,100,0.1692276397499922,6.0185607570000865,0.1792105200031074,42,"[{""alpha"": 3180.1685396825515},{""alpha"": 10237.300214025769},{""alpha"": 6214.671881262427},{""alpha"": 6214.671881262427},{""alpha"": 5745.545826004829}]"
regresion,ridge,ninguno,genetica,0.7548024851311724,0.22888564219014923,,,,,,,0.06887105603280799,,,0.2629324713414755,0.144920001874916,0.06843065608662191,0.002519794760250998,0.0036110716541053627,,,,,,,0.00011149210293691353,,,0.00023490548817747543,0.00035506284292428675,0.0016626816706916592,5,0.7536999575219585,100,0.06940368274999249,2.447466253000748,0.032820479999645616,42,"[{""alpha"": 3035.256655344021},{""alpha"": 10237.300214025769},{""alpha"": 7809.878176431089},{""alpha"": 7809.878176431089},{""alpha"": 7809.878176431089}]"
regresion,random_forest,ninguno,bayesiana,0.7475544315193684,0.2250253973769399,,,,,,,0.06914797063307623,,,0.2629599651860196,0.1404603318756969,0.06823604855700656,0.0034533386826560235,0.0023884086072842744,,,,,,,9.721075193877927e-05,,,0.0001848730767236227,0.00036871821133218995,0.00131045639104023,5,0.7462185460545598,100,2.9371495092777735,101.05686259399968,0.9753648400015663,42,"[{""n_estimators"": 172, ""max_depth"": 16, ""min_samples_leaf"": 41, ""max_features"": 0.12999173795857155, ""max_samples"": 0.6808731477904317},{""n_estimators"": 117, ""max_depth"": 15, ""min_samples_leaf"": 35, ""max_features"": 0.11444802006058827, ""max_samples"": 0.5491740467019959},{""n_estimators"": 196, ""max_depth"": 16, ""min_samples_leaf"": 60, ""max_features"": 0.1169586064365678, ""max_samples"": 0.5822274218015773},{""n_estimators"": 132, ""max_depth"": 16, ""min_samples_leaf"": 31, ""max_features"": 0.11237492971222082, ""max_samples"": 0.6916180345889867},{""n_estimators"": 187, ""max_depth"": 16, ""min_samples_leaf"": 81, ""max_features"": 0.16964855606055224, ""max_samples"": 0.6802251680301226}]"
regresion,random_forest,ninguno,aleatoria,0.7475174035830856,0.22416983551826136,,,,,,,0.06931765936010656,,,0.2632823956869689,0.14090610810125018,0.06594950712301488,0.00398418614988211,0.003280665839706671,,,,,,,0.00011695622936005457,,,0.0002221526415531729,0.00016573101594685282,0.001574954024184265,5,0.7453673899779211,100,2.3982354035277886,82.01007197100029,1.1517861999978778,42,"[{""n_estimators"": 249, ""max_depth"": 16, ""min_samples_leaf"": 72, ""max_features"": 0.12372871768976328, ""max_samples"": 0.48782232451032315},{""n_estimators"": 249, ""max_depth"": 16, ""min_samples_leaf"": 72, ""max_features"": 0.12372871768976328, ""max_samples"": 0.48782232451032315},{""n_estimators"": 249, ""max_depth"": 16, ""min_samples_leaf"": 72, ""max_features"": 0.12372871768976328, ""max_samples"": 0.48782232451032315},{""n_estimators"": 249, ""max_depth"": 16, ""min_samples_leaf"": 72, ""max_features"": 0.12372871768976328, ""max_samples"": 0.48782232451032315},{""n_estimators"": 249, ""max_depth"": 16, ""min_samples_leaf"": 72, ""max_features"": 0.12372871768976328, ""max_samples"": 0.48782232451032315}]"
regresion,random_forest,ninguno,rejilla,0.7462884927498624,0.22567200734716814,,,,,,,0.06883345818965958,,,0.262361212285254,0.1394396198759555,0.07247408107167677,0.0039305499756174716,0.00257802075932088,,,,,,,0.00013435021109976585,,,0.00025611977530879196,0.0002627686313167741,0.0018108464557259555,5,0.7440345747639138,80,2.4183958062499933,97.87087614625052,1.1126025800011121,42,"[{""n_estimators"": 300, ""max_depth"": 16, ""min_samples_leaf"": 20, ""max_features"": 0.3, ""max_samples"": 0.5},{""n_estimators"": 300, ""max_depth"": 16, ""min_samples_leaf"": 20, ""max_features"": 0.3, ""max_samples"": 0.5},{""n_estimators"": 300, ""max_depth"": 16, ""min_samples_leaf"": 20, ""max_features"": 0.3, ""max_samples"": 0.5},{""n_estimators"": 300, ""max_depth"": 16, ""min_samples_leaf"": 20, ""max_features"": 0.3, ""max_samples"": 0.5},{""n_estimators"": 300, ""max_depth"": 16, ""min_samples_leaf"": 20, ""max_features"": 0.3, ""max_samples"": 0.5}]"
regresion,random_forest,ninguno,genetica,0.7447001045667163,0.22435190422367138,,,,,,,0.06911352717845554,,,0.2628944136212822,0.14033432730317802,0.06870017395031322,0.004688021325484397,0.003031126020679875,,,,,,,0.00013716796099857385,,,0.0002609242651661711,0.0002337041665568759,0.0018472714514942874,5,0.7441019743096973,100,3.4956366983333527,122.4347265020007,1.1184090400056448,42,"[{""n_estimators"": 264, ""max_depth"": 11, ""min_samples_leaf"": 20, ""max_features"": 0.17999104399338145, ""max_samples"": 0.5766674597046076},{""n_estimators"": 298, ""max_depth"": 11, ""min_samples_leaf"": 20, ""max_features"": 0.1975002754880372, ""max_samples"": 0.5766674597046076},{""n_estimators"": 182, ""max_depth"": 12, ""min_samples_leaf"": 26, ""max_features"": 0.2517367281579229, ""max_samples"": 0.5526657596488259},{""n_estimators"": 263, ""max_depth"": 11, ""min_samples_leaf"": 20, ""max_features"": 0.1807449181496407, ""max_samples"": 0.6363605059345714},{""n_estimators"": 266, ""max_depth"": 11, ""min_samples_leaf"": 20, ""max_features"": 0.18202750678287205, ""max_samples"": 0.5766674597046076}]"
regresion,arbol,ninguno,genetica,0.6964776781941473,0.17079895938964934,,,,,,,0.07113503924208157,,,0.26671133626113175,0.1410045916667458,0.04146044049993101,0.0059706724130321135,0.0031898913299438433,,,,,,,0.0001907940646461915,,,0.00035768680974569,0.00025082111264157063,0.002571639475267854,5,0.6943459686869928,100,0.6501931097777803,21.811685162999346,0.05109269999957178,42,"[{""max_depth"": 12, ""min_samples_leaf"": 782, ""max_features"": 1.0},{""max_depth"": 14, ""min_samples_leaf"": 782, ""max_features"": 1.0},{""max_depth"": 9, ""min_samples_leaf"": 782, ""max_features"": 1.0},{""max_depth"": 10, ""min_samples_leaf"": 782, ""max_features"": 1.0},{""max_depth"": 9, ""min_samples_leaf"": 1018, ""max_features"": 1.0}]"
regresion,arbol,ninguno,rejilla,0.6962615159002266,0.16599824696971227,,,,,,,0.071169360659694,,,0.26677573026257045,0.14177101314609186,0.04099795974847824,0.0058994732694675565,0.002835722004798073,,,,,,,0.00015829033640459334,,,0.00029665334620049516,0.0002711738921444111,0.0021349882222994037,5,0.6901322916671957,90,0.33683239505555523,12.01176461333202,0.17844916000030936,42,"[{""max_depth"": 12, ""min_samples_leaf"": 2000, ""max_features"": 1.0},{""max_depth"": 12, ""min_samples_leaf"": 2000, ""max_features"": 1.0},{""max_depth"": 12, ""min_samples_leaf"": 2000, ""max_features"": 1.0},{""max_depth"": 12, ""min_samples_leaf"": 2000, ""max_features"": 1.0},{""max_depth"": 12, ""min_samples_leaf"": 2000, ""max_features"": 1.0}]"
regresion,arbol,ninguno,bayesiana,0.6943578953575542,0.16902860580015347,,,,,,,0.07128168993457303,,,0.2669856633906398,0.14101566499809873,0.03948432136626958,0.008071833226743824,0.003542743153192665,,,,,,,0.00035112184896359536,,,0.0006571514598990954,0.0004995010642349717,0.004734677388304161,5,0.6925796915627817,100,0.41119744758333077,13.068532535000122,0.06450269999622833,42,"[{""max_depth"": 19, ""min_samples_leaf"": 1291, ""max_features"": 1.0},{""max_depth"": 20, ""min_samples_leaf"": 871, ""max_features"": 1.0},{""max_depth"": 15, ""min_samples_leaf"": 355, ""max_features"": 1.0},{""max_depth"": 8, ""min_samples_leaf"": 653, ""max_features"": 1.0},{""max_depth"": 13, ""min_samples_leaf"": 1003, ""max_features"": 1.0}]"
regresion,arbol,ninguno,aleatoria,0.6922317380274826,0.1643715595899034,,,,,,,0.07129260170685163,,,0.26700636783322346,0.14181983503267784,0.03933731749474963,0.007575013734382567,0.0048067732343134925,,,,,,,0.00026789459524916503,,,0.000501551793184929,0.00035372160397018483,0.0036037213798752418,5,0.6913136696895315,100,0.4080485878333396,13.470729338999954,0.08003354000102263,42,"[{""max_depth"": 9, ""min_samples_leaf"": 1712, ""max_features"": 1.0},{""max_depth"": 9, ""min_samples_leaf"": 1712, ""max_features"": 1.0},{""max_depth"": 9, ""min_samples_leaf"": 1712, ""max_features"": 1.0},{""max_depth"": 14, ""min_samples_leaf"": 782, ""max_features"": 0.3},{""max_depth"": 9, ""min_samples_leaf"": 1712, ""max_features"": 1.0}]"
regresion,knn,ninguno,rejilla,0.6887032381114522,0.17518509252498413,,,,,,,0.07136413525813462,,,0.2671406491010918,0.1415941529734893,0.03837338900509348,0.0013475914346215397,0.001955057900129632,,,,,,,5.621694786821289e-05,,,0.00010521396032655821,0.0001781666300785627,0.0007584659182071444,5,0.6871952227264791,90,1.3842671962500133,55.02298244444428,19.093928980001145,42,"[{""n_vecinos"": 300, ""ponderacion"": ""distance"", ""n_componentes"": 45},{""n_vecinos"": 300, ""ponderacion"": ""distance"", ""n_componentes"": 45},{""n_vecinos"": 300, ""ponderacion"": ""distance"", ""n_componentes"": 45},{""n_vecinos"": 300, ""ponderacion"": ""distance"", ""n_componentes"": 45},{""n_vecinos"": 300, ""ponderacion"": ""distance"", ""n_componentes"": 45}]"
regresion,knn,ninguno,genetica,0.6878660635393994,0.17252099267486304,,,,,,,0.07139505562671289,,,0.26719852353596635,0.14157614224758314,0.03795673932686157,0.0014659989807220982,0.001557675270362093,,,,,,,4.073032447769413e-05,,,7.621443857094924e-05,0.00017364211160644097,0.00054998577643786,5,0.6870465806571355,100,2.0159321651110975,72.24793770899963,22.900461059997177,42,"[{""n_vecinos"": 300, ""ponderacion"": ""uniform"", ""n_componentes"": 49},{""n_vecinos"": 300, ""ponderacion"": ""uniform"", ""n_componentes"": 49},{""n_vecinos"": 300, ""ponderacion"": ""uniform"", ""n_componentes"": 49},{""n_vecinos"": 300, ""ponderacion"": ""uniform"", ""n_componentes"": 49},{""n_vecinos"": 300, ""ponderacion"": ""uniform"", ""n_componentes"": 48}]"
regresion,knn,ninguno,bayesiana,0.6857930149875703,0.17215260609335006,,,,,,,0.07142188248199681,,,0.26724870242136456,0.14123428234533142,0.03759525006209894,0.00168664876155416,0.0032717092565782945,,,,,,,6.953511203413878e-05,,,0.00013007735078464098,0.0003461681564406001,0.00093677217125928,5,0.6852101555149746,100,1.8941635251666558,67.72277684400045,23.253463059995557,42,"[{""n_vecinos"": 262, ""ponderacion"": ""uniform"", ""n_componentes"": 62},{""n_vecinos"": 246, ""ponderacion"": ""distance"", ""n_componentes"": 51},{""n_vecinos"": 247, ""ponderacion"": ""uniform"", ""n_componentes"": 43},{""n_vecinos"": 236, ""ponderacion"": ""uniform"", ""n_componentes"": 53},{""n_vecinos"": 294, ""ponderacion"": ""distance"", ""n_componentes"": 52}]"
regresion,knn,ninguno,aleatoria,0.680137563539708,0.16990376648709887,,,,,,,0.07151377319586827,,,0.2674205871042596,0.14042582512502905,0.03635702990385039,0.001407274334771397,0.0011194531628950248,,,,,,,3.1573436696871004e-05,,,5.904110192734116e-05,0.0002024559898715833,0.0004231998229264958,5,0.6781703058505165,100,1.6744889911388752,59.99629049600126,23.080661879995386,42,"[{""n_vecinos"": 148, ""ponderacion"": ""distance"", ""n_componentes"": 63},{""n_vecinos"": 148, ""ponderacion"": ""distance"", ""n_componentes"": 63},{""n_vecinos"": 148, ""ponderacion"": ""distance"", ""n_componentes"": 63},{""n_vecinos"": 148, ""ponderacion"": ""distance"", ""n_componentes"": 63},{""n_vecinos"": 148, ""ponderacion"": ""distance"", ""n_componentes"": 63}]"
regresion,svr,ninguno,rejilla,0.6592393979591662,0.1380810707522892,,,,,,,0.12229132354625456,,,0.3497017637117885,0.33229122768744995,-0.6478668244560979,0.00341937147764686,0.0016151431646720341,,,,,,,1.3809865936932257e-06,,,1.9745173709049023e-06,2.665264164662986e-06,2.5183648212688288e-05,5,0.6486556875035088,60,7.5184327089444425,450.4792577500002,1.4353011999966838,42,"[{""C"": 0.00010000000000000009, ""epsilon"": 0.3, ""nucleo"": ""rbf_nystroem"", ""gamma"": 0.010000000000000004},{""C"": 0.00010000000000000009, ""epsilon"": 0.3, ""nucleo"": ""rbf_nystroem"", ""gamma"": 0.010000000000000004},{""C"": 0.00010000000000000009, ""epsilon"": 0.3, ""nucleo"": ""rbf_nystroem"", ""gamma"": 0.010000000000000004},{""C"": 0.00010000000000000009, ""epsilon"": 0.3, ""nucleo"": ""rbf_nystroem"", ""gamma"": 0.010000000000000004},{""C"": 0.00010000000000000009, ""epsilon"": 0.3, ""nucleo"": ""rbf_nystroem"", ""gamma"": 0.010000000000000004}]"
regresion,svr,ninguno,genetica,0.6521099736259043,0.13780731618411077,,,,,,,0.0801246672190761,,,0.2830611508588669,0.21282776946675813,-0.07967413915034785,0.005641995485004153,0.003184480588862341,,,,,,,0.0006497010422022724,,,0.0011467854691967088,0.003511258942611434,0.008752841634711874,5,0.6567114426090594,100,2.765550829055554,99.1981417350005,1.441848499997286,42,"[{""C"": 0.00012653015645566315, ""epsilon"": 0.1544786926135221, ""nucleo"": ""rbf_nystroem"", ""gamma"": 0.006129589915443121},{""C"": 0.00011945989194074073, ""epsilon"": 0.16212327634971452, ""nucleo"": ""rbf_nystroem"", ""gamma"": 0.006129589915443121},{""C"": 0.00012653015645566315, ""epsilon"": 0.1544786926135221, ""nucleo"": ""rbf_nystroem"", ""gamma"": 0.006129589915443121},{""C"": 0.0001282754192768117, ""epsilon"": 0.16212327634971452, ""nucleo"": ""rbf_nystroem"", ""gamma"": 0.0038929627665823473},{""C"": 0.00012653015645566315, ""epsilon"": 0.1544786926135221, ""nucleo"": ""rbf_nystroem"", ""gamma"": 0.006129589915443121}]"
regresion,svr,ninguno,aleatoria,0.6461712090779237,0.1332654356950854,,,,,,,0.08963201931974442,,,0.29938607067308043,0.252553118460496,-0.20778503943280963,0.005345777421783957,0.0020792684751885287,,,,,,,1.7299280510164506e-06,,,2.8891409347685664e-06,5.171698089118015e-06,1.849975091232627e-05,5,0.6505827916461967,100,10.397085133138882,373.9077167080009,1.3940594999992755,42,"[{""C"": 0.0005908094868664636, ""epsilon"": 0.20491468597273638, ""nucleo"": ""rbf_nystroem"", ""gamma"": 0.008610323423725237},{""C"": 0.0005908094868664636, ""epsilon"": 0.20491468597273638, ""nucleo"": ""rbf_nystroem"", ""gamma"": 0.008610323423725237},{""C"": 0.0005908094868664636, ""epsilon"": 0.20491468597273638, ""nucleo"": ""rbf_nystroem"", ""gamma"": 0.008610323423725237},{""C"": 0.0005908094868664636, ""epsilon"": 0.20491468597273638, ""nucleo"": ""rbf_nystroem"", ""gamma"": 0.008610323423725237},{""C"": 0.0005908094868664636, ""epsilon"": 0.20491468597273638, ""nucleo"": ""rbf_nystroem"", ""gamma"": 0.008610323423725237}]"
regresion,svr,ninguno,bayesiana,0.6285971748888974,0.1226878820853066,,,,,,,0.08791562091558411,,,0.2960741479269951,0.1609155355721435,-0.1846562400873834,0.018957130734465914,0.011695181221625864,,,,,,,0.010797522722037463,,,0.01787875292378911,0.10886030509912632,0.14549043137735354,5,0.6432677622204758,100,5.594674295472216,200.19070859599967,1.2123188600009598,42,"[{""C"": 0.003243947849958616, ""epsilon"": 0.0017202045855395191, ""nucleo"": ""rbf_nystroem"", ""gamma"": 0.00018379190935018886},{""C"": 0.0002568400092920403, ""epsilon"": 0.2201232337285669, ""nucleo"": ""rbf_nystroem"", ""gamma"": 0.008717941746928599},{""C"": 0.10923737274798294, ""epsilon"": 0.0009910218978167462, ""nucleo"": ""rbf_nystroem"", ""gamma"": 0.0009411059608145755},{""C"": 0.00019616406840476192, ""epsilon"": 0.25431691356918573, ""nucleo"": ""rbf_nystroem"", ""gamma"": 0.00672924487135306},{""C"": 0.10923737274798294, ""epsilon"": 0.0009910218978167462, ""nucleo"": ""rbf_nystroem"", ""gamma"": 0.0009411059608145755}]"
